word,lemma,phoneticUs,phoneticUk,pos,definitions,exchange,tags,frequencyRank,cefrLevel,difficulty,source
environmental,environmental,in.vaiәrәn'mentәl,,"[""a.""]","[{""pos"":""a."",""zh"":""周围的, 环境的"",""en"":""a. of or relating to the external conditions or surroundings""},{""pos"":"""",""zh"":""[经] 环境的, 环保的"",""en"":""a. concerned with the ecological effects of altering the environment""}]",{},"[""cet6""]",819,B2,HARD,ecdict
attorney,attorney,ә'tә:ni,,"[""n.""]","[{""pos"":""n."",""zh"":""代理人, 律师"",""en"":""n a professional person authorized to practice law; conducts lawsuits or gives legal advice""},{""pos"":"""",""zh"":""[经] 律师, 代理人"",""en"":""""}]","{""plural"":""attorneys""}","[""cet6""]",1069,B2,HARD,ecdict
participant,participant,pɑ:'tisipәnt,,"[""n."",""a.""]","[{""pos"":""n."",""zh"":""参加者, 参与者"",""en"":""n. someone who takes part in an activity""},{""pos"":""a."",""zh"":""有份的, 参加的, 参与的"",""en"":""""}]","{""plural"":""participants""}","[""cet6""]",1103,B2,HARD,ecdict
client,client,'klaiәnt,,"[""n.""]","[{""pos"":""n."",""zh"":""客户, 顾客, 委托人"",""en"":""n. a person who seeks the advice of a lawyer""},{""pos"":"""",""zh"":""[计] 客户, 客户机, 客户机程序"",""en"":""""}]","{""plural"":""clients""}","[""cet6""]",1157,B2,HARD,ecdict
context,context,'kɒntekst,,"[""n.""]","[{""pos"":""n."",""zh"":""上下文, 背景, 来龙去脉"",""en"":""n. discourse that surrounds a language unit and helps to determine its interpretation""},{""pos"":""n."",""zh"":""上下文"",""en"":""n. the set of facts or circumstances that surround a situation or event""},{""pos"":"""",""zh"":""[计] 上下文"",""en"":""""}]","{""plural"":""contexts""}","[""cet6""]",1427,B2,HARD,ecdict
category,category,'kætigәri,,"[""n.""]","[{""pos"":""n."",""zh"":""种类, 类项"",""en"":""n. a general concept that marks divisions or coordinations in a conceptual scheme""},{""pos"":"""",""zh"":""[计] 分类"",""en"":""""}]","{""plural"":""categories""}","[""cet6""]",1461,B2,HARD,ecdict
grab,grab,græb,,"[""n."",""vi."",""vt.""]","[{""pos"":""n."",""zh"":""抓握, 掠夺, 强占, 东方沿岸帆船"",""en"":""n. a mechanical device for gripping an object""},{""pos"":""vi."",""zh"":""抓取, 抢去"",""en"":""v. make a grasping or snatching motion with the hand""},{""pos"":""vt."",""zh"":""攫取, 捕获, 霸占"",""en"":""v. obtain illegally or unscrupulously""}]","{""past"":""grabbed"",""presentParticiple"":""grabbing"",""pastParticiple"":""grabbed"",""thirdPerson"":""grabs"",""plural"":""grabs""}","[""cet6""]",1477,B2,HARD,ecdict
studio,studio,'stju:diәu,,"[""n.""]","[{""pos"":""n."",""zh"":""工作室, 画室, 演播室, 电影制片厂"",""en"":""n. workplace for the teaching or practice of an art""}]","{""plural"":""studios""}","[""cet6""]",1515,B2,HARD,ecdict
assessment,assessment,ә'sesmәnt,,"[""n.""]","[{""pos"":""n."",""zh"":""评估, 估定, 评定的款额"",""en"":""n. an amount determined as payable""},{""pos"":"""",""zh"":""[化] 评估"",""en"":""n. the market value set on assets""}]","{""plural"":""assessments""}","[""cet6""]",1552,B2,HARD,ecdict
corporate,corporate,'kɒ:pәrit,,"[""a.""]","[{""pos"":""a."",""zh"":""社团的, 合伙的, 公司的"",""en"":""a. of or belonging to a corporation""},{""pos"":"""",""zh"":""[经] 团体的, 法人的, 社团的"",""en"":""s. done by or characteristic of individuals acting together""}]","{""plural"":""corporates""}","[""cet6""]",1579,B2,HARD,ecdict
analyst,analyst,'ænәlist,,"[""n.""]","[{""pos"":""n."",""zh"":""分析者, 精神分析学家"",""en"":""n. someone who is skilled at analyzing data""},{""pos"":"""",""zh"":""[化] 分析员; 化验员"",""en"":""n. an expert who studies financial data (on credit or securities or sales or financial patterns etc.) and recommends appropriate business actions""}]","{""plural"":""analysts""}","[""cet6""]",1672,B2,HARD,ecdict
currently,currently,'kʌrәntli,,"[""adv.""]","[{""pos"":""adv."",""zh"":""现在, 当前, 一般, 普通"",""en"":""r at this time or period; now""},{""pos"":"""",""zh"":""[计] 当前"",""en"":""""}]",{},"[""cet6""]",1700,B2,HARD,ecdict
ethnic,ethnic,'eθnik,,"[""a.""]","[{""pos"":""a."",""zh"":""人种的, 种族的"",""en"":""n. a person who is a member of an ethnic group""},{""pos"":"""",""zh"":""[医] 人种的"",""en"":""""}]",{},"[""cet6""]",1729,B2,HARD,ecdict
catholic,catholic,'kæθәlik,,"[""n."",""a.""]","[{""pos"":""n."",""zh"":""天主教徒"",""en"":""n. a member of a Catholic church""},{""pos"":""a."",""zh"":""天主教的, 普遍的, 广泛的, 宽宏大量的"",""en"":""a. of or relating to or supporting Catholicism""}]","{""plural"":""catholics""}","[""cet6""]",1757,B2,HARD,ecdict
rating,rating,'reitiŋ,,"[""n.""]","[{""pos"":""n."",""zh"":""等级, 额定功率, 责骂"",""en"":""n. standing or position on a scale""},{""pos"":"""",""zh"":""[经] 等级评定"",""en"":""""}]","{""lemmaOf"":""rate"",""lemma"":""i"",""plural"":""ratings"",""presentParticiple"":""rating""}","[""cet6""]",1819,B2,HARD,ecdict
landscape,landscape,'lændskeip,,"[""n."",""vi."",""vt.""]","[{""pos"":""n."",""zh"":""风景, 山水, 风景画"",""en"":""n. an expanse of scenery that can be seen in a single view""},{""pos"":""vi."",""zh"":""从事景观美化"",""en"":""n. painting depicting an expanse of natural scenery""},{""pos"":""vt."",""zh"":""美化...景观"",""en"":""n. a genre of art dealing with the depiction of natural scenery""},{""pos"":"""",""zh"":""[计] 横向"",""en"":""n. an extensive mental viewpoint""}]","{""plural"":""landscapes"",""pastParticiple"":""landscaped"",""presentParticiple"":""landscaping"",""past"":""landscaped"",""thirdPerson"":""landscapes""}","[""cet6""]",1827,B2,HARD,ecdict
producer,producer,prә'dju:sә,,"[""n.""]","[{""pos"":""n."",""zh"":""生产者, 制作者, 制作人"",""en"":""n. someone who finds financing for and supervises the making and presentation of a show (play or film or program or similar work)""},{""pos"":"""",""zh"":""[化] 发生器; (炉煤气)发生炉; 制气炉; 生产者"",""en"":""n. something that produces""}]","{""plural"":""producers""}","[""cet6""]",1845,B2,HARD,ecdict
regime,regime,rei'ʒi:m,,"[""n.""]","[{""pos"":""n."",""zh"":""政权, 当权期间, 政体, 社会制度, 体制, 情态"",""en"":""n the organization that is the governing authority of a political unit""},{""pos"":"""",""zh"":""[医] 制度, 生活制度"",""en"":""n (medicine) a systematic plan for therapy (often including diet)""}]","{""plural"":""regimes""}","[""cet6""]",1848,B2,HARD,ecdict
perception,perception,pә'sepʃәn,,"[""n.""]","[{""pos"":""n."",""zh"":""知觉, 感觉, 领悟力, 获取"",""en"":""n. a way of conceiving something""},{""pos"":"""",""zh"":""[医] 知觉"",""en"":""n. the process of perceiving""}]","{""plural"":""perceptions""}","[""cet6""]",1866,B2,HARD,ecdict
intervention,intervention,.intә'venʃәn,,"[""n.""]","[{""pos"":""n."",""zh"":""插入, 介入, 调停"",""en"":""n. the act of intervening (as to mediate a dispute, etc.)""},{""pos"":"""",""zh"":""[经] 干预"",""en"":""n. a policy of intervening in the affairs of other countries""}]","{""plural"":""interventions""}","[""cet6""]",1926,B2,HARD,ecdict
cite,cite,sait,,"[""vt.""]","[{""pos"":""vt."",""zh"":""引用, 引证, 表彰"",""en"":""n a short note recognizing a source of information or of a quoted passage""},{""pos"":"""",""zh"":""[建] 引证, 指引"",""en"":""v make reference to""}]","{""pastParticiple"":""cited"",""thirdPerson"":""cites"",""presentParticiple"":""citing"",""past"":""cited""}","[""cet6""]",1932,B2,HARD,ecdict
specifically,specifically,spi'sifikli,,"[""adv.""]","[{""pos"":""adv."",""zh"":""特定地, 明确地, 按特性"",""en"":""r. in distinction from others""}]",{},"[""cet6""]",1958,B2,HARD,ecdict
sector,sector,'sektә,,"[""n."",""vt.""]","[{""pos"":""n."",""zh"":""扇形, 部门, 部分, 函数尺, 象限仪, 段, 区段"",""en"":""n. a plane figure bounded by two radii and the included arc of a circle""},{""pos"":""vt."",""zh"":""把...分成扇形"",""en"":""n. a social group that forms part of the society or the economy""},{""pos"":"""",""zh"":""[计] 扇面; 扇区; 段; 区段"",""en"":""n. a particular aspect of life or activity""}]","{""plural"":""sectors""}","[""cet6""]",1974,B2,HARD,ecdict
curriculum,curriculum,kә'rikjulәm,,"[""n.""]","[{""pos"":""n."",""zh"":""课程"",""en"":""n an integrated course of academic studies""},{""pos"":"""",""zh"":""[医] 课程, 学程"",""en"":""""}]","{""plural"":""curricula""}","[""cet6""]",2077,B2,HARD,ecdict
asset,asset,'æset,,"[""n.""]","[{""pos"":""n."",""zh"":""资产, 有益的东西"",""en"":""n. a useful or valuable quality""}]","{""plural"":""assets""}","[""cet6""]",2094,B2,HARD,ecdict
warning,warning,'wɒ:niŋ,,"[""n.""]","[{""pos"":""n."",""zh"":""警告, 预告, 预兆, 通知"",""en"":""n. a message informing of danger""},{""pos"":"""",""zh"":""[法] 警告, 警戒, 预告; 警告的, 注意的"",""en"":""n. notification of something, usually in advance""}]","{""lemmaOf"":""warn"",""lemma"":""i"",""plural"":""warnings"",""presentParticiple"":""warning""}","[""cet6""]",2102,B2,HARD,ecdict
funding,funding,'fʌndiŋ,,[],"[{""pos"":"""",""zh"":""[经] 债务转期"",""en"":""n financial resources provided to make some project possible""}]","{""lemmaOf"":""fund"",""lemma"":""i"",""presentParticiple"":""funding"",""plural"":""fundings""}","[""cet6""]",2141,B2,HARD,ecdict
therapy,therapy,'θerәpi,,"[""n.""]","[{""pos"":""n."",""zh"":""治疗"",""en"":""n. (medicine) the act of caring for someone (as by medication or remedial training etc.)""},{""pos"":"""",""zh"":""[医] 疗法, 治疗"",""en"":""""}]","{""plural"":""therapies""}","[""cet6""]",2142,B2,HARD,ecdict
chip,chip,tʃip,,"[""n."",""vt."",""vi.""]","[{""pos"":""n."",""zh"":""屑片, 薄片, 碎片"",""en"":""n. a triangular wooden float attached to the end of a log line""},{""pos"":""vt."",""zh"":""削, 切, 削成碎片, 使摔倒, 凿"",""en"":""n. a piece of dried bovine dung""},{""pos"":""vi."",""zh"":""削下屑片"",""en"":""n. a thin crisp slice of potato fried in deep fat""},{""pos"":"""",""zh"":""[计] 孔屑; 组件; 晶片; 芯片"",""en"":""n. a small disk-shaped counter used to represent money when gambling""}]","{""plural"":""chips"",""past"":""chipped"",""pastParticiple"":""chipped"",""presentParticiple"":""chipping"",""thirdPerson"":""chips""}","[""cet6""]",2159,B2,HARD,ecdict
transition,transition,træn'ziʃәn,,"[""n.""]","[{""pos"":""n."",""zh"":""转变, 转换, 变迁, 过渡时期, 临时转调"",""en"":""n. a change from one place or state or subject or stage to another""},{""pos"":"""",""zh"":""[化] 跃迁"",""en"":""n. a musical passage moving from one key to another""}]","{""plural"":""transitions"",""pastParticiple"":""transitioned"",""presentParticiple"":""transitioning"",""past"":""transitioned"",""thirdPerson"":""transitions""}","[""cet6""]",2212,B2,HARD,ecdict
album,album,'ælbәm,,"[""n.""]","[{""pos"":""n."",""zh"":""粘贴簿, 唱片套"",""en"":""n. one or more recordings issued together; originally released on 12-inch phonograph records (usually with attractive record covers) and later on cassette audiotape and compact disc""},{""pos"":"""",""zh"":""[医] 白色物"",""en"":""n. a book of blank pages with pockets or envelopes; for organizing photographs or stamp collections etc""}]","{""plural"":""albums""}","[""cet6""]",2215,B2,HARD,ecdict
coalition,coalition,.kәuә'liʃәn,,"[""n.""]","[{""pos"":""n."",""zh"":""结合体, 结合, 联合"",""en"":""n. the state of being combined into one body""},{""pos"":"""",""zh"":""[经] 联合, 联盟"",""en"":""""}]","{""plural"":""coalitions""}","[""cet6""]",2241,B2,HARD,ecdict
symptom,symptom,'simptәm,,"[""n.""]","[{""pos"":""n."",""zh"":""症状, 征候, 征兆"",""en"":""n. (medicine) any sensation or change in bodily function that is experienced by a patient and is associated with a particular disease""},{""pos"":"""",""zh"":""[医] 症状"",""en"":""n. anything that accompanies X and is regarded as an indication of X's existence""}]","{""plural"":""symptoms""}","[""cet6""]",2249,B2,HARD,ecdict
negotiation,negotiation,ni.gәuʃi'eiʃәn,,"[""n.""]","[{""pos"":""n."",""zh"":""谈判, 磋商, 交涉"",""en"":""n. a discussion intended to produce an agreement""},{""pos"":"""",""zh"":""[经] 谈判, 协商"",""en"":""n. the activity or business of negotiating an agreement; coming to terms""}]","{""plural"":""negotiations""}","[""cet6""]",2259,B2,HARD,ecdict
suicide,suicide,'sjuisaid,,"[""n."",""v."",""a.""]","[{""pos"":""n."",""zh"":""自杀, 自杀者"",""en"":""n. the act of killing yourself""},{""pos"":""v."",""zh"":""自杀"",""en"":""n. a person who kills himself intentionally""},{""pos"":""a."",""zh"":""自杀的"",""en"":""""}]","{""plural"":""suicides""}","[""cet6""]",2274,B2,HARD,ecdict
evaluation,evaluation,i.vælju'eiʃәn,,"[""n.""]","[{""pos"":""n."",""zh"":""评估, 估价, 求值"",""en"":""n. act of ascertaining or fixing the value or worth of""},{""pos"":"""",""zh"":""[计] 鉴定; 评价; 求值"",""en"":""n. an appraisal of the value of something""}]","{""plural"":""evaluations""}","[""cet6""]",2354,B2,HARD,ecdict
clinic,clinic,'klinik,,"[""n.""]","[{""pos"":""n."",""zh"":""诊所, 临床教学"",""en"":""n. a medical establishment run by a group of medical specialists""},{""pos"":"""",""zh"":""[医] 诊所(门诊部); 临床(讲解); 临床(学)科"",""en"":""n. meeting for diagnosis of problems and instruction or remedial work in a particular activity""}]","{""plural"":""clinics""}","[""cet6""]",2388,B2,HARD,ecdict
deficit,deficit,'defisit,,"[""n.""]","[{""pos"":""n."",""zh"":""赤字, 不足额"",""en"":""n. the property of being an amount by which something is less than expected or required""},{""pos"":"""",""zh"":""[医] 短缺"",""en"":""n. a deficiency or failure in neurological or mental functioning""}]","{""plural"":""deficits""}","[""cet6""]",2403,B2,HARD,ecdict
ally,ally,'ælai. ә'lai,,"[""n."",""vt."",""vi.""]","[{""pos"":""n."",""zh"":""同盟者, 同盟国, 助手"",""en"":""n. a friendly nation""},{""pos"":""vt."",""zh"":""使联盟, 使联合, 使有关系"",""en"":""n. an associate who provides cooperation or assistance""},{""pos"":""vi."",""zh"":""结盟"",""en"":""v. become an ally or associate, as by a treaty or marriage""}]","{""plural"":""allies"",""pastParticiple"":""allied"",""past"":""allied"",""presentParticiple"":""allying"",""thirdPerson"":""allies""}","[""cet6""]",2408,B2,HARD,ecdict
confront,confront,kәn'frʌnt,,"[""vt.""]","[{""pos"":""vt."",""zh"":""使面对, 对抗, 遭遇, 使对质, 比较"",""en"":""v. oppose, as in hostility or a competition""},{""pos"":"""",""zh"":""[法] 对证, 使对质, 比较"",""en"":""v. deal with (something unpleasant) head on""}]","{""pastParticiple"":""confronted"",""presentParticiple"":""confronting"",""past"":""confronted"",""thirdPerson"":""confronts""}","[""cet6""]",2415,B2,HARD,ecdict
peer,peer,piә,,"[""n."",""vi."",""vt.""]","[{""pos"":""n."",""zh"":""同等的人, 匹敌, 贵族"",""en"":""n. a person who is of equal standing with another in a group""},{""pos"":""vi."",""zh"":""凝视, 窥视, 费力地看, 隐现"",""en"":""n. a nobleman (duke or marquis or earl or viscount or baron) who is a member of the British peerage""},{""pos"":""vt."",""zh"":""与...同等, 封为贵族"",""en"":""v. look searchingly""}]","{""plural"":""peers"",""past"":""peered"",""presentParticiple"":""peering"",""pastParticiple"":""peered"",""thirdPerson"":""peers""}","[""cet6""]",2424,B2,HARD,ecdict
immigration,immigration,.imi'greiʃәn,,"[""n.""]","[{""pos"":""n."",""zh"":""移民, 移居"",""en"":""n. migration into a place (especially migration to a country of which you are not a native in order to settle there)""},{""pos"":"""",""zh"":""[医] 移民"",""en"":""n. the body of immigrants arriving during a specified interval""}]",{},"[""cet6""]",2431,B2,HARD,ecdict
retirement,retirement,ri'taiәmәnt,,"[""n.""]","[{""pos"":""n."",""zh"":""退休, 隐居, 撤退"",""en"":""n. the state of being retired from one's business or occupation""},{""pos"":"""",""zh"":""[经] 退休, 退股, (固定资产)报废"",""en"":""n. withdrawal from your position or occupation""}]","{""plural"":""retirements""}","[""cet6""]",2442,B2,HARD,ecdict
literally,literally,'litәrәli,,"[""adv.""]","[{""pos"":""adv."",""zh"":""逐字地, 按照字面上地, 不夸张地"",""en"":""r. in a literal sense""}]",{},"[""cet6""]",2469,B2,HARD,ecdict
consultant,consultant,kәn'sʌltәnt,,"[""n.""]","[{""pos"":""n."",""zh"":""顾问, 征询意见者"",""en"":""n an expert who gives advice""},{""pos"":"""",""zh"":""[医] 顾问医师"",""en"":""""}]","{""plural"":""consultants""}","[""cet6""]",2480,B2,HARD,ecdict
historic,historic,hi'stɒrik,,"[""a.""]","[{""pos"":""a."",""zh"":""历史上著名的, 有历史性的"",""en"":""s. belonging to the past; of what is important or famous in the past""}]",{},"[""cet6""]",2492,B2,HARD,ecdict
enterprise,enterprise,'entәpraiz,,"[""n.""]","[{""pos"":""n."",""zh"":""企业, 事业心, 进取心, 干事业"",""en"":""n. a purposeful or industrious undertaking (especially one that requires effort or boldness)""},{""pos"":"""",""zh"":""[计] 企业"",""en"":""n. an organization created for business ventures""}]","{""plural"":""enterprises""}","[""cet6""]",2499,B2,HARD,ecdict
recipe,recipe,'resipi,,"[""n.""]","[{""pos"":""n."",""zh"":""食谱, 处方, 秘诀"",""en"":""n. directions for making something""},{""pos"":"""",""zh"":""[医] 取(处方头语), 处方"",""en"":""""}]","{""plural"":""recipes""}","[""cet6""]",2509,B2,HARD,ecdict
negotiate,negotiate,ni'gәuʃieit,,"[""vi."",""vt.""]","[{""pos"":""vi."",""zh"":""商议, 谈判, 交涉"",""en"":""v. succeed in passing through, around, or over""},{""pos"":""vt."",""zh"":""谈妥, 转让, 处理"",""en"":""""}]","{""presentParticiple"":""negotiating"",""pastParticiple"":""negotiated"",""past"":""negotiated"",""thirdPerson"":""negotiates""}","[""cet6""]",2541,B2,HARD,ecdict
historian,historian,hi'stɒ:riәn,,"[""n.""]","[{""pos"":""n."",""zh"":""历史学家, 记事者"",""en"":""n. a person who is an authority on history and who studies it and writes about it""}]","{""plural"":""historians""}","[""cet6""]",2542,B2,HARD,ecdict
criteria,criteria,krai'tiәriә,,"[""pl.""]","[{""pos"":""pl."",""zh"":""标准"",""en"":""n a basis for comparison; a reference point against which other things can be evaluated""},{""pos"":"""",""zh"":""[计] 条件"",""en"":""n the ideal in terms of which something can be judged""}]","{""lemmaOf"":""criterion"",""lemma"":""s"",""plural"":""criterias""}","[""cet6""]",2574,B2,HARD,ecdict
dealer,dealer,'di:lә,,"[""n.""]","[{""pos"":""n."",""zh"":""经销商, 商人"",""en"":""n. a firm engaged in trading""},{""pos"":"""",""zh"":""[经] 交易员, 贩卖商"",""en"":""n. a seller of illicit goods""}]","{""plural"":""dealers""}","[""cet6""]",2575,B2,HARD,ecdict
clinical,clinical,'klinikәl,,"[""a.""]","[{""pos"":""a."",""zh"":""临床的, 门诊部的"",""en"":""a. relating to a clinic or conducted in or as if in a clinic and depending on direct observation of patients""},{""pos"":"""",""zh"":""[医] 临床的, 临证的"",""en"":""s. scientifically detached; unemotional""}]",{},"[""cet6""]",2584,B2,HARD,ecdict
fiber,fiber,'faibә,,"[""n.""]","[{""pos"":""n."",""zh"":""纤维, 构造, 纤维制品"",""en"":""n. a slender and greatly elongated substance capable of being spun into yarn""},{""pos"":"""",""zh"":""[化] 纤维"",""en"":""n. any of several elongated, threadlike cells (especially a muscle fiber or a nerve fiber)""}]","{""plural"":""fibers""}","[""cet6""]",2594,B2,HARD,ecdict
refugee,refugee,.refju'dʒi:,,"[""n.""]","[{""pos"":""n."",""zh"":""难民, 流亡者"",""en"":""n. an exile who flees for safety""},{""pos"":"""",""zh"":""[法] 避难者, 流亡者, 难民"",""en"":""""}]","{""plural"":""refugees""}","[""cet6""]",2599,B2,HARD,ecdict
incorporate,incorporate,in'kɒ:pәreit,,"[""a."",""vt."",""vi.""]","[{""pos"":""a."",""zh"":""合并的, 组成公司的, 一体化的"",""en"":""v. include or contain; have as a component""},{""pos"":""vt."",""zh"":""吸收, 合并, 使组成公司, 体现"",""en"":""v. form a corporation""},{""pos"":""vi."",""zh"":""合并, 混合, 组成公司"",""en"":""v. unite or merge with something already in existence""}]","{""pastParticiple"":""incorporated"",""presentParticiple"":""incorporating"",""thirdPerson"":""incorporates"",""past"":""incorporated""}","[""cet6""]",2600,B2,HARD,ecdict
hip,hip,hip,,"[""n."",""a."",""vt.""]","[{""pos"":""n."",""zh"":""臀部, 蔷薇果, 忧郁"",""en"":""n. either side of the body below the waist and above the thigh""},{""pos"":""a."",""zh"":""熟悉内情的"",""en"":""n. the ball-and-socket joint between the head of the femur and the acetabulum""},{""pos"":""vt."",""zh"":""使忧郁, 给(屋顶)造屋脊"",""en"":""n. (architecture) the exterior angle formed by the junction of a sloping side and a sloping end of a roof""},{""pos"":"""",""zh"":""interj. 喝彩声"",""en"":""n. the fruit of a rose plant""}]","{""plural"":""hips"",""superlative"":""hippest"",""comparative"":""hipper""}","[""cet6""]",2603,B2,HARD,ecdict
pregnant,pregnant,'pregnәnt,,"[""a.""]","[{""pos"":""a."",""zh"":""怀孕的, 充满的, 思想丰富的, 成果丰硕的"",""en"":""a. carrying developing offspring within the body or being about to produce new life""},{""pos"":"""",""zh"":""[医] 妊娠的, 有孕的"",""en"":""""}]",{},"[""cet6""]",2629,B2,HARD,ecdict
lawsuit,lawsuit,'lɒ:sju:t,,"[""n.""]","[{""pos"":""n."",""zh"":""诉讼"",""en"":""n. a comprehensive term for any proceeding in a court of law whereby an individual seeks a legal remedy""},{""pos"":"""",""zh"":""[法] 诉讼, 诉讼案件"",""en"":""""}]","{""plural"":""lawsuits""}","[""cet6""]",2660,B2,HARD,ecdict
testimony,testimony,'testimәni,,"[""n.""]","[{""pos"":""n."",""zh"":""证言, 证据, 声明"",""en"":""n. a solemn statement made under oath""},{""pos"":"""",""zh"":""[医] 证据"",""en"":""n. an assertion offering firsthand authentication of a fact""}]","{""plural"":""testimonies""}","[""cet6""]",2661,B2,HARD,ecdict
profile,profile,'prәufail,,"[""n."",""vt.""]","[{""pos"":""n."",""zh"":""侧面, 轮廓, 传略"",""en"":""n. an analysis (often in graphical form) representing the extent to which something exhibits various characteristics""},{""pos"":""vt."",""zh"":""描绘...轮廓, 写...的传略"",""en"":""n. an outline of something (especially a human face as seen from one side)""},{""pos"":"""",""zh"":""[计] 提问档; 剖面图法; 剖面法"",""en"":""n. biographical sketch""}]","{""plural"":""profiles"",""thirdPerson"":""profiles"",""presentParticiple"":""profiling"",""pastParticiple"":""profiled"",""past"":""profiled""}","[""cet6""]",2676,B2,HARD,ecdict
mechanism,mechanism,'mekәnizm,,"[""n.""]","[{""pos"":""n."",""zh"":""机械, 机构, 结构, 机理, 技巧"",""en"":""n. the atomic process that occurs during a chemical reaction""},{""pos"":"""",""zh"":""[化] 机理; 历程; 机构"",""en"":""n. the technical aspects of doing something""}]","{""plural"":""mechanisms""}","[""cet6""]",2677,B2,HARD,ecdict
penalty,penalty,'penәlti,,"[""n.""]","[{""pos"":""n."",""zh"":""处罚, 刑罚, 罚款, 罚球, 报应, 不利结果, 妨碍"",""en"":""n. a payment required for not fulfilling a contract""},{""pos"":"""",""zh"":""[经] 罚金(款), 违约金"",""en"":""n. the disadvantage or painful consequences of an action or condition""}]","{""plural"":""penalties""}","[""cet6""]",2680,B2,HARD,ecdict
initially,initially,i'niʃәli,,"[""adv.""]","[{""pos"":""adv."",""zh"":""最初, 开头"",""en"":""r. at the beginning""}]",{},"[""cet6""]",2715,B2,HARD,ecdict
spokesman,spokesman,'spәuksmәn,,"[""n.""]","[{""pos"":""n."",""zh"":""发言人, 代言者"",""en"":""n. a male spokesperson""}]","{""plural"":""spokesmen""}","[""cet6""]",2723,B2,HARD,ecdict
incentive,incentive,in'sentiv,,"[""n."",""a.""]","[{""pos"":""n."",""zh"":""动机"",""en"":""n. a positive motivational influence""},{""pos"":""a."",""zh"":""激励的"",""en"":""""}]","{""plural"":""incentives""}","[""cet6""]",2726,B2,HARD,ecdict
elite,elite,ei'li:t,,"[""n.""]","[{""pos"":""n."",""zh"":""精华, 精锐, 中坚分子"",""en"":""n. a group or class of persons enjoying superior intellectual or social or economic status""}]","{""plural"":""elites""}","[""cet6""]",2735,B2,HARD,ecdict
senator,senator,'senәtә,,"[""n.""]","[{""pos"":""n."",""zh"":""参议员, (某些大学的)理事"",""en"":""n. a member of a senate""},{""pos"":"""",""zh"":""[法] 参议员, 上议员"",""en"":""""}]","{""plural"":""senators""}","[""cet6""]",2769,B2,HARD,ecdict
testify,testify,'testifai,,"[""v.""]","[{""pos"":""v."",""zh"":""证明, 作证, 声明, 表明"",""en"":""v. give testimony in a court of law""}]","{""past"":""testified"",""thirdPerson"":""testifies"",""presentParticiple"":""testifying"",""pastParticiple"":""testified""}","[""cet6""]",2790,B2,HARD,ecdict
terrorist,terrorist,'terәrist,,"[""n.""]","[{""pos"":""n."",""zh"":""恐怖分子"",""en"":""n. a radical who employs terror as a political weapon; usually organizes with other terrorists in small cells; often uses religion as a cover for terrorist activities""},{""pos"":"""",""zh"":""[法] 恐怖份子, 恐怖主义"",""en"":""""}]","{""plural"":""terrorists""}","[""cet6""]",2841,B2,HARD,ecdict
assault,assault,ә'sɒ:t,,"[""n."",""vt."",""vi.""]","[{""pos"":""n."",""zh"":""攻击, 袭击"",""en"":""n. close fighting during the culmination of a military attack""},{""pos"":""vt."",""zh"":""袭击, 攻击"",""en"":""n. a threatened or attempted physical attack by someone who appears to be able to cause bodily harm if not stopped""},{""pos"":""vi."",""zh"":""发动攻击"",""en"":""n. thoroughbred that won the triple crown in 1946""}]","{""plural"":""assaults"",""pastParticiple"":""assaulted"",""presentParticiple"":""assaulting"",""past"":""assaulted"",""thirdPerson"":""assaults""}","[""cet6""]",2860,B2,HARD,ecdict
violation,violation,.vaiә'leiʃәn,,"[""n.""]","[{""pos"":""n."",""zh"":""违反, 违背, 妨碍"",""en"":""n. an act that disregards an agreement or a right""},{""pos"":"""",""zh"":""[法] 违犯, 违背, 违反"",""en"":""""}]","{""plural"":""violations""}","[""cet6""]",2870,B2,HARD,ecdict
controversy,controversy,'kɒntrәvә:si,,"[""n.""]","[{""pos"":""n."",""zh"":""论争, 辩论, 论战, 争论"",""en"":""n. a contentious speech act; a dispute where there is strong disagreement""},{""pos"":"""",""zh"":""[法] 论战, 争论, 争吵"",""en"":""""}]","{""plural"":""controversies""}","[""cet6""]",2876,B2,HARD,ecdict
constitute,constitute,kәn'stitjut,,"[""vt.""]","[{""pos"":""vt."",""zh"":""构成, 组成, 任命"",""en"":""v. form or compose""},{""pos"":"""",""zh"":""[建] 构造, 组成"",""en"":""""}]","{""thirdPerson"":""constitutes"",""past"":""constituted"",""pastParticiple"":""constituted"",""presentParticiple"":""constituting""}","[""cet6""]",2887,B2,HARD,ecdict
presentation,presentation,.prezәn'teiʃәn,,"[""n.""]","[{""pos"":""n."",""zh"":""赠与, 描述, 介绍"",""en"":""n. the activity of formally presenting something (as a prize or reward)""},{""pos"":"""",""zh"":""[计] 简报"",""en"":""n. a show or display; the act of presenting something to sight or view""}]","{""plural"":""presentations""}","[""cet6""]",2898,B2,HARD,ecdict
representation,representation,.reprizen'teiʃәn,,"[""n.""]","[{""pos"":""n."",""zh"":""表示法, 表现, 陈述, 代表"",""en"":""n. a presentation to the mind in the form of an idea or image""},{""pos"":"""",""zh"":""[计] 表示法指定"",""en"":""n. a creation that is a visual or tangible rendering of someone or something""}]","{""plural"":""representations""}","[""cet6""]",2908,B2,HARD,ecdict
violate,violate,'vaiәleit,,"[""vt.""]","[{""pos"":""vt."",""zh"":""违犯, 亵渎, 违反, 侵犯, 妨碍"",""en"":""v. fail to agree with; be in violation of; as of rules or patterns""},{""pos"":"""",""zh"":""[经] 违犯, 违反"",""en"":""v. destroy""}]","{""pastParticiple"":""violated"",""presentParticiple"":""violating"",""past"":""violated"",""thirdPerson"":""violates"",""plural"":""violates""}","[""cet6""]",2909,B2,HARD,ecdict
emission,emission,i'miʃәn,,"[""n.""]","[{""pos"":""n."",""zh"":""发射, 射出, 发行"",""en"":""n. the act of emitting; causing to flow forth""},{""pos"":"""",""zh"":""[医] 发射, 遗精"",""en"":""n. the release of electrons from parent atoms""}]","{""plural"":""emissions""}","[""cet6""]",2915,B2,HARD,ecdict
earnings,earnings,'ә:niŋ,,"[""n.""]","[{""pos"":""n."",""zh"":""所赚的钱, 工资, 收入"",""en"":""n the excess of revenues over outlays in a given period of time (including depreciation and other non-cash expenses)""},{""pos"":"""",""zh"":""[经] 工资, 收入, 收益, 盈余"",""en"":""n something that remunerates""}]","{""plural"":""earnings"",""lemmaOf"":""earnings"",""lemma"":""s""}","[""cet6""]",2918,B2,HARD,ecdict
vulnerable,vulnerable,'vʌlnәrәbl,,"[""a.""]","[{""pos"":""a."",""zh"":""易受伤害的, 有弱点的, 易受影响的, 脆弱的, 成局的"",""en"":""a. susceptible to attack""},{""pos"":"""",""zh"":""[医] 易损的"",""en"":""s. susceptible to criticism or persuasion or temptation""}]",{},"[""cet6""]",2955,B2,HARD,ecdict
garlic,garlic,'gɑ:lik,,"[""n.""]","[{""pos"":""n."",""zh"":""大蒜"",""en"":""n. bulbous herb of southern Europe widely naturalized; bulb breaks up into separate strong-flavored cloves""},{""pos"":"""",""zh"":""[化] 大蒜"",""en"":""n. aromatic bulb used as seasoning""}]",{},"[""cet6""]",2956,B2,HARD,ecdict
capability,capability,.keipә'biliti,,"[""n.""]","[{""pos"":""n."",""zh"":""能力, 性能, 约束力"",""en"":""n. the quality of being capable -- physically or intellectually or legally""},{""pos"":"""",""zh"":""[化] 能力"",""en"":""n. the susceptibility of something to a particular treatment""}]","{""plural"":""capabilities""}","[""cet6""]",2958,B2,HARD,ecdict
psychology,psychology,sai'kɒlәdʒi,,"[""n.""]","[{""pos"":""n."",""zh"":""心理学, 心理状态"",""en"":""n. the science of mental life""},{""pos"":"""",""zh"":""[医] 心理学"",""en"":""""}]","{""plural"":""psychologies""}","[""cet6""]",2972,B2,HARD,ecdict
athletic,athletic,æθ'letik,,"[""a.""]","[{""pos"":""a."",""zh"":""运动的"",""en"":""a. relating to or befitting athletics or athletes""}]",{},"[""cet6""]",2981,B2,HARD,ecdict
galaxy,galaxy,'gælәksi,,"[""n.""]","[{""pos"":""n."",""zh"":""银河, 星系, 一群(显赫的人物)"",""en"":""n. a splendid assemblage (especially of famous people)""},{""pos"":"""",""zh"":""[电] 银河系"",""en"":""n. (astronomy) a collection of star systems; any of the billions of systems each having many stars and nebulae and dust""}]","{""plural"":""galaxies""}","[""cet6""]",3016,B2,HARD,ecdict
incredible,incredible,in'kredәbl,,"[""a.""]","[{""pos"":""a."",""zh"":""难以置信的"",""en"":""a. beyond belief or understanding""}]",{},"[""cet6""]",3026,B2,HARD,ecdict
fighter,fighter,'faitә,,"[""n.""]","[{""pos"":""n."",""zh"":""斗士, 战士, 好战者, 战斗机"",""en"":""n. a high-speed military or naval airplane designed to destroy enemy aircraft in the air""}]","{""plural"":""fighters""}","[""cet6""]",3028,B2,HARD,ecdict
mall,mall,mɔ:l,,"[""n.""]","[{""pos"":""n."",""zh"":""林荫路"",""en"":""n a public area set aside as a pedestrian walk""}]","{""plural"":""malls"",""presentParticiple"":""malling""}","[""cet6""]",3050,B2,HARD,ecdict
privacy,privacy,'praivәsi,,"[""n.""]","[{""pos"":""n."",""zh"":""隐私, 隐居, 秘密"",""en"":""n. the quality of being secluded from the presence or view of others""},{""pos"":"""",""zh"":""[计] 个人保密权"",""en"":""n. the condition of being concealed or hidden""}]","{""plural"":""privacies""}","[""cet6""]",3060,B2,HARD,ecdict
conviction,conviction,kәn'vikʃәn,,"[""n.""]","[{""pos"":""n."",""zh"":""定罪, 信服, 坚信"",""en"":""n. an unshakable belief in something without need for proof or evidence""},{""pos"":"""",""zh"":""[法] 定罪, 证明有罪, 判罪"",""en"":""n. (criminal law) a final judgment of guilty in a criminal case and the punishment that is imposed""}]","{""plural"":""convictions""}","[""cet6""]",3066,B2,HARD,ecdict
myth,myth,miθ,,"[""n.""]","[{""pos"":""n."",""zh"":""神话, 虚构的事, 虚构的人"",""en"":""n. a traditional story accepted as history; serves to explain the world view of a people""}]","{""plural"":""myths""}","[""cet6""]",3076,B2,HARD,ecdict
membership,membership,'membәʃip,,"[""n.""]","[{""pos"":""n."",""zh"":""会员的资格, 全体会员, 会员数目"",""en"":""n. the body of members of an organization or group""},{""pos"":"""",""zh"":""[法] 会员资格, 成员资格, 会籍"",""en"":""n. the state of being a member""}]","{""plural"":""memberships""}","[""cet6""]",3085,B2,HARD,ecdict
controversial,controversial,.kɒntrә'vә:ʃәl,,"[""a.""]","[{""pos"":""a."",""zh"":""争论的, 论争的, 被议论的"",""en"":""a. marked by or capable of arousing controversy""}]",{},"[""cet6""]",3090,B2,HARD,ecdict
narrative,narrative,'nærәtiv,,"[""n."",""a.""]","[{""pos"":""n."",""zh"":""叙述, 故事"",""en"":""n. a message that tells the particulars of an act or occurrence or course of events; presented in writing or drama or cinema or as a radio or television program""},{""pos"":""a."",""zh"":""叙述的, 叙事的, 故事体的"",""en"":""s. consisting of or characterized by the telling of a story""}]","{""plural"":""narratives""}","[""cet6""]",3097,B2,HARD,ecdict
Islam,islam,'izlɑ:m,,"[""n.""]","[{""pos"":""n."",""zh"":""伊斯兰教"",""en"":""n. the civilization of Muslims collectively which is governed by the Muslim religion""}]",{},"[""cet6""]",3097,B2,HARD,ecdict
sue,sue,su:,,"[""vt."",""vi.""]","[{""pos"":""vt."",""zh"":""控告, 起诉, 请求"",""en"":""n. French writer whose novels described the sordid side of city life (1804-1857)""},{""pos"":""vi."",""zh"":""提出诉讼, 提出请求"",""en"":""""}]","{""pastParticiple"":""sued"",""presentParticiple"":""suing"",""past"":""sued"",""thirdPerson"":""sues""}","[""cet6""]",3137,B2,HARD,ecdict
assert,assert,ә'sә:t,,"[""vt.""]","[{""pos"":""vt."",""zh"":""主张, 坚称, 断言"",""en"":""v. state categorically""},{""pos"":"""",""zh"":""[法] 宣称, 断言, 维护"",""en"":""v. insist on having one's opinions and rights recognized""}]","{""past"":""asserted"",""presentParticiple"":""asserting"",""thirdPerson"":""asserts"",""pastParticiple"":""asserted""}","[""cet6""]",3147,B2,HARD,ecdict
versus,versus,'vә:sәs,,"[""prep.""]","[{""pos"":""prep."",""zh"":""对..."",""en"":""prep. Against; as, John Doe versus Richard Roe; -- chiefly""},{""pos"":"""",""zh"":""[法] 诉, 对, 相形"",""en"":""used in legal language, and abbreviated to v. or vs.""}]",{},"[""cet6""]",3160,B2,HARD,ecdict
offensive,offensive,ә'fensiv,,"[""a.""]","[{""pos"":""a."",""zh"":""令人不快的, 侮辱的, 攻击性的"",""en"":""s. violating or tending to violate or offend against""},{""pos"":"""",""zh"":""[法] 攻击的, 进攻的, 冒犯的"",""en"":""a. for the purpose of attack rather than defense""}]","{""plural"":""offensives""}","[""cet6""]",3168,B2,HARD,ecdict
dominant,dominant,'dɒminәnt,,"[""a.""]","[{""pos"":""a."",""zh"":""占优势的, 支配的"",""en"":""n. (music) the fifth note of the diatonic scale""},{""pos"":"""",""zh"":""[医] 优性的, 显性的"",""en"":""a. exercising influence or control""}]","{""plural"":""dominants""}","[""cet6""]",3174,B2,HARD,ecdict
heritage,heritage,'heritidʒ,,"[""n.""]","[{""pos"":""n."",""zh"":""遗产, 祖先遗留物, 继承物"",""en"":""n. practices that are handed down from the past by tradition""},{""pos"":"""",""zh"":""[医] 遗传性"",""en"":""""}]","{""plural"":""heritages""}","[""cet6""]",3175,B2,HARD,ecdict
legacy,legacy,'legәsi,,"[""n.""]","[{""pos"":""n."",""zh"":""祖先传下来之物, 遗赠物"",""en"":""n (law) a gift of personal property by will""},{""pos"":"""",""zh"":""[经] 遗产, 遗赠物"",""en"":""""}]","{""plural"":""legacies""}","[""cet6""]",3189,B2,HARD,ecdict
legitimate,legitimate,li'dʒitimәt,,"[""a."",""vt.""]","[{""pos"":""a."",""zh"":""合法的, 正当的, 婚生的"",""en"":""v. show or affirm to be just and legitimate""},{""pos"":""vt."",""zh"":""认为正当, 立为嫡嗣, 使合法"",""en"":""v. make (an illegitimate child) legitimate; declare the legitimacy of (someone)""}]","{""presentParticiple"":""legitimating"",""past"":""legitimated"",""thirdPerson"":""legitimates"",""pastParticiple"":""legitimated""}","[""cet6""]",3195,B2,HARD,ecdict
orientation,orientation,.ɒ:rien'teiʃәn,,"[""n.""]","[{""pos"":""n."",""zh"":""定方位, 适应, 向东方"",""en"":""n. the act of orienting""},{""pos"":""n."",""zh"":""方向"",""en"":""n. an integrated set of attitudes and beliefs""},{""pos"":"""",""zh"":""[计] 方向"",""en"":""n. position or alignment relative to points of the compass or other specific directions""}]","{""plural"":""orientations""}","[""cet6""]",3196,B2,HARD,ecdict
inflation,inflation,in'fleiʃәn,,"[""n.""]","[{""pos"":""n."",""zh"":""胀大, 夸张, 通货膨胀"",""en"":""n. a general and progressive increase in prices""},{""pos"":"""",""zh"":""[化] 充气吹胀; 膨胀"",""en"":""n. (cosmology) a brief exponential expansion of the universe (faster than the speed of light) postulated to have occurred shortly after the big bang""}]","{""plural"":""inflations""}","[""cet6""]",3197,B2,HARD,ecdict
cluster,cluster,'klʌstә,,"[""n."",""vi."",""vt.""]","[{""pos"":""n."",""zh"":""串, 丛, 群, 簇"",""en"":""v. come together as in a cluster or flock""},{""pos"":""vi."",""zh"":""成串, 丛生"",""en"":""""},{""pos"":""vt."",""zh"":""使聚集"",""en"":""""},{""pos"":"""",""zh"":""[计] 簇"",""en"":""""}]","{""plural"":""clusters"",""past"":""clustered"",""pastParticiple"":""clustered"",""presentParticiple"":""clustering"",""thirdPerson"":""clusters""}","[""cet6""]",3200,B2,HARD,ecdict
depict,depict,di'pikt,,"[""vt.""]","[{""pos"":""vt."",""zh"":""描述, 描写"",""en"":""v show in, or as in, a picture""}]","{""presentParticiple"":""depicting"",""pastParticiple"":""depicted"",""thirdPerson"":""depicts"",""past"":""depicted""}","[""cet6""]",3205,B2,HARD,ecdict
instructor,instructor,in'strʌktә,,"[""n.""]","[{""pos"":""n."",""zh"":""教员, 讲师"",""en"":""n a person whose occupation is teaching""},{""pos"":"""",""zh"":""[法] 指导者, 教员, 讲师"",""en"":""""}]","{""plural"":""instructors""}","[""cet6""]",3211,B2,HARD,ecdict
mortgage,mortgage,'mɒ:gidʒ,,"[""n."",""vt.""]","[{""pos"":""n."",""zh"":""抵押, 约束性义务, 抵押借款"",""en"":""n. a conditional conveyance of property as security for the repayment of a loan""},{""pos"":""vt."",""zh"":""抵押, 以...作担保, 把...许给"",""en"":""v. put up as security or collateral""}]","{""plural"":""mortgages"",""pastParticiple"":""mortgaged"",""presentParticiple"":""mortgaging"",""past"":""mortgaged"",""thirdPerson"":""mortgages""}","[""cet6""]",3215,B2,HARD,ecdict
sanction,sanction,'sæŋkʃәn,,"[""n."",""vt.""]","[{""pos"":""n."",""zh"":""核准, 制裁, 处罚, 约束力"",""en"":""n. formal and explicit approval""},{""pos"":""vt."",""zh"":""制定制裁规则, 认可, 核准, 同意"",""en"":""n. a mechanism of social control for enforcing a society's standards""}]","{""plural"":""sanctions"",""pastParticiple"":""sanctioned"",""presentParticiple"":""sanctioning"",""past"":""sanctioned"",""thirdPerson"":""sanctions""}","[""cet6""]",3217,B2,HARD,ecdict
ethics,ethics,'eθiks,,"[""n.""]","[{""pos"":""n."",""zh"":""道德规范"",""en"":""n. the philosophical study of moral values and rules""},{""pos"":"""",""zh"":""[医] 伦理学"",""en"":""""}]",{},"[""cet6""]",3231,B2,HARD,ecdict
physically,physically,'fizikli,,"[""adv.""]","[{""pos"":""adv."",""zh"":""按自然规律, 完全地, 实际上, 真正地, 身体上地"",""en"":""r. in accord with physical laws""}]",{},"[""cet6""]",3243,B2,HARD,ecdict
discourse,discourse,'diskɒ:s,,"[""n."",""vi.""]","[{""pos"":""n."",""zh"":""谈话, 演讲"",""en"":""n. extended verbal expression in speech or writing""},{""pos"":""vi."",""zh"":""谈话, 讲述"",""en"":""v. to consider or examine in speech or writing""}]","{""plural"":""discourses"",""presentParticiple"":""discoursing"",""past"":""discoursed"",""thirdPerson"":""discourses"",""pastParticiple"":""discoursed""}","[""cet6""]",3253,B2,HARD,ecdict
competitor,competitor,kәm'petitә,,"[""n.""]","[{""pos"":""n."",""zh"":""竞争者"",""en"":""n the contestant you hope to defeat""},{""pos"":"""",""zh"":""[经] 竞争者, 竞争对手"",""en"":""""}]","{""plural"":""competitors""}","[""cet6""]",3259,B2,HARD,ecdict
portray,portray,pɒ:'trei,,"[""vt.""]","[{""pos"":""vt."",""zh"":""描绘, 描写, 描绘...的肖像"",""en"":""v. portray in words""}]","{""pastParticiple"":""portrayed"",""thirdPerson"":""portrays"",""presentParticiple"":""portraying"",""past"":""portrayed""}","[""cet6""]",3263,B2,HARD,ecdict
script,script,skript,,"[""n."",""vt.""]","[{""pos"":""n."",""zh"":""手迹, 手稿, 正本, 手写体"",""en"":""n. a written version of a play or other dramatic composition; used in preparing for a performance""},{""pos"":""vt."",""zh"":""改编为演出本"",""en"":""n. a particular orthography or writing system""},{""pos"":"""",""zh"":""[计] 手写体, 小型程序"",""en"":""v. write a script for""}]","{""plural"":""scripts"",""pastParticiple"":""scripted"",""past"":""scripted"",""presentParticiple"":""scripting"",""thirdPerson"":""scripts""}","[""cet6""]",3286,B2,HARD,ecdict
nonetheless,nonetheless,",nʌnðә'les",,"[""conj."",""adv.""]","[{""pos"":""conj."",""zh"":""然而, 尽管, 不过"",""en"":""r despite anything to the contrary (usually following a concession)""},{""pos"":""adv."",""zh"":""不过, 仍然, 尽管如此, 然而"",""en"":""""}]",{},"[""cet6""]",3298,B2,HARD,ecdict
prescription,prescription,pri'skripʃәn,,"[""n.""]","[{""pos"":""n."",""zh"":""处方, 命令, 指定"",""en"":""n. directions prescribed beforehand; the action of prescribing authoritative rules or directions""},{""pos"":"""",""zh"":""[医] 处方, 药方"",""en"":""n. written instructions for an optician on the lenses for a given person""}]","{""plural"":""prescriptions""}","[""cet6""]",3311,B2,HARD,ecdict
consensus,consensus,kәn'sensәs,,"[""n.""]","[{""pos"":""n."",""zh"":""合意, 一致, 同感"",""en"":""n. agreement in the judgment or opinion reached by a group as a whole""},{""pos"":"""",""zh"":""[计] 合意"",""en"":""""}]",{},"[""cet6""]",3317,B2,HARD,ecdict
colonial,colonial,kә'lәunjәl,,"[""a.""]","[{""pos"":""a."",""zh"":""殖民的, 殖民地的"",""en"":""n. a resident of a colony""},{""pos"":"""",""zh"":""[法] 殖民地居民"",""en"":""a. of or relating to or characteristic of or inhabiting a colony""}]","{""plural"":""colonials""}","[""cet6""]",3321,B2,HARD,ecdict
pregnancy,pregnancy,'preɡnәnsi,,"[""n.""]","[{""pos"":""n."",""zh"":""怀孕；丰富, 多产；意义深长"",""en"":""n. the state of being pregnant; the period from conception to birth when a woman carries a developing fetus in her uterus""}]","{""plural"":""pregnancies""}","[""cet6""]",3328,B2,HARD,ecdict
cognitive,cognitive,'kɒgnitiv,,"[""a.""]","[{""pos"":""a."",""zh"":""认知的, 认识的"",""en"":""a. of or being or relating to or involving cognition""}]",{},"[""cet6""]",3344,B2,HARD,ecdict
defendant,defendant,di'fendәnt,,"[""n.""]","[{""pos"":""n."",""zh"":""被告"",""en"":""n. a person or institution against whom an action is brought in a court of law; the person being sued or accused""},{""pos"":"""",""zh"":""[经] 被告方"",""en"":""""}]","{""plural"":""defendants""}","[""cet6""]",3356,B2,HARD,ecdict
fitness,fitness,'fitnis,,"[""n.""]","[{""pos"":""n."",""zh"":""适合, 合宜, 合理, 恰当, 健康"",""en"":""n. the quality of being suitable""},{""pos"":"""",""zh"":""[医] 适合性, 适应性"",""en"":""n. good physical condition; being in shape or in condition""}]","{""plural"":""fitnesses""}","[""cet6""]",3357,B2,HARD,ecdict
makeup,makeup,'meikʌp,,"[""n.""]","[{""pos"":""n."",""zh"":""组成, 性格, 化妆品, 化装(术), 虚构, 补考"",""en"":""n. cosmetics applied to the face to improve or change your appearance""}]",{},"[""cet6""]",3366,B2,HARD,ecdict
anniversary,anniversary,æni'vә:sәri,,"[""n.""]","[{""pos"":""n."",""zh"":""周年纪念"",""en"":""n. the date on which an event occurred in some previous year (or the celebration of it)""}]","{""plural"":""anniversaries""}","[""cet6""]",3374,B2,HARD,ecdict
couch,couch,kautʃ,,"[""n."",""vt."",""vi.""]","[{""pos"":""n."",""zh"":""长沙发, 睡椅, 卧榻"",""en"":""n. a flat coat of paint or varnish used by artists as a primer""},{""pos"":""vt."",""zh"":""横躺, 表达"",""en"":""n. a narrow bed on which a patient lies during psychiatric or psychoanalytic treatment""},{""pos"":""vi."",""zh"":""躺下, 蹲伏"",""en"":""""}]","{""pastParticiple"":""couched"",""plural"":""couches"",""past"":""couched"",""presentParticiple"":""couching"",""thirdPerson"":""couches""}","[""cet6""]",3375,B2,HARD,ecdict
alliance,alliance,ә'laiәns,,"[""n.""]","[{""pos"":""n."",""zh"":""联盟, 联合"",""en"":""n. the state of being allied or confederated""},{""pos"":"""",""zh"":""[法] 同盟, 联盟, 联姻"",""en"":""n. a connection based on kinship or marriage or common interest""}]","{""plural"":""alliances""}","[""cet6""]",3376,B2,HARD,ecdict
hypothesis,hypothesis,hai'pɒθәsis,,"[""n.""]","[{""pos"":""n."",""zh"":""假设"",""en"":""n. a proposal intended to explain certain facts or observations""},{""pos"":"""",""zh"":""[化] 假设"",""en"":""n. a tentative insight into the natural world; a concept that is not yet verified but that if true would explain certain facts or phenomena""}]","{""plural"":""hypotheses""}","[""cet6""]",3377,B2,HARD,ecdict
adolescent,adolescent,.ædәu'lesәnt,,"[""a."",""n.""]","[{""pos"":""a."",""zh"":""青春期的, 青少年的"",""en"":""n. a juvenile between the onset of puberty and maturity""},{""pos"":""n."",""zh"":""青少年"",""en"":""a. relating to or peculiar to or suggestive of an adolescent""}]","{""plural"":""adolescents""}","[""cet6""]",3386,B2,HARD,ecdict
norm,norm,nɒ:m,,"[""n.""]","[{""pos"":""n."",""zh"":""基准, 模范, 标准, 准则, 平均数"",""en"":""n. a standard or model or pattern regarded as typical""},{""pos"":"""",""zh"":""[化] 定额"",""en"":""""}]","{""plural"":""norms""}","[""cet6""]",3387,B2,HARD,ecdict
counseling,counseling,'kaunsәliŋ,,"[""n.""]","[{""pos"":""n."",""zh"":""咨询服务"",""en"":""n something that provides direction or advice as to a decision or course of action""}]",{},"[""cet6""]",3399,B2,HARD,ecdict
ritual,ritual,'ritʃuәl,,"[""n."",""a.""]","[{""pos"":""n."",""zh"":""仪式, 典礼, 宗教仪式"",""en"":""n. any customary observance or practice""},{""pos"":""a."",""zh"":""仪式的, 依仪式进行的"",""en"":""n. the prescribed procedure for conducting religious ceremonies""}]","{""plural"":""rituals""}","[""cet6""]",3404,B2,HARD,ecdict
salmon,salmon,'sæmәn,,"[""n.""]","[{""pos"":""n."",""zh"":""鲑鱼, 大麻哈鱼"",""en"":""n. any of various large food and game fishes of northern waters; usually migrate from salt to fresh water to spawn""},{""pos"":"""",""zh"":""[医] 鲑"",""en"":""n. a tributary of the Snake River in Idaho""}]","{""plural"":""salmons""}","[""cet6""]",3406,B2,HARD,ecdict
combat,combat,'kɒmbæt,,"[""n."",""vi."",""vt.""]","[{""pos"":""n."",""zh"":""争斗, 战斗"",""en"":""n. an engagement fought between two military forces""},{""pos"":""vi."",""zh"":""战斗, 争斗"",""en"":""""},{""pos"":""vt."",""zh"":""与...战斗, 与...斗争"",""en"":""""}]","{""presentParticiple"":""combating"",""thirdPerson"":""combats"",""pastParticiple"":""combatted"",""past"":""combated""}","[""cet6""]",3412,B2,HARD,ecdict
counsel,counsel,'kaunsәl,,"[""n."",""v.""]","[{""pos"":""n."",""zh"":""商议, 忠告, 法律顾问"",""en"":""n a lawyer who pleads cases in court""},{""pos"":""v."",""zh"":""商议, 劝告"",""en"":""n something that provides direction or advice as to a decision or course of action""}]","{""presentParticiple"":""counselling"",""past"":""counselled"",""plural"":""counsels"",""pastParticiple"":""counselled"",""thirdPerson"":""counsels""}","[""cet6""]",3418,B2,HARD,ecdict
sculpture,sculpture,'skʌlptʃә,,"[""n."",""vt."",""vi.""]","[{""pos"":""n."",""zh"":""雕刻, 雕塑"",""en"":""n. a three-dimensional work of plastic art""},{""pos"":""vt."",""zh"":""雕刻, 雕塑"",""en"":""n. creating figures or designs in three dimensions""},{""pos"":""vi."",""zh"":""当雕刻师"",""en"":""""}]","{""plural"":""sculptures"",""pastParticiple"":""sculptured"",""presentParticiple"":""sculpturing"",""past"":""sculptured"",""thirdPerson"":""sculptures""}","[""cet6""]",3427,B2,HARD,ecdict
presidency,presidency,'prezidәnsi,,"[""n.""]","[{""pos"":""n."",""zh"":""总统职权, 总裁职位"",""en"":""n. the tenure of a president""}]","{""plural"":""presidencies""}","[""cet6""]",3432,B2,HARD,ecdict
subtle,subtle,'sʌtl,,"[""a.""]","[{""pos"":""a."",""zh"":""敏锐的, 精细的, 狡猾的, 稀薄的, 灵巧的, 微妙的"",""en"":""s. able to make fine distinctions""},{""pos"":"""",""zh"":""[医] 锐敏的; 精细的"",""en"":""""}]",{},"[""cet6""]",3435,B2,HARD,ecdict
bishop,bishop,'biʃәp,,"[""n.""]","[{""pos"":""n."",""zh"":""主教, (国际象棋中的)象, 热果子酒"",""en"":""n. a senior member of the Christian clergy having spiritual and administrative authority; appointed in Christian churches to oversee priests or ministers; considered in some churches to be successors of the twelve Apostles of Christ""}]","{""plural"":""bishops""}","[""cet6""]",3437,B2,HARD,ecdict
ethical,ethical,'eθikәl,,"[""a.""]","[{""pos"":""a."",""zh"":""伦理的, 民族的, 民族特有的"",""en"":""a. of or relating to the philosophical study of ethics""},{""pos"":"""",""zh"":""[医] 伦理的, 道德的"",""en"":""a. conforming to accepted standards of social or professional behavior""}]",{},"[""cet6""]",3454,B2,HARD,ecdict
integrity,integrity,in'tegriti,,"[""n.""]","[{""pos"":""n."",""zh"":""正直, 廉正, 完整"",""en"":""n. an undivided or unbroken completeness or totality with nothing wanting""},{""pos"":"""",""zh"":""[计] 完整性"",""en"":""n. moral soundness""}]",{},"[""cet6""]",3464,B2,HARD,ecdict
essence,essence,'esns,,"[""n.""]","[{""pos"":""n."",""zh"":""实质, 本质, 香精"",""en"":""n. any substance possessing to a high degree the predominant properties of a plant or drug or other natural product from which it is extracted""},{""pos"":"""",""zh"":""[化] 香精"",""en"":""""}]","{""plural"":""essences""}","[""cet6""]",3468,B2,HARD,ecdict
closet,closet,'klɒzit,,"[""n."",""a."",""vt.""]","[{""pos"":""n."",""zh"":""壁橱, 小室"",""en"":""n. a small private room for study or prayer""},{""pos"":""a."",""zh"":""秘密的, 空谈的"",""en"":""v. confine to a small space, as for intensive work""},{""pos"":""vt."",""zh"":""把...关入小室"",""en"":""""}]","{""plural"":""closets"",""pastParticiple"":""closeted"",""past"":""closeted"",""presentParticiple"":""closetting"",""thirdPerson"":""closets""}","[""cet6""]",3473,B2,HARD,ecdict
unemployment,unemployment,.ʌnim'plɒimәnt,,"[""n.""]","[{""pos"":""n."",""zh"":""失业, 失业人数"",""en"":""n. the state of being unemployed or not having a job""},{""pos"":"""",""zh"":""[经] 失业"",""en"":""""}]",{},"[""cet6""]",3492,B2,HARD,ecdict
humanity,humanity,hju:'mæniti,,"[""n.""]","[{""pos"":""n."",""zh"":""人性, 人类, 博爱"",""en"":""n. the quality of being humane""}]",{},"[""cet6""]",3501,B2,HARD,ecdict
correlation,correlation,.kɒrә'leiʃәn,,"[""n.""]","[{""pos"":""n."",""zh"":""相互关系, 相关, 关联"",""en"":""n. a reciprocal relation between two or more things""},{""pos"":"""",""zh"":""[医] 相关, 联系"",""en"":""n. a statistical relation between two or more variables such that systematic changes in the value of one variable are accompanied by systematic changes in the other""}]","{""plural"":""correlations""}","[""cet6""]",3502,B2,HARD,ecdict
allegation,allegation,.æli'geiʃәn,,"[""n.""]","[{""pos"":""n."",""zh"":""断言, 主张, 申辩"",""en"":""n. (law) a formal accusation against somebody (often in a court of law)""},{""pos"":"""",""zh"":""[法] 声明, 事实陈述, 断言"",""en"":""n. statements affirming or denying certain matters of fact that you are prepared to prove""}]","{""plural"":""allegations""}","[""cet6""]",3516,B2,HARD,ecdict
initiate,initiate,i'niʃieit,,"[""n."",""a."",""vt.""]","[{""pos"":""n."",""zh"":""入会, 开始"",""en"":""n. someone who has been admitted to membership in a scholarly field""},{""pos"":""a."",""zh"":""新加入的"",""en"":""n. people who have been introduced to the mysteries of some field or activity""},{""pos"":""vt."",""zh"":""开始, 传授基本知识给"",""en"":""v. take the lead or initiative in; participate in the development of""}]","{""pastParticiple"":""initiated"",""presentParticiple"":""initiating"",""past"":""initiated"",""thirdPerson"":""initiates"",""plural"":""initiates""}","[""cet6""]",3524,B2,HARD,ecdict
plead,plead,pli:d,,"[""vi."",""vt.""]","[{""pos"":""vi."",""zh"":""辩护, 恳求"",""en"":""v. appeal or request earnestly""},{""pos"":""vt."",""zh"":""为...辩护, 提出...借口, 托称, 恳求"",""en"":""v. offer as an excuse or plea""}]","{""past"":""pleaded"",""presentParticiple"":""pleading"",""pastParticiple"":""pleaded"",""thirdPerson"":""pleads""}","[""cet6""]",3525,B2,HARD,ecdict
seemingly,seemingly,'si:miŋli,,"[""adv.""]","[{""pos"":""adv."",""zh"":""看来似乎, 表面上看来"",""en"":""r from appearances alone""}]",{},"[""cet6""]",3541,B2,HARD,ecdict
inspector,inspector,in'spektә,,"[""n.""]","[{""pos"":""n."",""zh"":""检查员, 巡视员"",""en"":""n. a high ranking police officer""},{""pos"":"""",""zh"":""[化] 检查员"",""en"":""""}]","{""plural"":""inspectors""}","[""cet6""]",3550,B2,HARD,ecdict
fraud,fraud,frɒ:d,,"[""n.""]","[{""pos"":""n."",""zh"":""欺骗, 欺诈, 诡计, 骗子"",""en"":""n. intentional deception resulting in injury to another person""},{""pos"":"""",""zh"":""[经] 欺诈, 舞弊, 骗子"",""en"":""n. something intended to deceive; deliberate trickery intended to gain an advantage""}]","{""plural"":""frauds""}","[""cet6""]",3551,B2,HARD,ecdict
contend,contend,kәn'tend,,"[""vi."",""vt.""]","[{""pos"":""vi."",""zh"":""奋斗, 斗争, 竞争"",""en"":""v. maintain or assert""},{""pos"":""vt."",""zh"":""为...斗争"",""en"":""v. be engaged in a fight; carry on a fight""}]","{""thirdPerson"":""contends"",""past"":""contended"",""pastParticiple"":""contended"",""presentParticiple"":""contending""}","[""cet6""]",3552,B2,HARD,ecdict
array,array,ә'rei,,"[""n."",""vt.""]","[{""pos"":""n."",""zh"":""排列, 衣服, 大批, 军队"",""en"":""n. an orderly arrangement""},{""pos"":""vt."",""zh"":""布署, 打扮, 排列"",""en"":""n. an impressive display""},{""pos"":"""",""zh"":""[计] 数组; 阵列"",""en"":""n. especially fine or decorative clothing""}]","{""plural"":""arrays"",""past"":""arrayed"",""pastParticiple"":""arrayed"",""presentParticiple"":""arraying"",""thirdPerson"":""arrays""}","[""cet6""]",3554,B2,HARD,ecdict
monster,monster,'mɒnstә,,"[""n.""]","[{""pos"":""n."",""zh"":""怪物, 恶人, 巨物"",""en"":""n. an imaginary creature usually having various human and animal parts""},{""pos"":"""",""zh"":""[医] 畸胎"",""en"":""n. a cruel wicked and inhuman person""}]","{""plural"":""monsters""}","[""cet6""]",3565,B2,HARD,ecdict
facilitate,facilitate,fә'siliteit,,"[""vt.""]","[{""pos"":""vt."",""zh"":""使容易, 促进, 帮助"",""en"":""v. make easier""},{""pos"":"""",""zh"":""[法] 使容易, 使便利, 推进"",""en"":""v. increase the likelihood of (a response)""}]","{""pastParticiple"":""facilitated"",""thirdPerson"":""facilitates"",""presentParticiple"":""facilitating"",""past"":""facilitated""}","[""cet6""]",3568,B2,HARD,ecdict
overwhelming,overwhelming,.әuvә'hwelmiŋ,,"[""a.""]","[{""pos"":""a."",""zh"":""压倒性的, 无法抵抗的"",""en"":""v overcome, as with emotions or perceptual stimuli""}]","{""lemma"":""i"",""lemmaOf"":""overwhelm""}","[""cet6""]",3571,B2,HARD,ecdict
rip,rip,rip,,"[""n."",""vi."",""vt.""]","[{""pos"":""n."",""zh"":""裂痕, 破绽, 拉裂, 浪子, 巨浪"",""en"":""n. an opening made forcibly as by pulling apart""},{""pos"":""vi."",""zh"":""被拉开, 裂开, 猛冲"",""en"":""n. a stretch of turbulent water in a river or the sea caused by one current flowing into or across another current""},{""pos"":""vt."",""zh"":""撕, 扯, 劈"",""en"":""v. move precipitously or violently""}]","{""past"":""ripped"",""pastParticiple"":""ripped"",""presentParticiple"":""ripping"",""thirdPerson"":""rips"",""plural"":""rips""}","[""cet6""]",3572,B2,HARD,ecdict
herb,herb,hә:b,,"[""n.""]","[{""pos"":""n."",""zh"":""药草, 香草"",""en"":""n. a plant lacking a permanent woody stem; many are flowering garden plants or potherbs; some having medicinal properties; some are pests""},{""pos"":"""",""zh"":""[医] 草, 草本, 草药"",""en"":""n. aromatic potherb used in cookery for its savory qualities""}]","{""plural"":""herbs""}","[""cet6""]",3573,B2,HARD,ecdict
recession,recession,ri'seʃәn,,"[""n.""]","[{""pos"":""n."",""zh"":""后退, 凹处, 衰退, 归还"",""en"":""n. the state of the economy declines; a widespread decline in the GDP and employment and trade lasting from six months to a year""},{""pos"":"""",""zh"":""[医] 退缩"",""en"":""n. the withdrawal of the clergy and choir from the chancel to the vestry at the end of a church service""}]","{""plural"":""recessions""}","[""cet6""]",3576,B2,HARD,ecdict
nightmare,nightmare,'naitmєә,,"[""n.""]","[{""pos"":""n."",""zh"":""梦魇, 恶梦, 可怕的事物(或情景、人物)"",""en"":""n. a situation resembling a terrifying dream""},{""pos"":"""",""zh"":""[医] 梦魇, 恶梦"",""en"":""n. a terrifying or deeply upsetting dream""}]","{""plural"":""nightmares""}","[""cet6""]",3586,B2,HARD,ecdict
consistently,consistently,,,"[""adv.""]","[{""pos"":""adv."",""zh"":""坚固, 坚实, 一致, 始终如一, 连贯"",""en"":""r in a systematic or consistent manner""},{""pos"":"""",""zh"":""[计] 相容地"",""en"":""""}]",{},"[""cet6""]",3596,B2,HARD,ecdict
basement,basement,'beismәnt,,"[""n.""]","[{""pos"":""n."",""zh"":""地下室, 墙脚"",""en"":""n. the lowermost portion of a structure partly or wholly below ground level; often used for storage""},{""pos"":"""",""zh"":""[化] 地下室"",""en"":""n. the ground floor facade or interior in Renaissance architecture""}]","{""plural"":""basements""}","[""cet6""]",3598,B2,HARD,ecdict
questionnaire,questionnaire,kwestʃә'nєә,,"[""n.""]","[{""pos"":""n."",""zh"":""调查表, 问卷"",""en"":""n. a form containing a set of questions; submitted to people to gain statistical information""},{""pos"":"""",""zh"":""[经] 调查表"",""en"":""""}]","{""plural"":""questionnaires""}","[""cet6""]",3606,B2,HARD,ecdict
prediction,prediction,pri'dikʃәn,,"[""n.""]","[{""pos"":""n."",""zh"":""预言, 预报"",""en"":""n. the act of predicting (as by reasoning about the future)""},{""pos"":"""",""zh"":""[化] 预测"",""en"":""n. a statement made about the future""}]","{""plural"":""predictions""}","[""cet6""]",3608,B2,HARD,ecdict
infrastructure,infrastructure,'infrәstrʌktʃә,,"[""n.""]","[{""pos"":""n."",""zh"":""基础结构, 基础设施"",""en"":""n. the basic structure or features of a system or organization""},{""pos"":"""",""zh"":""[经] 基础设施"",""en"":""n. the stock of basic facilities and capital equipment needed for the functioning of a country or area""}]","{""plural"":""infrastructures""}","[""cet6""]",3613,B2,HARD,ecdict
random,random,'rændәm,,"[""n."",""a."",""adv.""]","[{""pos"":""n."",""zh"":""随意, 随机"",""en"":""a. lacking any definite plan or order or purpose; governed by or depending on chance""},{""pos"":""a."",""zh"":""任意的, 随便的, 胡乱的, 随机的"",""en"":""""},{""pos"":""adv."",""zh"":""胡乱地"",""en"":""""}]",{},"[""cet6""]",3619,B2,HARD,ecdict
domain,domain,dәu'mein,,"[""n.""]","[{""pos"":""n."",""zh"":""领域, 领土, 产业, 范围"",""en"":""n. territory over which rule or control is exercised""},{""pos"":"""",""zh"":""[计] 域, 区域, 支配命令"",""en"":""n. (mathematics) the set of values of the independent variable for which a function is defined""}]","{""plural"":""domains""}","[""cet6""]",3627,B2,HARD,ecdict
guilt,guilt,gilt,,"[""n.""]","[{""pos"":""n."",""zh"":""罪行, 内疚"",""en"":""n. the state of having committed an offense""},{""pos"":"""",""zh"":""[法] 罪, 犯罪, 罪行"",""en"":""n. remorse caused by feeling responsible for some offense""}]","{""plural"":""guilts""}","[""cet6""]",3628,B2,HARD,ecdict
ideology,ideology,.aidi'ɒlәdʒi,,"[""n.""]","[{""pos"":""n."",""zh"":""思想体系, 意识形态, 观念学, 空论"",""en"":""n. imaginary or visionary theorization""},{""pos"":"""",""zh"":""[医] 观念学, 观念形态"",""en"":""""}]","{""plural"":""ideologies""}","[""cet6""]",3644,B2,HARD,ecdict
chronic,chronic,'krɒnik,,"[""a."",""n.""]","[{""pos"":""a."",""zh"":""慢性的, 习惯性的"",""en"":""a. being long-lasting and recurrent or characterized by long suffering""},{""pos"":""n."",""zh"":""慢性病患者"",""en"":""s. of long duration""}]",{},"[""cet6""]",3654,B2,HARD,ecdict
replacement,replacement,ri'pleismәnt,,"[""n.""]","[{""pos"":""n."",""zh"":""归还, 更换, 代替者"",""en"":""n. the act of furnishing an equivalent person or thing in the place of another""},{""pos"":"""",""zh"":""[医] 复位, 置换"",""en"":""""}]","{""plural"":""replacements""}","[""cet6""]",3656,B2,HARD,ecdict
innovation,innovation,.inәu'veiʃәn,,"[""n.""]","[{""pos"":""n."",""zh"":""改革, 创新"",""en"":""n a creation (a new device or process) resulting from study and experimentation""},{""pos"":"""",""zh"":""[法] 创新, 改革, 刷新"",""en"":""n the creation of something in the mind""}]","{""plural"":""innovations""}","[""cet6""]",3657,B2,HARD,ecdict
guitar,guitar,gi'tɑ:,,"[""n.""]","[{""pos"":""n."",""zh"":""吉他"",""en"":""n. a stringed instrument usually having six strings; played by strumming or plucking""}]","{""plural"":""guitars""}","[""cet6""]",3658,B2,HARD,ecdict
simultaneously,simultaneously,simәl'teiniәsly; (?@) saim-,,"[""adv.""]","[{""pos"":""adv."",""zh"":""同时发生, 一齐, 同时, 同时存在"",""en"":""r. at the same instant""}]",{},"[""cet6""]",3662,B2,HARD,ecdict
trigger,trigger,'trigә,,"[""n."",""vt."",""vi.""]","[{""pos"":""n."",""zh"":""触发器, 扳机"",""en"":""n. a device that activates or releases or causes something to happen""},{""pos"":""vt."",""zh"":""触发, 发射, 引起"",""en"":""n. an act that sets in motion some course of events""},{""pos"":""vi."",""zh"":""松开扳柄"",""en"":""v. release or pull the trigger on""},{""pos"":"""",""zh"":""[计] 切换开关"",""en"":""""}]","{""pastParticiple"":""triggered"",""past"":""triggered"",""presentParticiple"":""triggering"",""thirdPerson"":""triggers"",""plural"":""triggers""}","[""cet6""]",3666,B2,HARD,ecdict
adoption,adoption,ә'dɒpʃәn,,"[""n.""]","[{""pos"":""n."",""zh"":""采用, 采纳, 收养"",""en"":""n. the act of accepting with approval; favorable reception""},{""pos"":"""",""zh"":""[法] 收养, 采纳, 采用"",""en"":""n. a legal proceeding that creates a parent-child relation between persons not related by blood; the adopted child is entitled to all privileges belonging to a natural child of the adoptive parents (including the right to inherit)""}]","{""plural"":""adoptions""}","[""cet6""]",3674,B2,HARD,ecdict
convict,convict,kәn'vikt,,"[""n."",""vt.""]","[{""pos"":""n."",""zh"":""囚犯, 罪犯"",""en"":""n. a person serving a sentence in a jail or prison""},{""pos"":""vt."",""zh"":""宣告有罪, 使知罪"",""en"":""n. a person who has been convicted of a criminal offense""}]","{""pastParticiple"":""convicted"",""plural"":""convicts"",""presentParticiple"":""convicting"",""past"":""convicted"",""thirdPerson"":""convicts""}","[""cet6""]",3678,B2,HARD,ecdict
undermine,undermine,.ʌndә'main,,"[""vt.""]","[{""pos"":""vt."",""zh"":""在...下面挖, 渐渐破坏, 暗地里破坏"",""en"":""v destroy property or hinder normal operations""},{""pos"":"""",""zh"":""[法] 暗中破坏, 以阴谋中伤伤害"",""en"":""v hollow out as if making a cave or opening""}]","{""pastParticiple"":""undermined"",""presentParticiple"":""undermining"",""thirdPerson"":""undermines"",""past"":""undermined""}","[""cet6""]",3697,B2,HARD,ecdict
ballot,ballot,'bælәt,,"[""n."",""vi."",""vt.""]","[{""pos"":""n."",""zh"":""投票, 投票用纸, 抽签"",""en"":""n. a document listing the alternatives that is used in voting""},{""pos"":""vi."",""zh"":""投票, 抽签"",""en"":""v. vote by ballot""},{""pos"":""vt."",""zh"":""投票选出, 拉选票"",""en"":""""}]","{""plural"":""ballots"",""presentParticiple"":""balloting"",""past"":""balloted"",""thirdPerson"":""ballots"",""pastParticiple"":""balloted""}","[""cet6""]",3706,B2,HARD,ecdict
web,web,web,,"[""n."",""vi."",""vt.""]","[{""pos"":""n."",""zh"":""网, 蛛丝, 蹼, 织物, 圈套, 卷筒纸"",""en"":""n. an intricate network suggesting something that was formed by weaving or interweaving""},{""pos"":""vi."",""zh"":""结网, 形成网"",""en"":""n. an intricate trap that entangles or ensnares its victim""},{""pos"":""vt."",""zh"":""织蜘蛛网于, 使落入圈套"",""en"":""n. a fabric (especially a fabric in the process of being woven)""}]","{""plural"":""webs"",""presentParticiple"":""webbing"",""past"":""webbed"",""thirdPerson"":""webs"",""pastParticiple"":""webbed""}","[""cet6""]",3706,B2,HARD,ecdict
profound,profound,prә'faund,,"[""a.""]","[{""pos"":""a."",""zh"":""极深的, 深厚的, 深刻的, 渊博的"",""en"":""a. showing intellectual penetration or emotional depth""}]","{""superlative"":""profoundest"",""comparative"":""profounder""}","[""cet6""]",3735,B2,HARD,ecdict
lobby,lobby,'lɒbi,,"[""n."",""vi."",""vt.""]","[{""pos"":""n."",""zh"":""大厅, 休息室, 游说议员者"",""en"":""n. the people who support some common cause or business or principle or sectional interest""},{""pos"":""vi."",""zh"":""游说议员, 游说"",""en"":""n. a group of people who try actively to influence legislation""},{""pos"":""vt."",""zh"":""游说"",""en"":""v. detain in conversation by or as if by holding on to the outer garments of; as for political or economic favors""}]","{""plural"":""lobbies"",""presentParticiple"":""lobbying"",""pastParticiple"":""lobbied"",""past"":""lobbied"",""thirdPerson"":""lobbies""}","[""cet6""]",3736,B2,HARD,ecdict
trait,trait,treit,,"[""n.""]","[{""pos"":""n."",""zh"":""特征, 特性, 一笔, 少许"",""en"":""n. a distinguishing feature of your personal nature""}]","{""plural"":""traits""}","[""cet6""]",3737,B2,HARD,ecdict
currency,currency,'kʌrәnsi,,"[""n.""]","[{""pos"":""n."",""zh"":""货币, 通货, 流通, 通用"",""en"":""n. the metal or paper medium of exchange that is presently used""},{""pos"":"""",""zh"":""[计] 货币, 货币型"",""en"":""n. general acceptance or use""}]","{""plural"":""currencies""}","[""cet6""]",3738,B2,HARD,ecdict
doctrine,doctrine,'dɒktrin,,"[""n.""]","[{""pos"":""n."",""zh"":""教条, 学说"",""en"":""n. a belief (or system of beliefs) accepted as authoritative by some group or school""},{""pos"":"""",""zh"":""[医] 学说"",""en"":""""}]","{""plural"":""doctrines""}","[""cet6""]",3746,B2,HARD,ecdict
complexity,complexity,kәm'pleksiti,,"[""n.""]","[{""pos"":""n."",""zh"":""复杂, 复杂性, 复杂的事物"",""en"":""n. the quality of being intricate and compounded""}]","{""plural"":""complexities""}","[""cet6""]",3757,B2,HARD,ecdict
meaningful,meaningful,'mi:niŋful,,"[""a.""]","[{""pos"":""a."",""zh"":""意味深长的"",""en"":""a. having a meaning or purpose""}]",{},"[""cet6""]",3769,B2,HARD,ecdict
spouse,spouse,spauz,,"[""n.""]","[{""pos"":""n."",""zh"":""配偶"",""en"":""n. a person's partner in marriage""}]","{""plural"":""spouses""}","[""cet6""]",3777,B2,HARD,ecdict
sodium,sodium,'sәudiәm,,"[""n.""]","[{""pos"":""n."",""zh"":""钠"",""en"":""n. a silvery soft waxy metallic element of the alkali metal group; occurs abundantly in natural compounds (especially in salt water); burns with a yellow flame and reacts violently in water; occurs in sea water and in the mineral halite (rock salt)""},{""pos"":"""",""zh"":""[化] 钠Na"",""en"":""""}]",{},"[""cet6""]",3783,B2,HARD,ecdict
promotion,promotion,prәu'mәuʃәn,,"[""n.""]","[{""pos"":""n."",""zh"":""晋级, 创建, 增进"",""en"":""n. a message issued in behalf of some product or cause or idea or person or institution""},{""pos"":"""",""zh"":""[经] 推广, 推销, 促进"",""en"":""n. act of raising in rank or position""}]","{""plural"":""promotions""}","[""cet6""]",3786,B2,HARD,ecdict
detective,detective,di'tektiv,,"[""n."",""a.""]","[{""pos"":""n."",""zh"":""侦探"",""en"":""n. a police officer who investigates crimes""},{""pos"":""a."",""zh"":""侦探的"",""en"":""n. an investigator engaged or employed in obtaining information not easily available to the public""}]","{""plural"":""detectives""}","[""cet6""]",3793,B2,HARD,ecdict
compensation,compensation,.kɒmpen'seiʃәn,,"[""n.""]","[{""pos"":""n."",""zh"":""补偿, 赔偿金, 工资"",""en"":""n. something (such as money) given or received as payment or reparation (as for a service or loss or injury)""},{""pos"":"""",""zh"":""[医] 代偿(机能), 补偿"",""en"":""n. (psychiatry) a defense mechanism that conceals your undesirable shortcomings by exaggerating desirable behaviors""}]","{""plural"":""compensations""}","[""cet6""]",3796,B2,HARD,ecdict
dedicate,dedicate,'dedikeit,,"[""vt.""]","[{""pos"":""vt."",""zh"":""献出, 贡献"",""en"":""v. open to public use, as of a highway, park, or building""}]","{""pastParticiple"":""dedicated"",""past"":""dedicated"",""presentParticiple"":""dedicating"",""thirdPerson"":""dedicates""}","[""cet6""]",3799,B2,HARD,ecdict
engagement,engagement,in'geidʒdmәnt,,"[""n.""]","[{""pos"":""n."",""zh"":""诺言, 约会, 婚约, 交战"",""en"":""n. employment for performers or performing groups that lasts for a limited period of time""},{""pos"":"""",""zh"":""[医] 衔接"",""en"":""n. contact by fitting together""}]","{""plural"":""engagements""}","[""cet6""]",3812,B2,HARD,ecdict
transaction,transaction,træn'sækʃәn,,"[""n.""]","[{""pos"":""n."",""zh"":""交易, 办理, 学报, 和解协议"",""en"":""n. the act of transacting within or between groups (as carrying on commercial activities)""},{""pos"":"""",""zh"":""[计] 事务处理"",""en"":""""}]","{""plural"":""transactions""}","[""cet6""]",3813,B2,HARD,ecdict
counterpart,counterpart,'kauntәpɑ:t,,"[""n.""]","[{""pos"":""n."",""zh"":""副本, 复本, 配对物, 相应物"",""en"":""n. a person or thing having the same function or characteristics as another""},{""pos"":"""",""zh"":""[经] 副本, 正副二份中之一"",""en"":""n. a duplicate copy""}]","{""plural"":""counterparts""}","[""cet6""]",3816,B2,HARD,ecdict
amid,amid,ә'mid,,"[""prep.""]","[{""pos"":""prep."",""zh"":""在其间, 在其中"",""en"":""prep. See Amidst.""},{""pos"":"""",""zh"":""[经] 在...中"",""en"":""prep. In the midst or middle of; surrounded or encompassed by;""}]",{},"[""cet6""]",3825,B2,HARD,ecdict
residential,residential,.rezi'denʃәl,,"[""a.""]","[{""pos"":""a."",""zh"":""住宅的, 与居住有关的"",""en"":""a. used or designed for residence or limited to residences""},{""pos"":"""",""zh"":""[法] 有关居住的, 房产的:居所的, 适于居住的"",""en"":""a. of or relating to or connected with residence""}]",{},"[""cet6""]",3828,B2,HARD,ecdict
diagnose,diagnose,'daiәgnәuz,,"[""v.""]","[{""pos"":""v."",""zh"":""诊断"",""en"":""v. determine or distinguish the nature of a problem or an illness through a diagnostic analysis""}]","{""pastParticiple"":""diagnosed"",""past"":""diagnosed"",""presentParticiple"":""diagnosing"",""thirdPerson"":""diagnoses"",""plural"":""diagnoses""}","[""cet6""]",3832,B2,HARD,ecdict
poster,poster,'pәustә,,"[""n.""]","[{""pos"":""n."",""zh"":""海报, 招贴, 驿马"",""en"":""n. a sign posted in a public place as an advertisement""}]","{""plural"":""posters""}","[""cet6""]",3834,B2,HARD,ecdict
hug,hug,hʌg,,"[""n."",""vt.""]","[{""pos"":""n."",""zh"":""紧抱, 拥抱"",""en"":""n. a tight or amorous embrace""},{""pos"":""vt."",""zh"":""紧抱, 坚持, 使沾沾自喜"",""en"":""v. fit closely or tightly""}]","{""past"":""hugged"",""presentParticiple"":""hugging"",""plural"":""hugs"",""pastParticiple"":""hugged"",""thirdPerson"":""hugs""}","[""cet6""]",3858,B2,HARD,ecdict
exploration,exploration,.eksplә'reiʃәn,,"[""n.""]","[{""pos"":""n."",""zh"":""探险, 踏勘, 探测"",""en"":""n. to travel for the purpose of discovery""},{""pos"":"""",""zh"":""[医] 探察"",""en"":""n. a careful systematic search""}]","{""plural"":""explorations""}","[""cet6""]",3885,B2,HARD,ecdict
spectrum,spectrum,'spektrәm,,"[""n.""]","[{""pos"":""n."",""zh"":""光谱, 范围, 系列"",""en"":""n. an ordered array of the components of an emission or wave""},{""pos"":"""",""zh"":""[化] 光谱"",""en"":""n. a broad range of related objects or values or qualities or ideas or activities""}]","{""plural"":""spectra""}","[""cet6""]",3893,B2,HARD,ecdict
expertise,expertise,.ekspә:'ti:z,,"[""n.""]","[{""pos"":""n."",""zh"":""专家意见, 专门技术"",""en"":""n skillfulness by virtue of possessing special knowledge""},{""pos"":"""",""zh"":""[法] 专门知识, 专家意见"",""en"":""""}]","{""plural"":""expertises""}","[""cet6""]",3898,B2,HARD,ecdict
recipient,recipient,ri'sipiәnt,,"[""a."",""n.""]","[{""pos"":""a."",""zh"":""领受的, 容易接受的, 感受性强的"",""en"":""n. a person who receives something""},{""pos"":""n."",""zh"":""领受者, 容纳者, 容器"",""en"":""""}]","{""plural"":""recipients""}","[""cet6""]",3919,B2,HARD,ecdict
bias,bias,'baiәs,,"[""n."",""a."",""adv."",""vt.""]","[{""pos"":""n."",""zh"":""偏见, 斜纹"",""en"":""n. a partiality that prevents objective consideration of an issue or situation""},{""pos"":""a."",""zh"":""偏斜的"",""en"":""v. influence in an unfair way""},{""pos"":""adv."",""zh"":""偏斜"",""en"":""v. cause to be biased""},{""pos"":""vt."",""zh"":""使有偏见"",""en"":""s. slanting diagonally across the grain of a fabric""},{""pos"":"""",""zh"":""[计] 偏流; 偏压; 偏磁; 偏离"",""en"":""""}]","{""pastParticiple"":""biased"",""past"":""biased"",""presentParticiple"":""biassing"",""thirdPerson"":""biases""}","[""cet6""]",3925,B2,HARD,ecdict
entity,entity,'entiti,,"[""n.""]","[{""pos"":""n."",""zh"":""实体, 实存物, 存在"",""en"":""n. that which is perceived or known or inferred to have its own distinct existence (living or nonliving)""},{""pos"":"""",""zh"":""[计] 实体"",""en"":""""}]","{""plural"":""entities""}","[""cet6""]",3932,B2,HARD,ecdict
diplomatic,diplomatic,.diplә'mætik,,"[""a.""]","[{""pos"":""a."",""zh"":""外交的, 老练的"",""en"":""a. relating to or characteristic of diplomacy""},{""pos"":"""",""zh"":""[法] 外交的, 外交上的, 文献上的"",""en"":""a. using or marked by tact in dealing with sensitive matters or people""}]",{},"[""cet6""]",3940,B2,HARD,ecdict
minimize,minimize,'minimaiz,,"[""vt."",""vi.""]","[{""pos"":""vt."",""zh"":""将...减到最少"",""en"":""v. make small or insignificant""},{""pos"":""vt."",""zh"":""最小化"",""en"":""v. cause to seem less serious; play down""},{""pos"":""vi."",""zh"":""最小化"",""en"":""""},{""pos"":"""",""zh"":""[计] 最小化"",""en"":""""}]","{""presentParticiple"":""minimizing"",""pastParticiple"":""minimized"",""thirdPerson"":""minimizes"",""past"":""minimized""}","[""cet6""]",3941,B2,HARD,ecdict
elegant,elegant,'eligәnt,,"[""a.""]","[{""pos"":""a."",""zh"":""优雅的, 端庄的, 高雅的"",""en"":""a. refined and tasteful in appearance or behavior or style""}]",{},"[""cet6""]",3942,B2,HARD,ecdict
diminish,diminish,di'miniʃ,,"[""v.""]","[{""pos"":""v."",""zh"":""(使)减少, (使)变小"",""en"":""v. lessen the authority, dignity, or reputation of""}]","{""pastParticiple"":""diminished"",""thirdPerson"":""diminishes"",""presentParticiple"":""diminishing"",""past"":""diminished""}","[""cet6""]",3958,B2,HARD,ecdict
prevention,prevention,pri'venʃәn,,"[""n.""]","[{""pos"":""n."",""zh"":""阻止, 妨碍, 预防"",""en"":""n. the act of preventing""},{""pos"":"""",""zh"":""[医] 预防"",""en"":""""}]","{""plural"":""preventions""}","[""cet6""]",3960,B2,HARD,ecdict
intent,intent,in'tent,,"[""n."",""a.""]","[{""pos"":""n."",""zh"":""意图, 含义, 故意"",""en"":""n. the intended meaning of a communication""},{""pos"":""a."",""zh"":""专心的, 决心的, 热心的"",""en"":""""}]","{""plural"":""intents""}","[""cet6""]",3961,B2,HARD,ecdict
inventory,inventory,'invәntәri,,"[""n."",""vt.""]","[{""pos"":""n."",""zh"":""详细目录, 存货清单"",""en"":""n. a detailed list of all the items in stock""},{""pos"":""vt."",""zh"":""列入详细目录, 清点存货"",""en"":""n. (accounting) the value of a firm's current assets including raw materials and work in progress and finished goods""},{""pos"":"""",""zh"":""[计] 存货清单"",""en"":""n. making an itemized list of merchandise or supplies on hand""}]","{""plural"":""inventories"",""past"":""inventoried"",""pastParticiple"":""inventoried"",""presentParticiple"":""inventorying"",""thirdPerson"":""inventories""}","[""cet6""]",3967,B2,HARD,ecdict
magnitude,magnitude,'mægnitju:d,,"[""n.""]","[{""pos"":""n."",""zh"":""巨大, 重大, 重要, 大小, 数量, 星等(指星的亮度)"",""en"":""n. the property of relative size or extent (whether large or small)""},{""pos"":"""",""zh"":""[计] 大小; 值"",""en"":""n. relative importance""}]","{""plural"":""magnitudes""}","[""cet6""]",3971,B2,HARD,ecdict
hostage,hostage,'hɒstidʒ,,"[""n.""]","[{""pos"":""n."",""zh"":""人质, 抵押品"",""en"":""n. a prisoner who is held by one party to insure that another party will meet specified terms""},{""pos"":"""",""zh"":""[经] 人质, 抵押品"",""en"":""""}]","{""plural"":""hostages""}","[""cet6""]",3972,B2,HARD,ecdict
popularity,popularity,.pɒpju'læriti,,"[""n.""]","[{""pos"":""n."",""zh"":""名声, 受大众欢迎, 流行"",""en"":""n. the quality of being widely admired or accepted or sought after""}]",{},"[""cet6""]",3974,B2,HARD,ecdict
alien,alien,'eiljәn,,"[""n."",""a.""]","[{""pos"":""n."",""zh"":""外国人, 外侨"",""en"":""v. transfer property or ownership""},{""pos"":""a."",""zh"":""外国的, 相异的"",""en"":""s. not contained in or deriving from the essential nature of something""}]","{""plural"":""aliens"",""presentParticiple"":""aliening"",""past"":""aliened"",""thirdPerson"":""aliens"",""pastParticiple"":""aliened""}","[""cet6""]",3977,B2,HARD,ecdict
photography,photography,fә'tɒgrәfi,,"[""n.""]","[{""pos"":""n."",""zh"":""摄影, 摄影术"",""en"":""n. the act of taking and printing photographs""},{""pos"":"""",""zh"":""[化] 照相术"",""en"":""n. the process of producing images of objects on photosensitive surfaces""}]",{},"[""cet6""]",3986,B2,HARD,ecdict
realistic,realistic,riә'listik,,"[""a.""]","[{""pos"":""a."",""zh"":""现实的, 逼真的, 现实主义的, 实在论的"",""en"":""a. aware or expressing awareness of things as they really are""}]",{},"[""cet6""]",3993,B2,HARD,ecdict
gathering,gathering,'gæðәriŋ,,"[""n.""]","[{""pos"":""n."",""zh"":""聚集, 集中, 采集"",""en"":""n. a group of persons together in one place""},{""pos"":"""",""zh"":""[化] 富集"",""en"":""""}]","{""lemmaOf"":""gather"",""lemma"":""i"",""plural"":""gatherings"",""presentParticiple"":""gathering""}","[""cet6""]",3999,B2,HARD,ecdict
romance,romance,rәu'mæns,,"[""n."",""vi.""]","[{""pos"":""n."",""zh"":""冒险故事, 浪漫史, 传奇文学"",""en"":""n. the group of languages derived from Latin""},{""pos"":""vi."",""zh"":""写传奇, 作空想, 虚构"",""en"":""n. a novel dealing with idealized events remote from everyday life""}]","{""plural"":""romances"",""presentParticiple"":""romancing"",""pastParticiple"":""romanced"",""past"":""romanced"",""thirdPerson"":""romances""}","[""cet6""]",4016,B2,HARD,ecdict
kit,kit,kit,,"[""n.""]","[{""pos"":""n."",""zh"":""装备, 工具箱, 成套工具"",""en"":""n. a case for containing a set of articles""},{""pos"":"""",""zh"":""[计] 成套部件; 成套零件"",""en"":""n. gear consisting of a set of articles or tools for a specified purpose""}]","{""plural"":""kits"",""pastParticiple"":""kitted"",""presentParticiple"":""kitting"",""past"":""kitted"",""thirdPerson"":""kits""}","[""cet6""]",4018,B2,HARD,ecdict
annually,annually,'ænjuәli,,"[""adv.""]","[{""pos"":""adv."",""zh"":""一年一次, 每年"",""en"":""r. without missing a year""},{""pos"":"""",""zh"":""[经] 年度的, 每年的"",""en"":""""}]",{},"[""cet6""]",4025,B2,HARD,ecdict
ranch,ranch,ræntʃ. rɑ:ntʃ,,"[""n."",""v.""]","[{""pos"":""n."",""zh"":""大牧场"",""en"":""n. farm consisting of a large tract of land along with facilities needed to raise livestock (especially cattle)""},{""pos"":""v."",""zh"":""经营牧场"",""en"":""v. manage or run a ranch""}]","{""plural"":""ranches"",""presentParticiple"":""ranching"",""past"":""ranched"",""thirdPerson"":""ranches"",""pastParticiple"":""ranched""}","[""cet6""]",4036,B2,HARD,ecdict
verbal,verbal,'vә:bl,,"[""a.""]","[{""pos"":""a."",""zh"":""用言辞的, 言语的, 口头的, 逐字的, 动词的"",""en"":""s. communicated in the form of words""},{""pos"":"""",""zh"":""[医] 言语的, 口述的"",""en"":""a. of or relating to or formed from words in general""}]","{""plural"":""verbals""}","[""cet6""]",4037,B2,HARD,ecdict
coastal,coastal,'kәustәl,,"[""a.""]","[{""pos"":""a."",""zh"":""海岸的, 沿海的, 沿岸的"",""en"":""a. of or relating to a coast""},{""pos"":"""",""zh"":""[法] 海岸的, 沿海的"",""en"":""a. located on or near or bordering on a coast""}]",{},"[""cet6""]",4039,B2,HARD,ecdict
sentiment,sentiment,'sentimәnt,,"[""n.""]","[{""pos"":""n."",""zh"":""感情, 感伤, 情操, 情绪, 感想, 意见"",""en"":""n. tender, romantic, or nostalgic feeling or emotion""},{""pos"":"""",""zh"":""[医] 情感, 情操"",""en"":""""}]","{""plural"":""sentiments""}","[""cet6""]",4051,B2,HARD,ecdict
divine,divine,di'vain,,"[""a."",""n.""]","[{""pos"":""a."",""zh"":""神的, 神圣的, 非凡的"",""en"":""v. perceive intuitively or through some inexplicable perceptive powers""},{""pos"":""n."",""zh"":""神学家"",""en"":""v. search by divining, as if with a rod""}]","{""pastParticiple"":""divined"",""plural"":""divines"",""past"":""divined"",""presentParticiple"":""divining"",""thirdPerson"":""divines"",""comparative"":""diviner""}","[""cet6""]",4052,B2,HARD,ecdict
inspiration,inspiration,.inspә'reiʃәn,,"[""n.""]","[{""pos"":""n."",""zh"":""灵感, 鼓舞人心的人或物, 妙计, 吸气"",""en"":""n. arousal of the mind to special unusual activity or creativity""},{""pos"":"""",""zh"":""[医] 吸[气]"",""en"":""n. a product of your creative thinking and work""}]","{""plural"":""inspirations""}","[""cet6""]",4058,B2,HARD,ecdict
quest,quest,kwest,,"[""n."",""v.""]","[{""pos"":""n."",""zh"":""探索, 寻求, 调查"",""en"":""n. the act of searching for something""},{""pos"":""v."",""zh"":""寻找, 找, 追寻猎物"",""en"":""v. make a search (for)""}]","{""plural"":""quests"",""presentParticiple"":""questing"",""past"":""quested"",""pastParticiple"":""quested"",""thirdPerson"":""quests""}","[""cet6""]",4067,B2,HARD,ecdict
bid,bid,bid,,"[""n."",""v.""]","[{""pos"":""n."",""zh"":""出价"",""en"":""n. an attempt to get something""},{""pos"":""v."",""zh"":""命令, 吩咐, 请求, 表示, 宣布, 投标"",""en"":""n. a formal proposal to buy at a specified price""}]","{""plural"":""bids"",""pastParticiple"":""bid"",""lemmaOf"":""bid"",""lemma"":""dp"",""presentParticiple"":""bidding"",""past"":""bade"",""thirdPerson"":""bids""}","[""cet6""]",4069,B2,HARD,ecdict
slap,slap,slæp,,"[""n."",""v."",""adv.""]","[{""pos"":""n."",""zh"":""掴, 掌击, 侮辱, 拍击声"",""en"":""n. a blow from a flat object (as an open hand)""},{""pos"":""v."",""zh"":""拍击, 惩罚"",""en"":""v. hit with something flat, like a paddle or the open hand""},{""pos"":""adv."",""zh"":""正面地, 直接地, 突然地"",""en"":""""}]","{""past"":""slapped"",""presentParticiple"":""slapping"",""pastParticiple"":""slapped"",""thirdPerson"":""slaps"",""plural"":""slaps""}","[""cet6""]",4086,B2,HARD,ecdict
toxic,toxic,'tɒksik,,"[""a.""]","[{""pos"":""a."",""zh"":""有毒的, 中毒的"",""en"":""a. of or relating to or caused by a toxin or poison""},{""pos"":"""",""zh"":""[医] 中毒的, 毒物的"",""en"":""""}]","{""plural"":""toxics""}","[""cet6""]",4090,B2,HARD,ecdict
grief,grief,gri:f,,"[""n.""]","[{""pos"":""n."",""zh"":""伤心, 忧愁, 悲痛, 不幸, 灾难"",""en"":""n. intense sorrow caused by loss of a loved one (especially by death)""}]","{""plural"":""griefs""}","[""cet6""]",4092,B2,HARD,ecdict
donate,donate,'dәuneit,,"[""v.""]","[{""pos"":""v."",""zh"":""捐赠"",""en"":""v. give to a charity or good cause""}]","{""pastParticiple"":""donated"",""past"":""donated"",""presentParticiple"":""donating"",""thirdPerson"":""donates""}","[""cet6""]",4095,B2,HARD,ecdict
tackle,tackle,'tækl,,"[""n."",""vt."",""vi.""]","[{""pos"":""n."",""zh"":""工具, 复滑车, 滑车, 装备, 扭倒"",""en"":""n. the person who plays that position on a football team""},{""pos"":""vt."",""zh"":""固定, 处理, 抓住"",""en"":""n. (American football) a position on the line of scrimmage""},{""pos"":""vi."",""zh"":""扭倒"",""en"":""n. (American football) grasping an opposing player with the intention of stopping by throwing to the ground""}]","{""presentParticiple"":""tackling"",""pastParticiple"":""tackled"",""past"":""tackled"",""thirdPerson"":""tackles"",""plural"":""tackles""}","[""cet6""]",4096,B2,HARD,ecdict
dignity,dignity,'digniti,,"[""n.""]","[{""pos"":""n."",""zh"":""尊严, 高贵"",""en"":""n. the quality of being worthy of esteem or respect""},{""pos"":"""",""zh"":""[法] 尊严, 高位, 高贵"",""en"":""n. formality in bearing and appearance""}]","{""plural"":""dignities""}","[""cet6""]",4100,B2,HARD,ecdict
tightly,tightly,'taitli,,"[""adv.""]","[{""pos"":""adv."",""zh"":""紧紧地, 坚固地"",""en"":""r. in a tight or constricted manner""}]",{},"[""cet6""]",4107,B2,HARD,ecdict
dilemma,dilemma,di'lemә,,"[""n.""]","[{""pos"":""n."",""zh"":""困境, (进退两难的)窘境"",""en"":""n. state of uncertainty or perplexity especially as requiring a choice between equally unfavorable options""}]","{""plural"":""dilemmas""}","[""cet6""]",4118,B2,HARD,ecdict
liability,liability,laiә'biliti,,"[""n.""]","[{""pos"":""n."",""zh"":""责任, 债务, 倾向"",""en"":""n. the state of being legally obliged and responsible""},{""pos"":"""",""zh"":""[经] 责任, 义务, 负债"",""en"":""n. the quality of being something that holds you back""}]","{""plural"":""liabilities""}","[""cet6""]",4121,B2,HARD,ecdict
thoroughly,thoroughly,'θʌrәli,,"[""adv.""]","[{""pos"":""adv."",""zh"":""彻底地, 绝对地, 透彻地, 详尽地, 周到地, 完全地, 完善地, 全面地"",""en"":""r. in an exhaustive manner""}]",{},"[""cet6""]",4135,B2,HARD,ecdict
shrimp,shrimp,ʃrimp,,"[""n."",""vi.""]","[{""pos"":""n."",""zh"":""虾, 小虾, 矮子"",""en"":""n. small slender-bodied chiefly marine decapod crustaceans with a long tail and single pair of pincers; many species are edible""},{""pos"":""vi."",""zh"":""捕小虾"",""en"":""v. fish for shrimp""}]","{""plural"":""shrimps"",""presentParticiple"":""shrimping"",""past"":""shrimped"",""thirdPerson"":""shrimps"",""pastParticiple"":""shrimped""}","[""cet6""]",4144,B2,HARD,ecdict
costume,costume,'kɒstju:m,,"[""n.""]","[{""pos"":""n."",""zh"":""装束, 服装"",""en"":""n. the attire worn in a play or at a fancy dress ball""}]","{""plural"":""costumes"",""past"":""costumed"",""pastParticiple"":""costumed"",""presentParticiple"":""costuming"",""thirdPerson"":""costumes""}","[""cet6""]",4152,B2,HARD,ecdict
grin,grin,grin,,"[""n."",""v.""]","[{""pos"":""n."",""zh"":""露齿笑"",""en"":""v. to draw back the lips and reveal the teeth, in a smile, grimace, or snarl""},{""pos"":""v."",""zh"":""露齿而笑"",""en"":""""}]","{""past"":""grinned"",""presentParticiple"":""grinning"",""plural"":""grins"",""thirdPerson"":""grins"",""pastParticiple"":""grinned""}","[""cet6""]",4154,B2,HARD,ecdict
cartoon,cartoon,kɑ:'tu:n,,"[""n."",""v.""]","[{""pos"":""n."",""zh"":""卡通画, 漫画"",""en"":""n. a humorous or satirical drawing published in a newspaper or magazine""},{""pos"":""v."",""zh"":""画漫画"",""en"":""n. a film made by photographing a series of cartoon drawings to give the illusion of movement when projected in rapid sequence""}]","{""plural"":""cartoons"",""pastParticiple"":""cartooned"",""presentParticiple"":""cartooning""}","[""cet6""]",4155,B2,HARD,ecdict
productivity,productivity,.prәudʌk'tiviti,,"[""n.""]","[{""pos"":""n."",""zh"":""生产力"",""en"":""n. (economics) the ratio of the quantity and quality of units produced to the labor per unit of time""},{""pos"":"""",""zh"":""[经] 生产率, 生产能力"",""en"":""""}]","{""plural"":""productivities""}","[""cet6""]",4158,B2,HARD,ecdict
bug,bug,bʌg,,"[""n."",""vt."",""vi.""]","[{""pos"":""n."",""zh"":""错误, 虫, 病菌, 缺陷, 窃听器, 癖好, 防盗报警器, 双座小汽车, 要人"",""en"":""n. general term for any insect or similar creeping or crawling invertebrate""},{""pos"":""vt."",""zh"":""装防盗报警器, 装窃听器, 激怒"",""en"":""n. a fault or defect in a computer program, system, or machine""},{""pos"":""vi."",""zh"":""捉虫, 暴突"",""en"":""n. a small hidden microphone; for listening secretly""},{""pos"":"""",""zh"":""[计] 缺点, 错误"",""en"":""""}]","{""plural"":""bugs"",""pastParticiple"":""bugged"",""presentParticiple"":""bugging"",""thirdPerson"":""bugs"",""past"":""bugged""}","[""cet6""]",4159,B2,HARD,ecdict
conceive,conceive,kәn'si:v,,"[""vt."",""vi.""]","[{""pos"":""vt."",""zh"":""构思, 认为"",""en"":""v. become pregnant; undergo conception""},{""pos"":""vi."",""zh"":""怀孕"",""en"":""""}]","{""pastParticiple"":""conceived"",""past"":""conceived"",""thirdPerson"":""conceives"",""presentParticiple"":""conceiving""}","[""cet6""]",4169,B2,HARD,ecdict
bankruptcy,bankruptcy,'bæŋkrәptsi,,"[""n.""]","[{""pos"":""n."",""zh"":""破产者"",""en"":""n. a state of complete lack of some abstract property""},{""pos"":"""",""zh"":""[经] 破产, 倒闭"",""en"":""n. inability to discharge all your debts as they come due""}]","{""plural"":""bankruptcies""}","[""cet6""]",4171,B2,HARD,ecdict
bonus,bonus,'bәunәs,,"[""n.""]","[{""pos"":""n."",""zh"":""奖金, 红利"",""en"":""n. anything that tends to arouse""},{""pos"":"""",""zh"":""[经] 奖金, 红利, 额外补贴"",""en"":""n. an additional payment (or other remuneration) to employees as a means of increasing output""}]","{""plural"":""bonuses""}","[""cet6""]",4172,B2,HARD,ecdict
collaboration,collaboration,kә.læbә'ræʃәn,,"[""n.""]","[{""pos"":""n."",""zh"":""合作, 勾结"",""en"":""n. act of working jointly""},{""pos"":"""",""zh"":""[法] 通敌卖国者, 奸细"",""en"":""n. act of cooperating traitorously with an enemy that is occupying your country""}]","{""plural"":""collaborations""}","[""cet6""]",4176,B2,HARD,ecdict
patrol,patrol,pә'trәul,,"[""n."",""v.""]","[{""pos"":""n."",""zh"":""巡逻, 巡逻员, 侦察队"",""en"":""n. a detachment used for security or reconnaissance""},{""pos"":""v."",""zh"":""巡逻, 巡视"",""en"":""n. the activity of going around or through an area at regular intervals for security purposes""}]","{""plural"":""patrols"",""presentParticiple"":""patrolling"",""past"":""patrolled"",""pastParticiple"":""patrolled"",""thirdPerson"":""patrols""}","[""cet6""]",4183,B2,HARD,ecdict
revelation,revelation,.revi'leiʃәn,,"[""n.""]","[{""pos"":""n."",""zh"":""揭露, 泄露, 发觉, 默示, 启示"",""en"":""n. an enlightening or astonishing disclosure""}]","{""plural"":""revelations""}","[""cet6""]",4184,B2,HARD,ecdict
haul,haul,hɒ:l,,"[""n."",""vi."",""vt.""]","[{""pos"":""n."",""zh"":""用力拖拉, 拖运, 强拉, 捕获量, 拖运距离"",""en"":""v. draw slowly or heavily""},{""pos"":""vi."",""zh"":""拖, 拉, 改变方向, 改变主意"",""en"":""v. transport in a vehicle""},{""pos"":""vt."",""zh"":""拖拉, 拖运"",""en"":""""}]","{""past"":""hauled"",""presentParticiple"":""hauling"",""pastParticiple"":""hauled"",""thirdPerson"":""hauls"",""plural"":""hauls""}","[""cet6""]",4191,B2,HARD,ecdict
concede,concede,kәn'si:d,,"[""vt."",""vi.""]","[{""pos"":""vt."",""zh"":""承认, 退让"",""en"":""v. admit (to a wrongdoing)""},{""pos"":""vi."",""zh"":""让步"",""en"":""v. be willing to concede""}]","{""past"":""conceded"",""pastParticiple"":""conceded"",""presentParticiple"":""conceding"",""thirdPerson"":""concedes""}","[""cet6""]",4192,B2,HARD,ecdict
spectacular,spectacular,spek'tækjulә,,"[""a."",""n.""]","[{""pos"":""a."",""zh"":""公开展示的, 惊人的, 壮观的"",""en"":""n. a lavishly produced performance""},{""pos"":""n."",""zh"":""奇观, 惊人之举, 展览物"",""en"":""s. characteristic of spectacles or drama""}]","{""plural"":""spectaculars""}","[""cet6""]",4196,B2,HARD,ecdict
sheer,sheer,ʃiә,,"[""a."",""vi."",""vt."",""adv."",""n.""]","[{""pos"":""a."",""zh"":""绝对的, 全然的, 纯粹的, 透明的, 峻峭的"",""en"":""v. cause to sheer""},{""pos"":""vi."",""zh"":""偏转, 偏航"",""en"":""r. straight up or down without a break""},{""pos"":""vt."",""zh"":""使急转向, 使偏航"",""en"":""r. directly""},{""pos"":""adv."",""zh"":""完全, 全然, 峻峭"",""en"":""""},{""pos"":""n."",""zh"":""偏航"",""en"":""""}]","{""plural"":""sheers"",""past"":""sheered"",""presentParticiple"":""sheering"",""thirdPerson"":""sheers"",""pastParticiple"":""sheered""}","[""cet6""]",4198,B2,HARD,ecdict
immune,immune,i'mju:n,,"[""a."",""n.""]","[{""pos"":""a."",""zh"":""免疫的, 免除的, 不受影响的"",""en"":""n. a person who is immune to a particular infection""},{""pos"":""n."",""zh"":""免疫者"",""en"":""a. relating to the condition of immunity""}]",{},"[""cet6""]",4200,B2,HARD,ecdict
ass,ass,æs,,"[""n.""]","[{""pos"":""n."",""zh"":""驴, 傻瓜, 笨蛋, 屁股"",""en"":""n. a pompous fool""},{""pos"":"""",""zh"":""[计] 模拟仿真系统"",""en"":""n. hardy and sure-footed animal smaller and with longer ears than the horse""}]","{""plural"":""asses"",""pastParticiple"":""assed""}","[""cet6""]",4201,B2,HARD,ecdict
alongside,alongside,ә'lɒŋ'said,,"[""adv."",""prep.""]","[{""pos"":""adv."",""zh"":""在旁边, 靠拢着"",""en"":""r side by side""},{""pos"":""prep."",""zh"":""在...旁边, 与...在一起"",""en"":""""}]",{},"[""cet6""]",4203,B2,HARD,ecdict
fascinating,fascinating,'fæsineitiŋ,,"[""a.""]","[{""pos"":""a."",""zh"":""迷人的, 吸引人的, 使人神魂颠倒的"",""en"":""v cause to be interested or curious""}]","{""presentParticiple"":""fascinating"",""lemmaOf"":""fascinating"",""lemma"":""i""}","[""cet6""]",4204,B2,HARD,ecdict
exotic,exotic,ig'zɒtik,,"[""a."",""n.""]","[{""pos"":""a."",""zh"":""异国的, 外来的"",""en"":""s. strikingly strange or unusual""},{""pos"":""n."",""zh"":""外来人, 外来物, 舶来品"",""en"":""""}]","{""plural"":""exotics""}","[""cet6""]",4205,B2,HARD,ecdict
clip,clip,klip,,"[""n."",""vt."",""vi.""]","[{""pos"":""n."",""zh"":""修剪, 夹子, 回形针, 剪下来的东西"",""en"":""n. any of various small fasteners used to hold loose articles together""},{""pos"":""vt."",""zh"":""修剪, 痛打, 夹牢, 剪报"",""en"":""n. an article of jewelry that can be clipped onto a hat or dress""},{""pos"":""vi."",""zh"":""剪报"",""en"":""n. the act of clipping or snipping""}]","{""plural"":""clips"",""pastParticiple"":""clipped"",""past"":""clipped"",""presentParticiple"":""clipping"",""thirdPerson"":""clips""}","[""cet6""]",4208,B2,HARD,ecdict
thigh,thigh,θai,,"[""n.""]","[{""pos"":""n."",""zh"":""大腿, 股"",""en"":""n. the part of the leg between the hip and the knee""},{""pos"":"""",""zh"":""[医] 股, 大腿"",""en"":""""}]","{""plural"":""thighs""}","[""cet6""]",4209,B2,HARD,ecdict
documentary,documentary,.dɒkju'mentәri,,"[""n."",""a.""]","[{""pos"":""n."",""zh"":""记录片"",""en"":""n. a film or TV program presenting the facts about a person or event""},{""pos"":""a."",""zh"":""文件的"",""en"":""a. relating to or consisting of or derived from documents""}]","{""plural"":""documentaries""}","[""cet6""]",4222,B2,HARD,ecdict
casualty,casualty,'kæʒjuәlti,,"[""n.""]","[{""pos"":""n."",""zh"":""意外事故, 伤亡, 受害者"",""en"":""n. someone injured or killed or captured or missing in a military engagement""},{""pos"":"""",""zh"":""[化] 事故"",""en"":""n. someone injured or killed in an accident""}]","{""plural"":""casualties""}","[""cet6""]",4230,B2,HARD,ecdict
execution,execution,.eksi'kju:ʃәn,,"[""n.""]","[{""pos"":""n."",""zh"":""实行, 完成, 执行, 死刑"",""en"":""n. putting a condemned person to death""},{""pos"":"""",""zh"":""[计] 执行"",""en"":""n. (computer science) the process of carrying out an instruction by a computer""}]","{""plural"":""executions""}","[""cet6""]",4234,B2,HARD,ecdict
verdict,verdict,'vә:dikt,,"[""n.""]","[{""pos"":""n."",""zh"":""裁决, 判决, 判断性意见, 定论, 结论"",""en"":""n. (law) the findings of a jury on issues of fact submitted to it for decision; can be used in formulating a judgment""},{""pos"":"""",""zh"":""[法] 定论, 判断, 意见"",""en"":""""}]","{""plural"":""verdicts""}","[""cet6""]",4245,B2,HARD,ecdict
manipulate,manipulate,mә'nipjuleit,,"[""vt.""]","[{""pos"":""vt."",""zh"":""操纵, 利用, 操作, 巧妙地处理, 假造"",""en"":""v. influence or control shrewdly or deviously""}]","{""pastParticiple"":""manipulated"",""presentParticiple"":""manipulating"",""past"":""manipulated"",""thirdPerson"":""manipulates""}","[""cet6""]",4248,B2,HARD,ecdict
cooperative,cooperative,kәu'ɔpәrәtiv,,"[""a.""]","[{""pos"":""a."",""zh"":""合作的；合作社的"",""en"":""n. a jointly owned commercial enterprise (usually organized by farmers or consumers) that produces and distributes goods and services and is run for the benefit of its owners""}]","{""plural"":""cooperatives""}","[""cet6""]",4249,B2,HARD,ecdict
edit,edit,'edit,,"[""vt.""]","[{""pos"":""vt."",""zh"":""编辑, 编校, 修订, 剪辑"",""en"":""v. prepare for publication or presentation by correcting, revising, or adapting""},{""pos"":"""",""zh"":""[计] 编辑; DOS外部命令:该命令是一个用于编辑文本文件的全屏幕编辑程序"",""en"":""v. supervise the publication of""}]","{""pastParticiple"":""edited"",""past"":""edited"",""presentParticiple"":""editing"",""thirdPerson"":""edits"",""plural"":""edits""}","[""cet6""]",4253,B2,HARD,ecdict
tragic,tragic,'trædʒik,,"[""a.""]","[{""pos"":""a."",""zh"":""悲惨的, 悲剧的"",""en"":""s. very sad; especially involving grief or death or destruction""}]",{},"[""cet6""]",4259,B2,HARD,ecdict
underlying,underlying,.ʌndә'laiiŋ,,"[""a.""]","[{""pos"":""a."",""zh"":""在下面的"",""en"":""s. located beneath or below""},{""pos"":"""",""zh"":""[经] 优先的, 基础的, 放在下面的"",""en"":""""}]","{""presentParticiple"":""underlying"",""lemmaOf"":""underlying"",""lemma"":""i""}","[""cet6""]",4265,B2,HARD,ecdict
dessert,dessert,di'zә:t,,"[""n.""]","[{""pos"":""n."",""zh"":""餐后甜点"",""en"":""n. a dish served as the last course of a meal""}]","{""plural"":""desserts""}","[""cet6""]",4269,B2,HARD,ecdict
entrepreneur,entrepreneur,.ɒntrәprә'nә:,,"[""n.""]","[{""pos"":""n."",""zh"":""企业家, 主办人"",""en"":""n. someone who organizes a business venture and assumes the risk for it""},{""pos"":"""",""zh"":""[经] 承包商, 企业家"",""en"":""""}]","{""plural"":""entrepreneurs""}","[""cet6""]",4279,B2,HARD,ecdict
ambitious,ambitious,æm'biʃәs,,"[""a.""]","[{""pos"":""a."",""zh"":""有野心的, 抱负不凡的, 雄心勃勃的"",""en"":""a. having a strong desire for success or achievement""}]",{},"[""cet6""]",4287,B2,HARD,ecdict
metropolitan,metropolitan,.metrә'pɒlitn,,"[""n."",""a.""]","[{""pos"":""n."",""zh"":""大都市居民, 都主教, 宗主国的公民"",""en"":""n. in the Eastern Orthodox Church this title is given to a position between bishop and patriarch; equivalent to archbishop in western Christianity""},{""pos"":""a."",""zh"":""大都市的, 都主教区的, 宗主国的"",""en"":""n. a person who lives in a metropolis""}]","{""plural"":""metropolitans""}","[""cet6""]",4293,B2,HARD,ecdict
aesthetic,aesthetic,i:s'θetik,,"[""a.""]","[{""pos"":""a."",""zh"":""美学的, 审美的, 有美感的"",""en"":""n. (philosophy) a philosophical theory as to what is beautiful""}]",{},"[""cet6""]",4296,B2,HARD,ecdict
accomplishment,accomplishment,ә'kʌmpliʃmәnt,,"[""n.""]","[{""pos"":""n."",""zh"":""成就, 完成"",""en"":""n. the action of accomplishing something""}]","{""plural"":""accomplishments""}","[""cet6""]",4308,B2,HARD,ecdict
panic,panic,'pænik,,"[""n."",""a."",""vt."",""vi.""]","[{""pos"":""n."",""zh"":""恐慌, 惊慌"",""en"":""n. an overwhelming feeling of fear and anxiety""},{""pos"":""a."",""zh"":""惊慌的, 没有理由的, 恐慌的"",""en"":""n. sudden mass fear and anxiety over anticipated events""},{""pos"":""vt."",""zh"":""使惊慌, 使狂热"",""en"":""v. be overcome by a sudden fear""},{""pos"":""vi."",""zh"":""惊慌"",""en"":""v. cause sudden fear in or fill with sudden panic""}]","{""presentParticiple"":""panicking"",""plural"":""panics"",""thirdPerson"":""panics"",""past"":""panicked"",""pastParticiple"":""panicked""}","[""cet6""]",4310,B2,HARD,ecdict
minimal,minimal,'miniml,,"[""a.""]","[{""pos"":""a."",""zh"":""最小的, 极微的, 最小限度的"",""en"":""a. the least possible""},{""pos"":"""",""zh"":""[医] 最小的, 最低的"",""en"":""""}]",{},"[""cet6""]",4313,B2,HARD,ecdict
anonymous,anonymous,ә'nɒnimәs,,"[""a.""]","[{""pos"":""a."",""zh"":""姓氏不详的, 无名的, 无特色的"",""en"":""a. having no known name or identity or known source""},{""pos"":"""",""zh"":""[计] 无记录"",""en"":""s. not known or lacking marked individuality""}]",{},"[""cet6""]",4318,B2,HARD,ecdict
appreciation,appreciation,ә.pri:ʃi'eiʃәn,,"[""n.""]","[{""pos"":""n."",""zh"":""感激, 赏识, 鉴别"",""en"":""n. understanding of the nature or meaning or quality or magnitude of something""},{""pos"":"""",""zh"":""[经] 涨价, 增值"",""en"":""n. an expression of gratitude""}]","{""plural"":""appreciations""}","[""cet6""]",4322,B2,HARD,ecdict
scramble,scramble,'skræmbl,,"[""n."",""vi."",""vt.""]","[{""pos"":""n."",""zh"":""攀缘, 爬行, 抢夺, 混乱, 紧急起飞"",""en"":""n. an unceremonious and disorganized struggle""},{""pos"":""vi."",""zh"":""攀缘, 杂乱蔓延, 争夺, 拼凑, 匆忙"",""en"":""v. to move hurriedly""},{""pos"":""vt."",""zh"":""攀登, 扰乱, 使混杂"",""en"":""v. bring into random order""}]","{""past"":""scrambled"",""presentParticiple"":""scrambling"",""pastParticiple"":""scrambled"",""thirdPerson"":""scrambles"",""plural"":""scrambles""}","[""cet6""]",4326,B2,HARD,ecdict
momentum,momentum,mәu'mentәm,,"[""n.""]","[{""pos"":""n."",""zh"":""动力, 动量"",""en"":""n. an impelling force or strength""},{""pos"":"""",""zh"":""[化] 动量"",""en"":""n. the product of a body's mass and its velocity""}]",{},"[""cet6""]",4335,B2,HARD,ecdict
irony,irony,'aiәrәni,,"[""n.""]","[{""pos"":""n."",""zh"":""反语, 讽刺, 具有讽刺意味的事"",""en"":""n. incongruity between what might be expected and what actually occurs""}]","{""plural"":""ironies""}","[""cet6""]",4338,B2,HARD,ecdict
interact,interact,.intәr'ækt,,"[""vi."",""n.""]","[{""pos"":""vi."",""zh"":""互相影响, 交互作用"",""en"":""v. act together or towards others or with others""},{""pos"":""n."",""zh"":""幕间剧, 幕间休息"",""en"":""""}]","{""thirdPerson"":""interacts"",""presentParticiple"":""interacting"",""past"":""interacted"",""pastParticiple"":""interacted""}","[""cet6""]",4341,B2,HARD,ecdict
foster,foster,'fɒstә,,"[""a."",""vt.""]","[{""pos"":""a."",""zh"":""收养的, 养育的"",""en"":""n. United States songwriter whose songs embody the sentiment of the South before the American Civil War (1826-1864)""},{""pos"":""vt."",""zh"":""养育, 抚育, 培养, 鼓励, 抱(希望)"",""en"":""v. promote the growth of""}]","{""pastParticiple"":""fostered"",""presentParticiple"":""fostering"",""past"":""fostered"",""thirdPerson"":""fosters""}","[""cet6""]",4359,B2,HARD,ecdict
correctly,correctly,kә'rektli,,"[""adv.""]","[{""pos"":""adv."",""zh"":""对, 正确, 恰当, 符合一般性准则, 符合行为准则, 端正, 符合"",""en"":""r. in an accurate manner""}]",{},"[""cet6""]",4364,B2,HARD,ecdict
accessible,accessible,әk'sesәbl,,"[""a.""]","[{""pos"":""a."",""zh"":""易接近的, 可进入的, 可使用的, 易受影响的, 可理解的"",""en"":""a. capable of being reached""}]",{},"[""cet6""]",4377,B2,HARD,ecdict
sensation,sensation,sen'seiʃәn,,"[""n.""]","[{""pos"":""n."",""zh"":""感觉, 轰动"",""en"":""n. an unelaborated elementary awareness of stimulation""},{""pos"":"""",""zh"":""[医] 感觉"",""en"":""n. a general feeling of excitement and heightened interest""}]","{""plural"":""sensations""}","[""cet6""]",4378,B2,HARD,ecdict
shove,shove,ʃʌv,,"[""n."",""vt."",""vi.""]","[{""pos"":""n."",""zh"":""推, 挤"",""en"":""n. the act of shoving (giving a push to someone or something)""},{""pos"":""vt."",""zh"":""推挤, 猛推, 强使"",""en"":""v. push roughly""},{""pos"":""vi."",""zh"":""推"",""en"":""""}]","{""past"":""shoved"",""presentParticiple"":""shoving"",""pastParticiple"":""shoved"",""thirdPerson"":""shoves"",""plural"":""shoves""}","[""cet6""]",4384,B2,HARD,ecdict
charter,charter,'tʃɑ:tә,,"[""n."",""vt.""]","[{""pos"":""n."",""zh"":""特许状, 执照, 宪章"",""en"":""n. a document incorporating an institution and specifying its rights; includes the articles of incorporation and the certificate of incorporation""},{""pos"":""vt."",""zh"":""特许, 发给特许执照"",""en"":""n. a contract to hire or lease transportation""}]","{""plural"":""charters"",""pastParticiple"":""chartered"",""past"":""chartered"",""presentParticiple"":""chartering"",""thirdPerson"":""charters""}","[""cet6""]",4386,B2,HARD,ecdict
unprecedented,unprecedented,.ʌn'presidentid,,"[""a.""]","[{""pos"":""a."",""zh"":""空前的"",""en"":""a. having no precedent; novel""},{""pos"":"""",""zh"":""[经] 空前的, 无前例的"",""en"":""""}]",{},"[""cet6""]",4401,B2,HARD,ecdict
patent,patent,'pætnt. 'peitnt,,"[""n."",""a."",""vt.""]","[{""pos"":""n."",""zh"":""专利权, 许可证, 执照, 专利品, 素质"",""en"":""n. a document granting an inventor sole rights to an invention""},{""pos"":""a."",""zh"":""专利的, 特许的, 显著的, 新奇的"",""en"":""n. an official document granting a right or privilege""},{""pos"":""vt."",""zh"":""取得...的专利权, 请准专利"",""en"":""v. obtain a patent for""}]","{""plural"":""patents"",""pastParticiple"":""patented"",""past"":""patented"",""presentParticiple"":""patenting"",""thirdPerson"":""patents""}","[""cet6""]",4405,B2,HARD,ecdict
texture,texture,'tekstʃә,,"[""n.""]","[{""pos"":""n."",""zh"":""(织物的)密度, (材料等的)结构, 纹理"",""en"":""n. the feel of a surface or a fabric""},{""pos"":"""",""zh"":""[化] 纹理"",""en"":""n. the essential quality of something""}]","{""plural"":""textures"",""pastParticiple"":""textured"",""presentParticiple"":""texturing""}","[""cet6""]",4413,B2,HARD,ecdict
damn,damn,dæm,,"[""n."",""vt."",""vi.""]","[{""pos"":""n."",""zh"":""一点, 诅咒, 丝毫"",""en"":""n. something of little value""},{""pos"":"""",""zh"":""interj. 该死, 该死的"",""en"":""s. used as expletives""},{""pos"":""vt."",""zh"":""诅咒, 罚...下地狱"",""en"":""""},{""pos"":""vi."",""zh"":""指责, 谴责, 骂...该死, 证明...有罪"",""en"":""""}]","{""pastParticiple"":""damned"",""past"":""damned"",""presentParticiple"":""damning"",""thirdPerson"":""damns""}","[""cet6""]",4414,B2,HARD,ecdict
banker,banker,'bæŋkә,,"[""n.""]","[{""pos"":""n."",""zh"":""银行家, 庄家"",""en"":""n. a financier who owns or is an executive in a bank""},{""pos"":"""",""zh"":""[经] 银行业者, 银行家"",""en"":""n. the person in charge of the bank in a gambling game""}]","{""plural"":""bankers""}","[""cet6""]",4421,B2,HARD,ecdict
oak,oak,әuk,,"[""n."",""a.""]","[{""pos"":""n."",""zh"":""橡树, 橡木"",""en"":""n. the hard durable wood of any oak; used especially for furniture and flooring""},{""pos"":""a."",""zh"":""橡木制的"",""en"":""n. a deciduous tree of the genus Quercus; has acorns and lobed leaves""}]","{""plural"":""oaks""}","[""cet6""]",4423,B2,HARD,ecdict
attendance,attendance,ә'tendәns,,"[""n.""]","[{""pos"":""n."",""zh"":""出席, 出席的人数, 照料"",""en"":""n. the act of being present (at a meeting or event etc.)""},{""pos"":"""",""zh"":""[法] 管理, 照料, 资助"",""en"":""n. the frequency with which a person is present""}]","{""plural"":""attendances""}","[""cet6""]",4433,B2,HARD,ecdict
shark,shark,ʃɑ:k,,"[""n."",""v.""]","[{""pos"":""n."",""zh"":""鲨鱼, 骗子"",""en"":""n. any of numerous elongate mostly marine carnivorous fishes with heterocercal caudal fins and tough skin covered with small toothlike scales""},{""pos"":""v."",""zh"":""诈骗"",""en"":""n. a person who is ruthless and greedy and dishonest""}]","{""plural"":""sharks"",""presentParticiple"":""sharking"",""past"":""sharked"",""thirdPerson"":""sharks"",""pastParticiple"":""sharked""}","[""cet6""]",4438,B2,HARD,ecdict
desperately,desperately,'despәrәtli,,"[""adv.""]","[{""pos"":""adv."",""zh"":""拼命地；绝望地；极度地"",""en"":""r. in intense despair""}]",{},"[""cet6""]",4450,B2,HARD,ecdict
sensitivity,sensitivity,.sensә'tiviti,,"[""n.""]","[{""pos"":""n."",""zh"":""敏感, 灵敏度"",""en"":""n. (physiology) responsiveness to external stimuli; the faculty of sensation""},{""pos"":"""",""zh"":""[计] 灵敏度"",""en"":""n. the ability to respond to physical stimuli or to register small physical amounts or differences""}]","{""plural"":""sensitivities""}","[""cet6""]",4452,B2,HARD,ecdict
hike,hike,haik,,"[""n."",""vi."",""vt.""]","[{""pos"":""n."",""zh"":""徒步旅行, 远足, 涨价, 提高"",""en"":""n. a long walk usually for exercise or pleasure""},{""pos"":""vi."",""zh"":""步行, 徒步旅行, 上升"",""en"":""v. increase""},{""pos"":""vt."",""zh"":""使高涨, 拉起"",""en"":""v. walk a long way, as for pleasure or physical exercise""}]","{""plural"":""hikes"",""presentParticiple"":""hiking"",""past"":""hiked"",""pastParticiple"":""hiked"",""thirdPerson"":""hikes""}","[""cet6""]",4456,B2,HARD,ecdict
confrontation,confrontation,.kɔnfrʌn'teiʃәn,,"[""n.""]","[{""pos"":""n."",""zh"":""对抗；对质；面对"",""en"":""n. a bold challenge""}]","{""plural"":""confrontations""}","[""cet6""]",4459,B2,HARD,ecdict
thanksgiving,thanksgiving,'θæŋks.giviŋ,,"[""n.""]","[{""pos"":""n."",""zh"":""感谢"",""en"":""n. fourth Thursday in November in the United States; second Monday in October in Canada; commemorates a feast held in 1621 by the Pilgrims and the Wampanoag""}]","{""plural"":""thanksgivings""}","[""cet6""]",4464,B2,HARD,ecdict
vocal,vocal,'vәukl,,"[""a."",""n.""]","[{""pos"":""a."",""zh"":""嗓音的, 声音的, 有声的, 歌唱的"",""en"":""a. relating to or designed for or using the singing voice""},{""pos"":""n."",""zh"":""元音, 声乐作品"",""en"":""a. having or using the power to produce speech or sound""}]","{""plural"":""vocals""}","[""cet6""]",4488,B2,HARD,ecdict
terrain,terrain,'terein,,"[""n.""]","[{""pos"":""n."",""zh"":""地带, 地区, 地形, 领域, 范围"",""en"":""n. a piece of ground having specific characteristics or military potential""}]","{""plural"":""terrains""}","[""cet6""]",4492,B2,HARD,ecdict
deploy,deploy,di'plɒi,,"[""v.""]","[{""pos"":""v."",""zh"":""展开, 配置"",""en"":""v. place troops or weapons in battle formation""}]","{""pastParticiple"":""deployed"",""presentParticiple"":""deploying"",""past"":""deployed"",""thirdPerson"":""deploys""}","[""cet6""]",4495,B2,HARD,ecdict
distract,distract,dis'trækt,,"[""vt.""]","[{""pos"":""vt."",""zh"":""转移, 分心, 使发狂"",""en"":""v. draw someone's attention away from something""}]","{""pastParticiple"":""distracted"",""presentParticiple"":""distracting"",""past"":""distracted"",""thirdPerson"":""distracts""}","[""cet6""]",4498,B2,HARD,ecdict
hurricane,hurricane,'hә:rikәn,,"[""n.""]","[{""pos"":""n."",""zh"":""飓风, 暴风, 暴风雨"",""en"":""n. a severe tropical cyclone usually with heavy rains and winds moving a 73-136 knots (12 on the Beaufort scale)""}]","{""plural"":""hurricanes""}","[""cet6""]",4512,B2,HARD,ecdict
skip,skip,skip,,"[""n."",""vi."",""vt.""]","[{""pos"":""n."",""zh"":""跳跃, 跳读"",""en"":""n. a gait in which steps and hops alternate""},{""pos"":""vi."",""zh"":""跳越, 跳读, 跳绳, 遗漏, 跳级"",""en"":""v. bound off one point after another""},{""pos"":""vt."",""zh"":""跳过, 遗漏"",""en"":""""},{""pos"":"""",""zh"":""[计] 跳过"",""en"":""""}]","{""past"":""skipped"",""presentParticiple"":""skipping"",""plural"":""skips"",""pastParticiple"":""skipped"",""thirdPerson"":""skips""}","[""cet6""]",4519,B2,HARD,ecdict
ambassador,ambassador,æm'bæsәdә,,"[""n.""]","[{""pos"":""n."",""zh"":""大使"",""en"":""n. a diplomat of the highest rank; accredited as representative from one country to another""},{""pos"":"""",""zh"":""[法] 大使, 使节, 代理"",""en"":""n. an informal representative""}]","{""plural"":""ambassadors""}","[""cet6""]",4520,B2,HARD,ecdict
aggression,aggression,ә'greʃәn,,"[""n.""]","[{""pos"":""n."",""zh"":""侵犯, 侵略"",""en"":""n. a disposition to behave aggressively""},{""pos"":"""",""zh"":""[医] 攻击"",""en"":""n. a feeling of hostility that arouses thoughts of attack""}]","{""plural"":""aggressions""}","[""cet6""]",4521,B2,HARD,ecdict
stimulus,stimulus,'stimjulәs,,"[""n.""]","[{""pos"":""n."",""zh"":""刺激, 激励, 刺激品"",""en"":""n any stimulating information or event; acts to arouse action""},{""pos"":"""",""zh"":""[医] 刺激特, 刺激"",""en"":""""}]","{""plural"":""stimuli""}","[""cet6""]",4525,B2,HARD,ecdict
ecosystem,ecosystem,'i:kәu.sistәm,,"[""n.""]","[{""pos"":""n."",""zh"":""生态系统"",""en"":""n. a system formed by the interaction of a community of organisms with their physical environment""},{""pos"":"""",""zh"":""[医] 生态系"",""en"":""""}]","{""plural"":""ecosystems""}","[""cet6""]",4528,B2,HARD,ecdict
tighten,tighten,'taitn,,"[""vt."",""vi.""]","[{""pos"":""vt."",""zh"":""勒紧, 使变紧"",""en"":""v. make tight or tighter""},{""pos"":""vi."",""zh"":""变紧, 绷紧"",""en"":""v. become tight or tighter""}]","{""past"":""tightened"",""pastParticiple"":""tightened"",""presentParticiple"":""tightening"",""thirdPerson"":""tightens""}","[""cet6""]",4536,B2,HARD,ecdict
publicity,publicity,pʌb'lisiti,,"[""n.""]","[{""pos"":""n."",""zh"":""名声, 宣传, 公开场合"",""en"":""n. the quality of being open to public view""},{""pos"":"""",""zh"":""[经] 宣传, 广告"",""en"":""""}]",{},"[""cet6""]",4540,B2,HARD,ecdict
unfold,unfold,.ʌn'fәuld,,"[""vt."",""vi.""]","[{""pos"":""vt."",""zh"":""展开, 打开, 披露, 开展, 挑明"",""en"":""v. open to the view""},{""pos"":""vi."",""zh"":""伸展, 开花, 呈现"",""en"":""v. extend or stretch out to a greater or the full length""}]","{""thirdPerson"":""unfolds"",""past"":""unfolded"",""presentParticiple"":""unfolding"",""pastParticiple"":""unfolded""}","[""cet6""]",4541,B2,HARD,ecdict
validity,validity,vә'liditi,,"[""n.""]","[{""pos"":""n."",""zh"":""有效性, 正确性"",""en"":""n. the quality of having legal force or effectiveness""},{""pos"":"""",""zh"":""[计] 有效性"",""en"":""""}]",{},"[""cet6""]",4542,B2,HARD,ecdict
deem,deem,di:m,,"[""v.""]","[{""pos"":""v."",""zh"":""认为, 相信"",""en"":""v. keep in mind or convey as a conviction or view""}]","{""pastParticiple"":""deemed"",""thirdPerson"":""deems"",""past"":""deemed"",""presentParticiple"":""deeming""}","[""cet6""]",4554,B2,HARD,ecdict
premise,premise,'premis,,"[""n."",""vt."",""vi.""]","[{""pos"":""n."",""zh"":""前提, 房屋连地基, 上述各项"",""en"":""n. a statement that is assumed to be true and from which a conclusion can be drawn""},{""pos"":""vt."",""zh"":""预先提出, 引出, 作为...的前提"",""en"":""v. set forth beforehand, often as an explanation""},{""pos"":""vi."",""zh"":""作出前提"",""en"":""v. take something as preexisting and given""}]","{""plural"":""premises"",""pastParticiple"":""premised"",""past"":""premised"",""presentParticiple"":""premising"",""thirdPerson"":""premises""}","[""cet6""]",4556,B2,HARD,ecdict
sneak,sneak,sni:k,,"[""vi."",""vt."",""n."",""a.""]","[{""pos"":""vi."",""zh"":""鬼鬼祟祟做事"",""en"":""n. a person who is regarded as underhanded and furtive and contemptible""},{""pos"":""vt."",""zh"":""偷偷地做"",""en"":""v. to go stealthily or furtively""},{""pos"":""n."",""zh"":""鬼鬼祟祟的人, 偷偷摸摸的行为, 帆布胶底运动鞋"",""en"":""v. put, bring, or take in a secretive or furtive manner""},{""pos"":""a."",""zh"":""暗中进行的"",""en"":""""}]","{""past"":""sneaked"",""presentParticiple"":""sneaking"",""pastParticiple"":""sneaked"",""thirdPerson"":""sneaks"",""plural"":""sneaks""}","[""cet6""]",4557,B2,HARD,ecdict
commodity,commodity,kә'mɒditi,,"[""n.""]","[{""pos"":""n."",""zh"":""农产品, 商品, 有用的物品"",""en"":""n. articles of commerce""},{""pos"":"""",""zh"":""[经] 商品, 货物, 日用品"",""en"":""""}]","{""plural"":""commodities""}","[""cet6""]",4581,B2,HARD,ecdict
striking,striking,'straikiŋ,,"[""a.""]","[{""pos"":""a."",""zh"":""醒目的, 惊人的, 打击的, 罢工的"",""en"":""n the physical coming together of two or more things""},{""pos"":"""",""zh"":""[法] 罢工的, 罢市的, 罢课的"",""en"":""n the act of contacting one thing with another""}]","{""lemmaOf"":""strike"",""lemma"":""i"",""presentParticiple"":""striking""}","[""cet6""]",4594,B2,HARD,ecdict
rim,rim,rim,,"[""n."",""vt."",""vi.""]","[{""pos"":""n."",""zh"":""边, 轮缘, 框"",""en"":""n. the shape of a raised edge of a more or less circular object""},{""pos"":""vt."",""zh"":""镶边, 为...装边"",""en"":""n. (basketball) the hoop from which the net is suspended""},{""pos"":""vi."",""zh"":""形成边缘"",""en"":""n. the outer part of a wheel to which the tire is attached""}]","{""plural"":""rims"",""past"":""rimmed"",""pastParticiple"":""rimmed"",""presentParticiple"":""rimming"",""thirdPerson"":""rims""}","[""cet6""]",4602,B2,HARD,ecdict
cling,cling,kliŋ,,"[""vi.""]","[{""pos"":""vi."",""zh"":""粘紧, 附着, 紧贴, 坚持"",""en"":""n. fruit (especially peach) whose flesh adheres strongly to the pit""}]","{""past"":""clung"",""presentParticiple"":""clinging"",""thirdPerson"":""clings"",""pastParticiple"":""clung""}","[""cet6""]",4605,B2,HARD,ecdict
blink,blink,bliŋk,,"[""vi."",""vt."",""n.""]","[{""pos"":""vi."",""zh"":""眨眼, 闪亮"",""en"":""n. a reflex that closes and opens the eyes rapidly""},{""pos"":""vt."",""zh"":""眨眼, 使闪亮"",""en"":""v. briefly shut the eyes""},{""pos"":""n."",""zh"":""眨眼, 瞬间, 闪光, 闪烁"",""en"":""""},{""pos"":"""",""zh"":""[计] 闪烁"",""en"":""""}]","{""past"":""blinked"",""presentParticiple"":""blinking"",""thirdPerson"":""blinks"",""plural"":""blinks"",""pastParticiple"":""blinked""}","[""cet6""]",4607,B2,HARD,ecdict
eligible,eligible,'elidʒәbl,,"[""a."",""n.""]","[{""pos"":""a."",""zh"":""有资格当选的, 合格的"",""en"":""a. qualified for or allowed or worthy of being chosen""},{""pos"":""n."",""zh"":""有资格者, 合格者, 适任者"",""en"":""""}]",{},"[""cet6""]",4608,B2,HARD,ecdict
rally,rally,'ræli,,"[""n."",""v.""]","[{""pos"":""n."",""zh"":""重振旗鼓, 集合, 群众集会, 跌停回升"",""en"":""n. a large gathering of people intended to arouse enthusiasm""},{""pos"":""v."",""zh"":""重整旗鼓, 集合, 恢复精神, 团结, 挖苦, 嘲笑"",""en"":""n. the feat of mustering strength for a renewed effort""}]","{""plural"":""rallies"",""past"":""rallied"",""presentParticiple"":""rallying"",""pastParticiple"":""rallied"",""thirdPerson"":""rallies""}","[""cet6""]",4619,B2,HARD,ecdict
intact,intact,in'tækt,,"[""a.""]","[{""pos"":""a."",""zh"":""尚未被人碰过的, 原封不动的, 完整的"",""en"":""s. (of a woman) having the hymen unbroken""},{""pos"":"""",""zh"":""[医] 完整的, 无伤的"",""en"":""s. undamaged in any way""}]",{},"[""cet6""]",4626,B2,HARD,ecdict
steak,steak,steik,,"[""n.""]","[{""pos"":""n."",""zh"":""牛排, 鱼排, 肉排"",""en"":""n. a slice of meat cut from the fleshy part of an animal or large fish""}]","{""plural"":""steaks""}","[""cet6""]",4634,B2,HARD,ecdict
conception,conception,kɒn'sepʃәn,,"[""n.""]","[{""pos"":""n."",""zh"":""观念, 概念"",""en"":""n. the act of becoming pregnant; fertilization of an ovum by a spermatozoon""},{""pos"":"""",""zh"":""[医] 妊娠, 受孕; 概念"",""en"":""""}]","{""plural"":""conceptions""}","[""cet6""]",4636,B2,HARD,ecdict
comply,comply,kәm'plai,,"[""vi.""]","[{""pos"":""vi."",""zh"":""顺从, 依从"",""en"":""v. act in accordance with someone's rules, commands, or wishes""},{""pos"":"""",""zh"":""[法] 遵守, 承诺, 照做"",""en"":""""}]","{""pastParticiple"":""complied"",""presentParticiple"":""complying"",""past"":""complied"",""thirdPerson"":""complies""}","[""cet6""]",4637,B2,HARD,ecdict
constraint,constraint,kәn'streint,,"[""n.""]","[{""pos"":""n."",""zh"":""强制, 约束"",""en"":""n. the state of being physically constrained""},{""pos"":"""",""zh"":""[计] 约束"",""en"":""n. the act of constraining; the threat or use of force to control the thoughts or behavior of others""}]","{""plural"":""constraints""}","[""cet6""]",4643,B2,HARD,ecdict
inevitably,inevitably,in'evitәbli,,"[""adv.""]","[{""pos"":""adv."",""zh"":""不可避免地"",""en"":""r. in such a manner as could not be otherwise""}]",{},"[""cet6""]",4649,B2,HARD,ecdict
expedition,expedition,.ekspi'diʃәn,,"[""n.""]","[{""pos"":""n."",""zh"":""远征, 探险队, 迅速"",""en"":""n. a military campaign designed to achieve a specific objective in a foreign country""}]","{""plural"":""expeditions""}","[""cet6""]",4654,B2,HARD,ecdict
similarity,similarity,.simi'læriti,,"[""n.""]","[{""pos"":""n."",""zh"":""类似, 类似处"",""en"":""n. the quality of being similar""},{""pos"":"""",""zh"":""[法] 类似, 相似, 类似事例"",""en"":""n. a Gestalt principle of organization holding that (other things being equal) parts of a stimulus field that are similar to each other tend to be perceived as belonging together as a unit""}]","{""plural"":""similarities""}","[""cet6""]",4655,B2,HARD,ecdict
butt,butt,bʌt,,"[""n.""]","[{""pos"":""n."",""zh"":""粗大的一头, 烟头, 靶, 笑柄"",""en"":""n. thick end of the handle""},{""pos"":"""",""zh"":""[医] 对核"",""en"":""n. the part of a plant from which the roots spring or the part of a stalk or trunk nearest the roots""}]","{""plural"":""butts"",""presentParticiple"":""butting"",""thirdPerson"":""butts"",""past"":""butted"",""pastParticiple"":""butted""}","[""cet6""]",4657,B2,HARD,ecdict
patron,patron,'peitrәn,,"[""n.""]","[{""pos"":""n."",""zh"":""赞助人, 顾客, 保护人"",""en"":""n. a regular customer""},{""pos"":"""",""zh"":""[法] 保护人, 庇护人, 赞助人"",""en"":""n. the proprietor of an inn""}]","{""plural"":""patrons""}","[""cet6""]",4665,B2,HARD,ecdict
municipal,municipal,mju:'nisipl,,"[""a.""]","[{""pos"":""a."",""zh"":""市政的, 自治区的, 内政的"",""en"":""a. relating or belonging to or characteristic of a municipality""},{""pos"":"""",""zh"":""[经] 市政的, 市的"",""en"":""s. of or relating to the government of a municipality""}]","{""plural"":""municipals""}","[""cet6""]",4666,B2,HARD,ecdict
cruise,cruise,kru:z,,"[""n."",""v.""]","[{""pos"":""n."",""zh"":""巡航, 巡弋, 漫游"",""en"":""n. an ocean trip taken for pleasure""},{""pos"":""v."",""zh"":""巡航, 巡弋, 漫游"",""en"":""v. drive around aimlessly but ostentatiously and at leisure""}]","{""presentParticiple"":""cruising"",""plural"":""cruises"",""past"":""cruised"",""pastParticiple"":""cruised"",""thirdPerson"":""cruises""}","[""cet6""]",4681,B2,HARD,ecdict
formerly,formerly,'fɒ:mәli,,"[""adv.""]","[{""pos"":""adv."",""zh"":""从前, 以前"",""en"":""r at a previous time;""}]",{},"[""cet6""]",4684,B2,HARD,ecdict
impulse,impulse,'impʌls,,"[""n."",""vt.""]","[{""pos"":""n."",""zh"":""冲动, 驱使, 刺激, 推动, 冲力, 建议, 脉冲"",""en"":""n. the act of applying force suddenly""},{""pos"":""vt."",""zh"":""推动"",""en"":""""}]","{""plural"":""impulses""}","[""cet6""]",4695,B2,HARD,ecdict
brutal,brutal,'bru:tәl,,"[""a.""]","[{""pos"":""a."",""zh"":""残忍的, 野蛮的, 不讲理的"",""en"":""s. harsh""}]","{""plural"":""brutals""}","[""cet6""]",4697,B2,HARD,ecdict
forum,forum,'fɒ:rәm,,"[""n.""]","[{""pos"":""n."",""zh"":""论坛, 公开讨论的广场, 法庭, 讨论会"",""en"":""n. a public meeting or assembly for open discussion""},{""pos"":"""",""zh"":""[法] 讨论会, 专题讨论, 公共论坛"",""en"":""n. a public facility to meet for open discussion""}]","{""plural"":""forums""}","[""cet6""]",4705,B2,HARD,ecdict
soar,soar,sɒ:,,"[""n."",""vi.""]","[{""pos"":""n."",""zh"":""高扬, 翱翔"",""en"":""n. the act of rising upward into the air""},{""pos"":""vi."",""zh"":""往上飞舞, 高耸, 翱翔"",""en"":""v. rise rapidly""}]","{""past"":""soared"",""presentParticiple"":""soaring"",""pastParticiple"":""soared"",""thirdPerson"":""soars""}","[""cet6""]",4707,B2,HARD,ecdict
distinctive,distinctive,di'stiŋktiv,,"[""a.""]","[{""pos"":""a."",""zh"":""有特色的, 出众的"",""en"":""s. of a feature that helps to distinguish a person or thing""}]",{},"[""cet6""]",4723,B2,HARD,ecdict
threshold,threshold,'θreʃәuld,,"[""n.""]","[{""pos"":""n."",""zh"":""门槛, 入口, 开端, 阈"",""en"":""n. the starting point for a new state or experience""},{""pos"":"""",""zh"":""[计] 阈; 阈值"",""en"":""n. the smallest detectable sensation""}]","{""plural"":""thresholds""}","[""cet6""]",4724,B2,HARD,ecdict
fragile,fragile,'frædʒail,,"[""a.""]","[{""pos"":""a."",""zh"":""易碎的, 脆的"",""en"":""s. vulnerably delicate""},{""pos"":"""",""zh"":""[医] 脆弱的, 脆的"",""en"":""""}]",{},"[""cet6""]",4733,B2,HARD,ecdict
denial,denial,di'naiәl,,"[""n.""]","[{""pos"":""n."",""zh"":""否认"",""en"":""n. the act of refusing to comply (as with a request)""},{""pos"":"""",""zh"":""[法] 否定, 否认, 拒绝接受"",""en"":""n. the act of asserting that something alleged is not true""}]","{""plural"":""denials""}","[""cet6""]",4743,B2,HARD,ecdict
fantastic,fantastic,fæn'tæstik,,"[""a.""]","[{""pos"":""a."",""zh"":""奇妙的, 稀奇的, 空想的"",""en"":""s. extraordinarily good or great; used especially as intensifiers""}]",{},"[""cet6""]",4747,B2,HARD,ecdict
mansion,mansion,'mænʃәn,,"[""n.""]","[{""pos"":""n."",""zh"":""大厦, 宅邸"",""en"":""n. a large and imposing house""}]","{""plural"":""mansions""}","[""cet6""]",4761,B2,HARD,ecdict
charm,charm,tʃɑ:m,,"[""n."",""vt."",""vi.""]","[{""pos"":""n."",""zh"":""吸引力, 魔力, 符咒"",""en"":""n. something believed to bring good luck""},{""pos"":""vt."",""zh"":""迷住, 使陶醉, 行魔法"",""en"":""n. (physics) one of the six flavors of quark""},{""pos"":""vi."",""zh"":""用符咒, 有魅力"",""en"":""v. control by magic spells, as by practicing witchcraft""}]","{""plural"":""charms"",""pastParticiple"":""charmed"",""past"":""charmed"",""presentParticiple"":""charming"",""thirdPerson"":""charms""}","[""cet6""]",4768,B2,HARD,ecdict
ego,ego,'egәu. 'i:gәu,,"[""n.""]","[{""pos"":""n."",""zh"":""自我"",""en"":""n. an inflated feeling of pride in your superiority to others""},{""pos"":"""",""zh"":""[医] 自我"",""en"":""n. (psychoanalysis) the conscious mind""}]","{""plural"":""egos""}","[""cet6""]",4775,B2,HARD,ecdict
availability,availability,ә.veilә'biliti,,"[""n.""]","[{""pos"":""n."",""zh"":""有效性, 可利用性, 可利用的人"",""en"":""n the quality of being at hand when needed""},{""pos"":"""",""zh"":""[计] 有效性; 可用性"",""en"":""""}]","{""plural"":""availabilities""}","[""cet6""]",4777,B2,HARD,ecdict
sofa,sofa,'sәufә,,"[""n.""]","[{""pos"":""n."",""zh"":""沙发"",""en"":""n. an upholstered seat for more than one person""}]","{""plural"":""sofas""}","[""cet6""]",4782,B2,HARD,ecdict
premium,premium,'pri:miәm,,"[""n.""]","[{""pos"":""n."",""zh"":""额外补贴, 奖金, 奖赏, 保险费"",""en"":""n. payment for insurance""},{""pos"":"""",""zh"":""[医] 保险费"",""en"":""n. the amount that something in scarce supply is valued above its nominal value""}]","{""plural"":""premiums""}","[""cet6""]",4801,B2,HARD,ecdict
contemplate,contemplate,'kɒntempleit,,"[""vt."",""vi.""]","[{""pos"":""vt."",""zh"":""注视, 沉思, 盘算"",""en"":""v. look at thoughtfully; observe deep in thought""},{""pos"":""vi."",""zh"":""冥思苦想"",""en"":""v. consider as a possibility""}]","{""presentParticiple"":""contemplating"",""pastParticiple"":""contemplated"",""past"":""contemplated"",""thirdPerson"":""contemplates""}","[""cet6""]",4802,B2,HARD,ecdict
update,update,ʌp'deit,,"[""vt."",""n.""]","[{""pos"":""vt."",""zh"":""更新, 使现代化"",""en"":""n. news that updates your information""},{""pos"":""n."",""zh"":""更新"",""en"":""v. modernize or bring up to date""},{""pos"":"""",""zh"":""[计] 更新"",""en"":""v. bring up to date; supply with recent information""}]","{""pastParticiple"":""updated"",""presentParticiple"":""updating"",""plural"":""updates"",""past"":""updated"",""thirdPerson"":""updates""}","[""cet6""]",4803,B2,HARD,ecdict
overwhelm,overwhelm,.әuvә'hwelm,,"[""vt.""]","[{""pos"":""vt."",""zh"":""淹没, 受打击, 制服, 压倒, 使不知所措"",""en"":""v. overcome, as with emotions or perceptual stimuli""},{""pos"":"""",""zh"":""[法] 打翻, 倾覆, 覆盖"",""en"":""v. charge someone with too many tasks""}]","{""pastParticiple"":""overwhelmed"",""past"":""overwhelmed"",""thirdPerson"":""overwhelms"",""presentParticiple"":""overwhelming""}","[""cet6""]",4804,B2,HARD,ecdict
ironically,ironically,,,"[""adv.""]","[{""pos"":""adv."",""zh"":""冷嘲地, 挖苦地, 讽刺地, 令人啼笑皆非地"",""en"":""r. contrary to plan or expectation""}]",{},"[""cet6""]",4808,B2,HARD,ecdict
speculate,speculate,'spekjuleit,,"[""vi.""]","[{""pos"":""vi."",""zh"":""深思, 推测, 投机"",""en"":""v. to believe especially on uncertain or tentative grounds""},{""pos"":"""",""zh"":""[经] 投机"",""en"":""v. talk over conjecturally, or review in an idle or casual way and with an element of doubt or without sufficient reason to reach a conclusion""}]","{""presentParticiple"":""speculating"",""past"":""speculated"",""pastParticiple"":""speculated"",""thirdPerson"":""speculates""}","[""cet6""]",4809,B2,HARD,ecdict
preach,preach,pri:tʃ,,"[""v."",""n.""]","[{""pos"":""v."",""zh"":""传道, 讲道, 说教, 宣讲, 鼓吹"",""en"":""v. deliver a sermon""},{""pos"":""n."",""zh"":""说教, 布道"",""en"":""v. speak, plead, or argue in favor of""}]","{""presentParticiple"":""preaching"",""past"":""preached"",""pastParticiple"":""preached"",""thirdPerson"":""preaches""}","[""cet6""]",4814,B2,HARD,ecdict
substantially,substantially,sәb'stænʃәli,,"[""adv.""]","[{""pos"":""adv."",""zh"":""实质上, 本质上, 大体上"",""en"":""r. in a strong substantial way""}]",{},"[""cet6""]",4815,B2,HARD,ecdict
blond,blond,blɒnd,,"[""a."",""n.""]","[{""pos"":""a."",""zh"":""金发的"",""en"":""n. a person with fair skin and hair""},{""pos"":""n."",""zh"":""白肤碧眼金发的人"",""en"":""n. a light grayish yellow to near white""}]","{""comparative"":""blonder"",""plural"":""blonds"",""pastParticiple"":""blonded"",""past"":""blonded""}","[""cet6""]",4817,B2,HARD,ecdict
provoke,provoke,prә'vәuk,,"[""vt.""]","[{""pos"":""vt."",""zh"":""激怒, 惹起, 诱导"",""en"":""v. evoke or provoke to appear or occur""},{""pos"":"""",""zh"":""[法] 刺激, 煽动, 激怒"",""en"":""v. provide the needed stimulus for""}]","{""pastParticiple"":""provoked"",""past"":""provoked"",""presentParticiple"":""provoking"",""thirdPerson"":""provokes""}","[""cet6""]",4821,B2,HARD,ecdict
explicit,explicit,ik'splisit,,"[""a.""]","[{""pos"":""a."",""zh"":""详述的, 清楚的, 直言的"",""en"":""a. precisely and clearly expressed or readily observable; leaving nothing to implication""}]",{},"[""cet6""]",4826,B2,HARD,ecdict
slot,slot,slɒt,,"[""n."",""vt.""]","[{""pos"":""n."",""zh"":""水沟, 细长孔, 硬币投币口, 缝, 狭槽, 狭通道, 位置, 一档(广播节目等)"",""en"":""n. a position in a grammatical linguistic construction in which a variety of alternative units are interchangeable""},{""pos"":""vt."",""zh"":""开槽于, 把...纳入机构"",""en"":""n. a small slit (as for inserting a coin or depositing mail)""},{""pos"":"""",""zh"":""[计] 槽; 存储槽"",""en"":""n. a position in a hierarchy or organization""}]","{""plural"":""slots"",""pastParticiple"":""slotted"",""past"":""slotted"",""thirdPerson"":""slots"",""presentParticiple"":""slotting""}","[""cet6""]",4842,B2,HARD,ecdict
consecutive,consecutive,kәn'sekjutiv,,"[""a.""]","[{""pos"":""a."",""zh"":""连续的, 联贯的"",""en"":""s. in regular succession without gaps""},{""pos"":"""",""zh"":""[计] 连续的; 连接的"",""en"":""r. in a consecutive manner""}]",{},"[""cet6""]",4845,B2,HARD,ecdict
riot,riot,'raiәt,,"[""n."",""vi."",""vt.""]","[{""pos"":""n."",""zh"":""暴动, 喧闹, 放纵"",""en"":""n. a public act of violence by an unruly mob""},{""pos"":""vi."",""zh"":""发动, 暴动, 纵情, 放荡"",""en"":""v. take part in a riot; disturb the public peace by engaging in a riot""},{""pos"":""vt."",""zh"":""浪费, 挥霍"",""en"":""""}]","{""plural"":""riots"",""past"":""rioted"",""presentParticiple"":""rioting"",""thirdPerson"":""riots"",""pastParticiple"":""rioted""}","[""cet6""]",4848,B2,HARD,ecdict
nutrient,nutrient,'nju:triәnt,,"[""a."",""n.""]","[{""pos"":""a."",""zh"":""营养的, 滋养的"",""en"":""n. any substance (such as a chemical element or inorganic compound) that can be taken in by a green plant and used in organic synthesis""},{""pos"":""n."",""zh"":""营养物, 滋养物"",""en"":""""}]","{""plural"":""nutrients""}","[""cet6""]",4849,B2,HARD,ecdict
transit,transit,'trænsit,,"[""n."",""vt."",""vi.""]","[{""pos"":""n."",""zh"":""经过, 通行, 运输, 运输线, 转变"",""en"":""v. make a passage or journey from one place to another""},{""pos"":""vt."",""zh"":""运送, 使通过, 经过"",""en"":""v. pass across (a sign or house of the zodiac) or pass across (the disk of a celestial body or the meridian of a place)""},{""pos"":""vi."",""zh"":""通过"",""en"":""v. revolve (the telescope of a surveying transit) about its horizontal transverse axis in order to reverse its direction""}]","{""plural"":""transits"",""presentParticiple"":""transiting"",""pastParticiple"":""transitted"",""past"":""transited"",""thirdPerson"":""transits""}","[""cet6""]",4859,B2,HARD,ecdict
articulate,articulate,ɑ:'tikjulit,,"[""a."",""vt.""]","[{""pos"":""a."",""zh"":""发音清晰的, 口才好的"",""en"":""v. unite by forming a joint or joints""},{""pos"":""vt."",""zh"":""明白地说, 以关节连接, 使成为系统的整体"",""en"":""v. express or state clearly""}]","{""pastParticiple"":""articulated"",""presentParticiple"":""articulating"",""thirdPerson"":""articulates"",""past"":""articulated""}","[""cet6""]",4865,B2,HARD,ecdict
soften,soften,'sɒftn,,"[""v.""]","[{""pos"":""v."",""zh"":""(使)变柔软, (使)变柔和"",""en"":""v. make (images or sounds) soft or softer""}]","{""pastParticiple"":""softened"",""presentParticiple"":""softening"",""thirdPerson"":""softens"",""past"":""softened""}","[""cet6""]",4869,B2,HARD,ecdict
straighten,straighten,'streitn,,"[""vt."",""vi.""]","[{""pos"":""vt."",""zh"":""弄直, 整顿, 清理, 使改正"",""en"":""v. straighten up or out; make straight""},{""pos"":""vi."",""zh"":""直起来, 改正, 好转"",""en"":""v. make straight""}]","{""past"":""straightened"",""presentParticiple"":""straightening"",""pastParticiple"":""straightened"",""thirdPerson"":""straightens""}","[""cet6""]",4877,B2,HARD,ecdict
tile,tile,tail,,"[""n."",""vt.""]","[{""pos"":""n."",""zh"":""砖瓦, 瓷砖, 瓦片"",""en"":""n. a flat thin rectangular slab (as of fired clay or rubber or linoleum) used to cover surfaces""},{""pos"":""vt."",""zh"":""铺以瓦, 铺以瓷砖"",""en"":""n. a thin flat slab of fired clay used for roofing""},{""pos"":"""",""zh"":""[计] 平铺"",""en"":""n. game equipment consisting of a flat thin piece marked with characters and used in board games like Mah-Jong, Scrabble, etc.""}]","{""plural"":""tiles"",""pastParticiple"":""tiled"",""presentParticiple"":""tiling"",""past"":""tiled"",""thirdPerson"":""tiles""}","[""cet6""]",4880,B2,HARD,ecdict
economically,economically,i:kә'nɔmikәli,,"[""adv.""]","[{""pos"":""adv."",""zh"":""节约地, 不浪费地, 节省地, 节俭地, 在经济上, 在经济学上"",""en"":""r. with respect to economic science""}]",{},"[""cet6""]",4883,B2,HARD,ecdict
plea,plea,pli:,,"[""n.""]","[{""pos"":""n."",""zh"":""恳求, 辩解, 抗辩, 诉讼, 请愿, 托词"",""en"":""n. (law) a defendant's answer by a factual matter (as distinguished from a demurrer)""},{""pos"":"""",""zh"":""[法] 抗辩, 申诉案件, 答辩"",""en"":""n. an answer indicating why a suit should be dismissed""}]","{""plural"":""pleas""}","[""cet6""]",4894,B2,HARD,ecdict
missionary,missionary,'miʃәnәri,,"[""n."",""a.""]","[{""pos"":""n."",""zh"":""传教士, 负有任务者, 工作人员"",""en"":""n. someone who attempts to convert others to a particular doctrine or program""},{""pos"":""a."",""zh"":""传教的, 传教士的"",""en"":""n. someone sent on a mission--especially a religious or charitable mission to a foreign country""}]","{""plural"":""missionaries""}","[""cet6""]",4911,B2,HARD,ecdict
epidemic,epidemic,.epi'demik,,"[""n."",""a.""]","[{""pos"":""n."",""zh"":""传染病, 流行病"",""en"":""n. a widespread outbreak of an infectious disease; many people are infected at the same time""},{""pos"":""a."",""zh"":""流行的, 传染性的"",""en"":""a. (especially of medicine) of disease or anything resembling a disease; attacking or affecting many individuals in a community or a population simultaneously""}]","{""plural"":""epidemics""}","[""cet6""]",4919,B2,HARD,ecdict
warehouse,warehouse,'wєәhaus,,"[""n."",""vt.""]","[{""pos"":""n."",""zh"":""仓库, 货栈, 大商店"",""en"":""n. a storehouse for goods and merchandise""},{""pos"":""vt."",""zh"":""储入仓库"",""en"":""v. store in a warehouse""}]","{""plural"":""warehouses"",""past"":""warehoused"",""presentParticiple"":""warehousing"",""thirdPerson"":""warehouses"",""pastParticiple"":""warehoused""}","[""cet6""]",4922,B2,HARD,ecdict
inherent,inherent,in'hiәrәnt,,"[""a.""]","[{""pos"":""a."",""zh"":""固有的, 与生俱来的"",""en"":""s existing as an essential constituent or characteristic""},{""pos"":"""",""zh"":""[医] 固有的, 生来的"",""en"":""s in the nature of something though not readily apparent""}]",{},"[""cet6""]",4924,B2,HARD,ecdict
sensor,sensor,'sensә,,"[""n.""]","[{""pos"":""n."",""zh"":""传感器"",""en"":""n any device that receives a signal or stimulus (as heat or pressure or light or motion etc.) and responds to it in a distinctive manner""},{""pos"":"""",""zh"":""[计] 检测器"",""en"":""""}]","{""plural"":""sensors""}","[""cet6""]",4935,B2,HARD,ecdict
stereotype,stereotype,'stiәriәtaip,,"[""n."",""vt.""]","[{""pos"":""n."",""zh"":""铅版, 陈规, 老套"",""en"":""n. a conventional or formulaic conception or image""},{""pos"":""vt."",""zh"":""使用铅版, 把...印制成盲文, 套用老套, 使一成不变"",""en"":""""}]","{""plural"":""stereotypes"",""presentParticiple"":""stereotyping"",""past"":""stereotyped"",""thirdPerson"":""stereotypes"",""pastParticiple"":""stereotyped""}","[""cet6""]",4936,B2,HARD,ecdict
dean,dean,di:n,,"[""n.""]","[{""pos"":""n."",""zh"":""院长, 主持牧师"",""en"":""n. an administrator in charge of a division of a university or college""},{""pos"":"""",""zh"":""[法] 外交团长, 学院院长, 教务长"",""en"":""n. United States film actor whose moody rebellious roles made him a cult figure (1931-1955)""}]","{""plural"":""deans""}","[""cet6""]",4946,B2,HARD,ecdict
tribute,tribute,'tribju:t,,"[""n.""]","[{""pos"":""n."",""zh"":""贡物, 礼物, 颂辞"",""en"":""n. something given or done as an expression of esteem""}]","{""plural"":""tributes""}","[""cet6""]",4953,B2,HARD,ecdict
bizarre,bizarre,bi'zɑ:,,"[""a.""]","[{""pos"":""a."",""zh"":""奇异的"",""en"":""s. conspicuously or grossly unconventional or unusual""}]",{},"[""cet6""]",4957,B2,HARD,ecdict
nominate,nominate,'nɒmineit,,"[""vt.""]","[{""pos"":""vt."",""zh"":""提名, 任命, 命名"",""en"":""v. propose as a candidate for some honor""},{""pos"":"""",""zh"":""[法] 提名...为候选人, 指定, 推荐"",""en"":""v. put forward; nominate for appointment to an office or for an honor or position""}]","{""pastParticiple"":""nominated"",""past"":""nominated"",""presentParticiple"":""nominating"",""thirdPerson"":""nominates""}","[""cet6""]",4958,B2,HARD,ecdict
skeptical,skeptical,'skeptikәl,,"[""a.""]","[{""pos"":""a."",""zh"":""怀疑论的, 怀疑的, 不可知论的"",""en"":""s denying or questioning the tenets of especially a religion""},{""pos"":"""",""zh"":""[法] 怀疑的, 不信的, 怀疑论者的"",""en"":""s marked by or given to doubt""}]",{},"[""cet6""]",4963,B2,HARD,ecdict
scrutiny,scrutiny,'skru:tini,,"[""n.""]","[{""pos"":""n."",""zh"":""细看, 仔细检查, 监视, 选票检查"",""en"":""n. a prolonged intense look""},{""pos"":"""",""zh"":""[经] 复查, 评核, 仔细检查"",""en"":""""}]","{""plural"":""scrutinies""}","[""cet6""]",4964,B2,HARD,ecdict
suppress,suppress,sә'pres,,"[""vt.""]","[{""pos"":""vt."",""zh"":""镇压, 使止住, 禁止, 抑制, 查禁"",""en"":""v. to put down by force or authority""},{""pos"":"""",""zh"":""[法] 镇压, 平定, 禁止出版"",""en"":""v. put out of one's consciousness""}]","{""pastParticiple"":""suppressed"",""presentParticiple"":""suppressing"",""past"":""suppressed"",""thirdPerson"":""suppresses""}","[""cet6""]",4965,B2,HARD,ecdict
extract,extract,ik'strækt,,"[""n."",""vt.""]","[{""pos"":""n."",""zh"":""榨出物, 精汁, 摘录, 选段"",""en"":""v. remove, usually with some force or effort; also used in an abstract sense""},{""pos"":""vt."",""zh"":""(费力地)取出, 采掘, 榨取, 摘录, 吸取"",""en"":""v. get despite difficulties or obstacles""},{""pos"":"""",""zh"":""[计] 提取"",""en"":""v. separate (a metal) from an ore""}]","{""plural"":""extracts"",""pastParticiple"":""extracted"",""presentParticiple"":""extracting"",""past"":""extracted"",""thirdPerson"":""extracts""}","[""cet6""]",4971,B2,HARD,ecdict
bureaucracy,bureaucracy,bjuә'rɒkrәsi,,"[""n.""]","[{""pos"":""n."",""zh"":""官僚, 官吏"",""en"":""n. nonelective government officials""},{""pos"":"""",""zh"":""[法] 官僚主义, 官僚政治, 官僚机构"",""en"":""n. a government that is administered primarily by bureaus that are staffed with nonelective officials""}]","{""plural"":""bureaucracies""}","[""cet6""]",4976,B2,HARD,ecdict
complication,complication,.kɒmpli'keiʃәn,,"[""n.""]","[{""pos"":""n."",""zh"":""复杂化, 复杂情况"",""en"":""n. the act or process of complicating""},{""pos"":"""",""zh"":""[医] 并发症, 并发病"",""en"":""n. a situation or condition that is complex or confused""}]","{""plural"":""complications""}","[""cet6""]",4995,B2,HARD,ecdict
composer,composer,kәm'pәuzә,,"[""n.""]","[{""pos"":""n."",""zh"":""作曲家, 作家, 调停者"",""en"":""n. someone who composes music as a profession""}]","{""plural"":""composers""}","[""cet6""]",4999,B2,HARD,ecdict
authentic,authentic,ɒ:'θentik,,"[""a.""]","[{""pos"":""a."",""zh"":""可靠的, 可信的, 真正的"",""en"":""s. conforming to fact and therefore worthy of belief""},{""pos"":"""",""zh"":""[法] 被认证的, 确认的, 可信的"",""en"":""s. not counterfeit or copied""}]","{""plural"":""authentics""}","[""cet6""]",5000,B2,HARD,ecdict
concession,concession,kәn'seʃәn,,"[""n.""]","[{""pos"":""n."",""zh"":""特许, 让步, 认可"",""en"":""n. a contract granting the right to operate a subsidiary business""},{""pos"":"""",""zh"":""[经] 核准, 许可, 特殊(权)"",""en"":""n. the act of conceding or yielding""}]","{""plural"":""concessions""}","[""cet6""]",5001,B2,HARD,ecdict
rejection,rejection,ri'dʒekʃәn,,"[""n.""]","[{""pos"":""n."",""zh"":""拒绝, 抛弃, 驳回, 被抛弃的东西, 呕出物"",""en"":""n. the act of rejecting something""},{""pos"":"""",""zh"":""[化] 报废; 拒收"",""en"":""n. the state of being rejected""}]","{""plural"":""rejections""}","[""cet6""]",5003,B2,HARD,ecdict
dome,dome,dәum,,"[""n."",""vt."",""vi.""]","[{""pos"":""n."",""zh"":""圆顶"",""en"":""n. a concave shape whose distinguishing characteristic is that the concavity faces downward""},{""pos"":""vt."",""zh"":""加圆顶"",""en"":""n. a stadium that has a roof""},{""pos"":""vi."",""zh"":""成圆顶状"",""en"":""n. a hemispherical roof""}]","{""plural"":""domes"",""past"":""domed"",""pastParticiple"":""domed""}","[""cet6""]",5005,B2,HARD,ecdict
inadequate,inadequate,in'ædikwәt,,"[""a.""]","[{""pos"":""a."",""zh"":""不充分的, 不适当的"",""en"":""a. lacking the requisite qualities or resources to meet a task""},{""pos"":"""",""zh"":""[法] 不充分的, 不适当的"",""en"":""s. not sufficient to meet a need""}]","{""plural"":""inadequates""}","[""cet6""]",5006,B2,HARD,ecdict
subsequently,subsequently,'sʌbsikwәntli,,"[""adv.""]","[{""pos"":""adv."",""zh"":""后来, 随后"",""en"":""r. happening at a time subsequent to a reference time""}]",{},"[""cet6""]",5011,B2,HARD,ecdict
haunt,haunt,hɒ:nt,,"[""n."",""vt."",""vi.""]","[{""pos"":""n."",""zh"":""常到的地方, 生息地"",""en"":""n. a frequently visited place""},{""pos"":""vt."",""zh"":""常到, 出没于, 萦绕于"",""en"":""v. follow stealthily or recur constantly and spontaneously to""},{""pos"":""vi."",""zh"":""出没, 作祟"",""en"":""v. haunt like a ghost; pursue""}]","{""pastParticiple"":""haunted"",""thirdPerson"":""haunts"",""plural"":""haunts"",""past"":""haunted"",""presentParticiple"":""haunting""}","[""cet6""]",5014,B2,HARD,ecdict
sheriff,sheriff,'ʃerif,,"[""n.""]","[{""pos"":""n."",""zh"":""郡治安官, 县治安官"",""en"":""n. the principal law-enforcement officer in a county""},{""pos"":"""",""zh"":""[法] 司法行政官, 郡长, 执行吏"",""en"":""""}]","{""plural"":""sheriffs""}","[""cet6""]",5016,B2,HARD,ecdict
evoke,evoke,i'vәuk,,"[""vt.""]","[{""pos"":""vt."",""zh"":""唤起, 引起, 召(魂)"",""en"":""v call forth (emotions, feelings, and responses)""},{""pos"":"""",""zh"":""[法] 提审, 移送"",""en"":""v evoke or provoke to appear or occur""}]","{""thirdPerson"":""evokes"",""pastParticiple"":""evoked"",""past"":""evoked"",""presentParticiple"":""evoking""}","[""cet6""]",5018,B2,HARD,ecdict
completion,completion,kәm'pli:ʃәn,,"[""n.""]","[{""pos"":""n."",""zh"":""完成"",""en"":""n. (American football) a successful forward pass in football""},{""pos"":"""",""zh"":""[经] 完井, 结束, 完工"",""en"":""n. a concluding action""}]","{""plural"":""completions""}","[""cet6""]",5019,B2,HARD,ecdict
pal,pal,pæl,,"[""n."",""vi.""]","[{""pos"":""n."",""zh"":""朋友, 伙伴, 同志, 同谋"",""en"":""v. become friends; act friendly towards""},{""pos"":""vi."",""zh"":""交友, 结伴"",""en"":""""}]","{""plural"":""pals"",""presentParticiple"":""palling"",""past"":""palled"",""thirdPerson"":""pals"",""pastParticiple"":""palled""}","[""cet6""]",5020,B2,HARD,ecdict
trader,trader,'treidә,,"[""n.""]","[{""pos"":""n."",""zh"":""商人, 商船"",""en"":""n. someone who purchases and maintains an inventory of goods to be sold""},{""pos"":"""",""zh"":""[经] 交易者, 商船"",""en"":""""}]","{""plural"":""traders""}","[""cet6""]",5021,B2,HARD,ecdict
vein,vein,vein,,"[""n."",""vt.""]","[{""pos"":""n."",""zh"":""血管, 静脉, 纹理, 气质, 情绪"",""en"":""n. a blood vessel that carries blood from the capillaries toward the heart""},{""pos"":""vt."",""zh"":""使有脉络, 像脉络般分布于"",""en"":""n. a distinctive style or manner""}]","{""plural"":""veins"",""pastParticiple"":""veined"",""presentParticiple"":""veining"",""past"":""veined"",""thirdPerson"":""veins""}","[""cet6""]",5023,B2,HARD,ecdict
surge,surge,sә:dʒ,,"[""n."",""vi."",""vt.""]","[{""pos"":""n."",""zh"":""巨涌, 汹涌, 澎湃"",""en"":""n. a sudden or abrupt strong increase""},{""pos"":""vi."",""zh"":""汹涌, 澎湃, 颠簸, 猛冲, 突然放松"",""en"":""v. see one's performance improve""},{""pos"":""vt."",""zh"":""使汹涌奔腾, 急放"",""en"":""""},{""pos"":"""",""zh"":""[计] 电压尖峰"",""en"":""""}]","{""past"":""surged"",""presentParticiple"":""surging"",""plural"":""surges"",""pastParticiple"":""surged"",""thirdPerson"":""surges""}","[""cet6""]",5029,B2,HARD,ecdict
commentary,commentary,'kɒmәntәri,,"[""n.""]","[{""pos"":""n."",""zh"":""注释, 评论, 说明"",""en"":""n a written explanation or criticism or illustration that is added to a book or other textual material""},{""pos"":"""",""zh"":""[法] 注释, 评注, 评论"",""en"":""""}]","{""plural"":""commentaries""}","[""cet6""]",5032,B2,HARD,ecdict
follower,follower,'fɒlәuә,,"[""n.""]","[{""pos"":""n."",""zh"":""从者, 属下, 追补者"",""en"":""n. a person who accepts the leadership of another""},{""pos"":"""",""zh"":""[电] 随动机"",""en"":""n. someone who travels behind or pursues another""}]","{""plural"":""followers""}","[""cet6""]",5033,B2,HARD,ecdict
suspension,suspension,sә'spenʃәn,,"[""n.""]","[{""pos"":""n."",""zh"":""悬挂, 暂停, 中止"",""en"":""n. a mixture in which fine particles are suspended in a fluid where they are supported by buoyancy""},{""pos"":"""",""zh"":""[化] 悬浮; 悬浮体; 悬浮液"",""en"":""n. an interruption in the intensity or amount of something""}]","{""plural"":""suspensions""}","[""cet6""]",5034,B2,HARD,ecdict
imperial,imperial,im'piәriәl,,"[""a."",""n.""]","[{""pos"":""a."",""zh"":""帝王的, 宗主国的, 至尊的, 壮丽的"",""en"":""n. a small tufted beard worn by Emperor Napoleon III""},{""pos"":""n."",""zh"":""特等品"",""en"":""n. a piece of luggage carried on top of a coach""}]",{},"[""cet6""]",5035,B2,HARD,ecdict
compensate,compensate,'kɒmpenseit,,"[""v.""]","[{""pos"":""v."",""zh"":""偿还, 补偿, 付报酬"",""en"":""v. adjust for""}]","{""pastParticiple"":""compensated"",""presentParticiple"":""compensating"",""thirdPerson"":""compensates"",""past"":""compensated""}","[""cet6""]",5037,B2,HARD,ecdict
hover,hover,'hʌvә,,"[""vi."",""vt."",""n.""]","[{""pos"":""vi."",""zh"":""盘旋, 翱翔, 徘徊"",""en"":""v. be undecided about something; waver between conflicting positions or courses of action""},{""pos"":""vt."",""zh"":""孵"",""en"":""v. move to and fro""},{""pos"":""n."",""zh"":""翱翔"",""en"":""v. hang in the air; fly or be suspended above""}]","{""presentParticiple"":""hovering"",""past"":""hovered"",""thirdPerson"":""hovers"",""pastParticiple"":""hovered""}","[""cet6""]",5041,B2,HARD,ecdict
fossil,fossil,'fɒsәl,,"[""n."",""a.""]","[{""pos"":""n."",""zh"":""化石, 古物"",""en"":""n. the remains (or an impression) of a plant or animal that existed in a past geological age and that has been excavated from the soil""},{""pos"":""a."",""zh"":""化石的, 陈腐的, 守旧的"",""en"":""a. characteristic of a fossil""}]","{""plural"":""fossils""}","[""cet6""]",5043,B2,HARD,ecdict
strive,strive,straiv,,"[""vi.""]","[{""pos"":""vi."",""zh"":""努力, 奋斗, 斗争"",""en"":""v. to exert much effort or energy""}]","{""presentParticiple"":""striving"",""past"":""strove"",""thirdPerson"":""strives"",""pastParticiple"":""striven""}","[""cet6""]",5062,B2,HARD,ecdict
ward,ward,wɒ:d,,"[""n."",""vt.""]","[{""pos"":""n."",""zh"":""病房, 守卫, 保卫, 保护, 监护, 牢房, 行政区, 锁孔内的榫舌"",""en"":""n. a person who is under the protection or in the custody of another""},{""pos"":""vt."",""zh"":""使入病房, 守护, 保卫"",""en"":""n. a district into which a city or town is divided for the purpose of administration and elections""}]","{""plural"":""wards"",""presentParticiple"":""warding"",""pastParticiple"":""warded"",""past"":""warded"",""thirdPerson"":""wards""}","[""cet6""]",5065,B2,HARD,ecdict
warfare,warfare,'wɒ:fєә,,"[""n.""]","[{""pos"":""n."",""zh"":""战争, 战斗, 交战, 斗争, 竞争"",""en"":""n the waging of armed conflict against an enemy""},{""pos"":"""",""zh"":""[法] 战事, 作战, 交战"",""en"":""n an active struggle between competing entities""}]",{},"[""cet6""]",5066,B2,HARD,ecdict
tilt,tilt,tilt,,"[""n."",""vt."",""vi.""]","[{""pos"":""n."",""zh"":""倾斜, 倾向, 船篷, 车篷"",""en"":""n. a slight but noticeable partiality""},{""pos"":""vt."",""zh"":""使倾斜, 使倾侧, 用帆布篷遮盖"",""en"":""n. the property possessed by a line or surface that departs from the vertical""},{""pos"":""vi."",""zh"":""倾斜, 翘起, 冲, 评击"",""en"":""v. charge with a tilt""},{""pos"":"""",""zh"":""[计] 倾斜"",""en"":""""}]","{""past"":""tilted"",""presentParticiple"":""tilting"",""pastParticiple"":""tilted"",""thirdPerson"":""tilts"",""plural"":""tilts""}","[""cet6""]",5070,B2,HARD,ecdict
medieval,medieval,.medi'i:vl,,"[""a.""]","[{""pos"":""a."",""zh"":""中古的, 中世纪的"",""en"":""a. relating to or belonging to the Middle Ages""}]",{},"[""cet6""]",5073,B2,HARD,ecdict
monetary,monetary,'mʌnitәri,,"[""a.""]","[{""pos"":""a."",""zh"":""货币的, 金钱的"",""en"":""a. relating to or involving money""},{""pos"":"""",""zh"":""[经] 货币的, 金融的"",""en"":""""}]",{},"[""cet6""]",5077,B2,HARD,ecdict
intervene,intervene,.intә'vi:n,,"[""vi.""]","[{""pos"":""vi."",""zh"":""插入, 调停, 干涉"",""en"":""v. get involved, so as to alter or hinder an action, or through force or threat of force""},{""pos"":"""",""zh"":""[经] 进场干预"",""en"":""v. be placed or located between other things or extend between spaces and events""}]","{""past"":""intervened"",""pastParticiple"":""intervened"",""thirdPerson"":""intervenes"",""presentParticiple"":""intervening""}","[""cet6""]",5091,B2,HARD,ecdict
embody,embody,im'bɒdi,,"[""vt.""]","[{""pos"":""vt."",""zh"":""具体表达, 使具体化"",""en"":""v. represent, as of a character on stage""},{""pos"":"""",""zh"":""[经] 合并, 具体化, 具体表现"",""en"":""v. represent or express something abstract in tangible form""}]","{""pastParticiple"":""embodied"",""thirdPerson"":""embodies"",""past"":""embodied"",""presentParticiple"":""embodying""}","[""cet6""]",5093,B2,HARD,ecdict
fake,fake,feik,,"[""n."",""a."",""vt."",""vi.""]","[{""pos"":""n."",""zh"":""假货, 欺骗, 诡计"",""en"":""n. something that is a counterfeit; not what it seems to be""},{""pos"":""a."",""zh"":""假的"",""en"":""s. not genuine or real; being an imitation of the genuine article; it's real synthetic fur\""""},{""pos"":""vt."",""zh"":""假造, 仿造"",""en"":""""},{""pos"":""vi."",""zh"":""伪装"",""en"":""""}]","{""plural"":""fakes"",""presentParticiple"":""faking"",""past"":""faked"",""pastParticiple"":""faked"",""thirdPerson"":""fakes""}","[""cet6""]",5098,B2,HARD,ecdict
crab,crab,kræb,,"[""n."",""vi."",""vt.""]","[{""pos"":""n."",""zh"":""螃蟹, 偏航, 脾气乖戾的人, 沙果"",""en"":""n. decapod having eyes on short stalks and a broad flattened carapace with a small abdomen folded under the thorax and pincers""},{""pos"":""vi."",""zh"":""捕蟹, 偏航, 发牢骚"",""en"":""n. a quarrelsome grouch""},{""pos"":""vt."",""zh"":""使偏航, 抱怨, 破坏"",""en"":""n. the edible flesh of any of various crabs""}]","{""plural"":""crabs"",""presentParticiple"":""crabbing"",""pastParticiple"":""crabbed"",""past"":""crabbed"",""thirdPerson"":""crabs""}","[""cet6""]",5100,B2,HARD,ecdict
manuscript,manuscript,'mænjuskript,,"[""n."",""a.""]","[{""pos"":""n."",""zh"":""手稿, 原稿, 底稿"",""en"":""n. the form of a literary work submitted for publication""},{""pos"":""a."",""zh"":""手写的"",""en"":""n. handwritten book or document""}]","{""plural"":""manuscripts""}","[""cet6""]",5114,B2,HARD,ecdict
morality,morality,mә'ræliti,,"[""n.""]","[{""pos"":""n."",""zh"":""道德, 教训, 品行"",""en"":""n. concern with the distinction between good and evil or right and wrong; right or good conduct""},{""pos"":"""",""zh"":""[法] 道德, 道义"",""en"":""""}]","{""plural"":""moralities""}","[""cet6""]",5115,B2,HARD,ecdict
disagreement,disagreement,.disә'gri:mәnt,,"[""n.""]","[{""pos"":""n."",""zh"":""不合, 争论, 不一致"",""en"":""n. a conflict of people's opinions or actions or characters""},{""pos"":"""",""zh"":""[法] 不一致, 不同意, 陪审团的意见不一"",""en"":""n. the speech act of disagreeing or arguing or disputing""}]","{""plural"":""disagreements""}","[""cet6""]",5117,B2,HARD,ecdict
junk,junk,dʒʌŋk,,"[""n.""]","[{""pos"":""n."",""zh"":""垃圾, 乌七八糟的东西, 舢板"",""en"":""n. any of various Chinese boats with a high poop and lugsails""},{""pos"":"""",""zh"":""[计] 清除"",""en"":""""}]","{""plural"":""junks"",""presentParticiple"":""junking"",""pastParticiple"":""junked"",""past"":""junked"",""thirdPerson"":""junks"",""comparative"":""junker""}","[""cet6""]",5130,B2,HARD,ecdict
stun,stun,stʌn,,"[""vt."",""n.""]","[{""pos"":""vt."",""zh"":""使昏迷, 使震惊, 打昏"",""en"":""v. make senseless or dizzy by or as if by a blow""},{""pos"":""n."",""zh"":""昏迷, 猛击"",""en"":""v. overcome as with astonishment or disbelief""}]","{""pastParticiple"":""stunned"",""past"":""stunned"",""thirdPerson"":""stuns"",""presentParticiple"":""stunning"",""plural"":""stuns""}","[""cet6""]",5131,B2,HARD,ecdict
clutch,clutch,klʌtʃ,,"[""n."",""vt."",""vi.""]","[{""pos"":""n."",""zh"":""抓紧, 掌握, 离合器, 一窝小鸡"",""en"":""n. a tense critical situation""},{""pos"":""vt."",""zh"":""抓住, 踩汽车离合器踏板"",""en"":""n. a number of birds hatched at the same time""},{""pos"":""vi."",""zh"":""抓"",""en"":""n. a pedal or lever that engages or disengages a rotating shaft and a driving mechanism""},{""pos"":"""",""zh"":""[计] 联轴器; 离合器"",""en"":""n. a coupling that connects or disconnects driving and driven parts of a driving mechanism""}]","{""presentParticiple"":""clutching"",""past"":""clutched"",""plural"":""clutches"",""pastParticiple"":""clutched"",""thirdPerson"":""clutches""}","[""cet6""]",5145,B2,HARD,ecdict
breakdown,breakdown,'breikdaun,,"[""n.""]","[{""pos"":""n."",""zh"":""崩溃, 故障"",""en"":""n. a mental or physical breakdown""},{""pos"":"""",""zh"":""[化] 事故; 击穿"",""en"":""n. a cessation of normal operation""}]","{""plural"":""breakdowns""}","[""cet6""]",5147,B2,HARD,ecdict
kidney,kidney,'kidni,,"[""n.""]","[{""pos"":""n."",""zh"":""肾, 个性"",""en"":""n. either of two bean-shaped excretory organs that filter wastes (especially urea) from the blood and excrete them and water in urine""},{""pos"":"""",""zh"":""[医] 肾"",""en"":""""}]","{""plural"":""kidneys""}","[""cet6""]",5152,B2,HARD,ecdict
literacy,literacy,'litәrәsi,,"[""n.""]","[{""pos"":""n."",""zh"":""读写能力, 识字, 精通文学"",""en"":""n. the ability to read and write""}]","{""plural"":""literacies""}","[""cet6""]",5159,B2,HARD,ecdict
destiny,destiny,'destini,,"[""n.""]","[{""pos"":""n."",""zh"":""命运, 定数"",""en"":""n. an event (or a course of events) that will inevitably happen in the future""}]","{""plural"":""destinies""}","[""cet6""]",5162,B2,HARD,ecdict
solo,solo,'sәulәu,,"[""n."",""a."",""vi.""]","[{""pos"":""n."",""zh"":""独奏, 独唱, 单独表演"",""en"":""n. any activity that is performed alone without assistance""},{""pos"":""a."",""zh"":""单独的, 独奏的, 独唱的"",""en"":""n. a musical composition for one voice or instrument (with or without accompaniment)""},{""pos"":""vi."",""zh"":""放单飞"",""en"":""n. a flight in which the aircraft pilot is unaccompanied""}]","{""plural"":""solos"",""presentParticiple"":""soloing"",""past"":""soloed"",""thirdPerson"":""solos"",""pastParticiple"":""soloed""}","[""cet6""]",5164,B2,HARD,ecdict
probe,probe,prәub,,"[""n."",""v.""]","[{""pos"":""n."",""zh"":""探索, 调查, 探针, 探测器"",""en"":""n. an inquiry into unfamiliar or questionable activities""},{""pos"":""v."",""zh"":""用探针探测, 调查, 探索"",""en"":""n. a flexible slender surgical instrument with a blunt end that is used to explore wounds or body cavities""}]","{""plural"":""probes"",""pastParticiple"":""probed"",""presentParticiple"":""probing"",""past"":""probed"",""thirdPerson"":""probes""}","[""cet6""]",5178,B2,HARD,ecdict
positively,positively,,,"[""adv.""]","[{""pos"":""adv."",""zh"":""明确地, 肯定地, 无疑地, (非正式)确实地, 真正地"",""en"":""r. extremely""}]",{},"[""cet6""]",5186,B2,HARD,ecdict
snack,snack,snæk,,"[""n."",""vi.""]","[{""pos"":""n."",""zh"":""小吃, 点心, 快餐"",""en"":""n a light informal meal""},{""pos"":""vi."",""zh"":""吃零食, 吃快餐"",""en"":""v eat a snack; eat lightly""}]","{""plural"":""snacks"",""presentParticiple"":""snacking"",""thirdPerson"":""snacks"",""pastParticiple"":""snacked"",""past"":""snacked""}","[""cet6""]",5187,B2,HARD,ecdict
migrant,migrant,'maigrәnt,,"[""n.""]","[{""pos"":""n."",""zh"":""候鸟, 移居者"",""en"":""n. traveler who moves from one region or country to another""},{""pos"":"""",""zh"":""[法] 移居者"",""en"":""s. habitually moving from place to place especially in search of seasonal work""}]","{""plural"":""migrants""}","[""cet6""]",5190,B2,HARD,ecdict
competence,competence,'kɒmpitәns,,"[""n.""]","[{""pos"":""n."",""zh"":""胜任, 职称, 能力"",""en"":""n. the quality of being adequately or well qualified physically and intellectually""},{""pos"":"""",""zh"":""[医] 能力, 活性"",""en"":""""}]","{""plural"":""competences""}","[""cet6""]",5191,B2,HARD,ecdict
pledge,pledge,pledʒ,,"[""n."",""vt.""]","[{""pos"":""n."",""zh"":""诺言, 保证, 誓言, 抵押, 信物, 保人, 祝愿"",""en"":""n. a deposit of personal property as security for a debt""},{""pos"":""vt."",""zh"":""许诺, 保证, 使发誓, 抵押, 典当, 举杯祝...健康"",""en"":""n. someone accepted for membership but not yet fully admitted to the group""}]","{""pastParticiple"":""pledged"",""past"":""pledged"",""plural"":""pledges"",""presentParticiple"":""pledging"",""thirdPerson"":""pledges""}","[""cet6""]",5198,B2,HARD,ecdict
hierarchy,hierarchy,'haiәrɑ:ki,,"[""n.""]","[{""pos"":""n."",""zh"":""等级制度, 僧侣统治, 等级体系"",""en"":""n. a series of ordered groupings of people or things within a system""},{""pos"":"""",""zh"":""[计] 分级结构; 分层结构; 新闻组, 新闻组分层"",""en"":""n. the organization of people at different ranks in an administrative body""}]","{""plural"":""hierarchies""}","[""cet6""]",5206,B2,HARD,ecdict
spectator,spectator,spek'teitә,,"[""n.""]","[{""pos"":""n."",""zh"":""观众, 目击者, 旁观者"",""en"":""n. a close observer; someone who looks at something (such as an exhibition of some kind)""}]","{""plural"":""spectators""}","[""cet6""]",5215,B2,HARD,ecdict
preservation,preservation,.prezә'veiʃәn,,"[""n.""]","[{""pos"":""n."",""zh"":""保存, 保藏, 保护"",""en"":""n. the activity of protecting something from loss or danger""},{""pos"":"""",""zh"":""[医] 保藏, 保存, 防腐"",""en"":""n. the condition of being (well or ill) preserved""}]","{""plural"":""preservations""}","[""cet6""]",5229,B2,HARD,ecdict
designate,designate,'dezigneit,,"[""vt."",""a.""]","[{""pos"":""vt."",""zh"":""指定, 指明, 称呼"",""en"":""v. assign a name or title to""},{""pos"":""a."",""zh"":""已选出而未上任的"",""en"":""s. appointed but not yet installed in office""}]","{""pastParticiple"":""designated"",""past"":""designated"",""presentParticiple"":""designating"",""thirdPerson"":""designates""}","[""cet6""]",5240,B2,HARD,ecdict
predecessor,predecessor,.predi'sesә,,"[""n.""]","[{""pos"":""n."",""zh"":""前任, 先辈, 前身"",""en"":""n. one who precedes you in time (as in holding a position or office)""},{""pos"":"""",""zh"":""[医] 初牙, 前辈, 祖先"",""en"":""""}]","{""plural"":""predecessors""}","[""cet6""]",5256,B2,HARD,ecdict
induce,induce,in'dju:s,,"[""vt.""]","[{""pos"":""vt."",""zh"":""引诱, 招致, 归纳出, 感应"",""en"":""v. cause to arise""},{""pos"":"""",""zh"":""[医] 诱导, 感应"",""en"":""v. cause to do; cause to act in a specified manner""}]","{""pastParticiple"":""induced"",""past"":""induced"",""thirdPerson"":""induces"",""presentParticiple"":""inducing""}","[""cet6""]",5257,B2,HARD,ecdict
correlate,correlate,'kɒrәleit,,"[""n."",""vt."",""vi.""]","[{""pos"":""n."",""zh"":""有相互关系的东西, 相关物"",""en"":""n. either of two or more related or complementary variables""},{""pos"":""vt."",""zh"":""使有相互关系"",""en"":""v. to bear a reciprocal or mutual relation""},{""pos"":""vi."",""zh"":""相关"",""en"":""v. bring into a mutual, complementary, or reciprocal relation""}]","{""pastParticiple"":""correlated"",""thirdPerson"":""correlates"",""past"":""correlated"",""plural"":""correlates"",""presentParticiple"":""correlating""}","[""cet6""]",5266,B2,HARD,ecdict
persistent,persistent,pә'sistәnt,,"[""a.""]","[{""pos"":""a."",""zh"":""固执的, 坚持的, 持续的, 作用持久的"",""en"":""s. never-ceasing""},{""pos"":"""",""zh"":""[法] 坚持的, 固执的, 持续的"",""en"":""a. retained; not shed""}]",{},"[""cet6""]",5269,B2,HARD,ecdict
humanitarian,humanitarian,hju:.mæni'tєәriәn,,"[""n."",""a.""]","[{""pos"":""n."",""zh"":""人道主义者, 博爱者, 基督凡人论者"",""en"":""n. someone devoted to the promotion of human welfare and to social reforms""},{""pos"":""a."",""zh"":""人道主义的, 博爱的, 凡人论的"",""en"":""a. of or relating to or characteristic of humanitarianism""}]","{""plural"":""humanitarians""}","[""cet6""]",5270,B2,HARD,ecdict
exile,exile,'eksail,,"[""n."",""vt.""]","[{""pos"":""n."",""zh"":""放逐, 流放, 被放逐者"",""en"":""n. a person who is voluntarily absent from home or country""},{""pos"":""vt."",""zh"":""放逐, 流放, 使背井离乡"",""en"":""n. a person who is expelled from home or country by authority""}]","{""plural"":""exiles"",""pastParticiple"":""exiled"",""presentParticiple"":""exiling"",""past"":""exiled"",""thirdPerson"":""exiles""}","[""cet6""]",5273,B2,HARD,ecdict
chorus,chorus,'kɒ:rәs,,"[""n."",""v.""]","[{""pos"":""n."",""zh"":""合唱队, 齐声"",""en"":""n. any utterance produced simultaneously by a group""},{""pos"":""v."",""zh"":""齐声说道, 合唱"",""en"":""n. a group of people assembled to sing together""}]","{""plural"":""choruses"",""past"":""chorused"",""presentParticiple"":""chorusing"",""thirdPerson"":""choruses"",""pastParticiple"":""chorused""}","[""cet6""]",5274,B2,HARD,ecdict
revive,revive,ri'vaiv,,"[""vt."",""vi.""]","[{""pos"":""vt."",""zh"":""使苏醒, 使复兴, 使振奋, 回想起, 重播"",""en"":""v. be brought back to life, consciousness, or strength""},{""pos"":""vi."",""zh"":""苏醒, 复活, 复兴, 恢复精神"",""en"":""v. restore from a depressed, inactive, or unused state""}]","{""pastParticiple"":""revived"",""presentParticiple"":""reviving"",""past"":""revived"",""thirdPerson"":""revives""}","[""cet6""]",5278,B2,HARD,ecdict
reside,reside,ri'zaid,,"[""vi.""]","[{""pos"":""vi."",""zh"":""住, 居留, 属于"",""en"":""v. make one's home in a particular place or community""},{""pos"":"""",""zh"":""[法] 居住"",""en"":""""}]","{""thirdPerson"":""resides"",""presentParticiple"":""residing"",""past"":""resided"",""pastParticiple"":""resided""}","[""cet6""]",5284,B2,HARD,ecdict
empirical,empirical,em'pirikәl,,"[""a.""]","[{""pos"":""a."",""zh"":""完全跟据经验的, 经验主义的"",""en"":""a. derived from experiment and observation rather than theory""},{""pos"":"""",""zh"":""[医] 经验主义的"",""en"":""""}]","{""plural"":""empiricals""}","[""cet6""]",5285,B2,HARD,ecdict
caution,caution,'kɒ:ʃәn,,"[""n."",""vt.""]","[{""pos"":""n."",""zh"":""小心, 慎重, 警示"",""en"":""n. the trait of being cautious; being attentive to possible danger""},{""pos"":""vt."",""zh"":""警告"",""en"":""n. a warning against certain acts""},{""pos"":"""",""zh"":""[计] 警告"",""en"":""n. judiciousness in avoiding harm or danger""}]","{""pastParticiple"":""cautioned"",""past"":""cautioned"",""plural"":""cautions"",""thirdPerson"":""cautions"",""presentParticiple"":""cautioning""}","[""cet6""]",5286,B2,HARD,ecdict
erupt,erupt,i'rʌpt,,"[""vi."",""vt.""]","[{""pos"":""vi."",""zh"":""爆发"",""en"":""v. start abruptly""},{""pos"":""vt."",""zh"":""喷出"",""en"":""v. erupt or intensify suddenly""}]","{""past"":""erupted"",""pastParticiple"":""erupted"",""thirdPerson"":""erupts"",""presentParticiple"":""erupting""}","[""cet6""]",5291,B2,HARD,ecdict
notable,notable,'nәutәbl,,"[""n."",""a.""]","[{""pos"":""n."",""zh"":""著名人士, 值得注意之事物"",""en"":""n a celebrity who is an inspiration to others""},{""pos"":""a."",""zh"":""值得注意的, 显著的"",""en"":""s worthy of notice""}]","{""plural"":""notables"",""thirdPerson"":""notables""}","[""cet6""]",5293,B2,HARD,ecdict
cane,cane,kein,,"[""n."",""vt.""]","[{""pos"":""n."",""zh"":""手杖, 细长的茎, 藤条"",""en"":""n. a stick that people can lean on to help them walk""},{""pos"":""vt."",""zh"":""以杖击, 以藤编制"",""en"":""n. a strong slender often flexible stem as of bamboos, reeds, rattans, or sugar cane""}]","{""plural"":""canes"",""pastParticiple"":""caned"",""past"":""caned"",""presentParticiple"":""caning"",""thirdPerson"":""canes""}","[""cet6""]",5299,B2,HARD,ecdict
rap,rap,ræp,,"[""n."",""vt."",""vi.""]","[{""pos"":""n."",""zh"":""轻敲, 拍击, 责骂, 无价值的东西"",""en"":""n. a gentle blow""},{""pos"":""vt."",""zh"":""轻敲, 厉声说出, 叱责, 抢走, 使着迷"",""en"":""n. voluble conversation""},{""pos"":""vi."",""zh"":""敲击, 发敲击声, 交谈, 同情"",""en"":""n. genre of African-American music of the 1980s and 1990s in which rhyming lyrics are chanted to a musical accompaniment; several forms of rap have emerged""},{""pos"":"""",""zh"":""[计] 随机存取程序, 资源分配处理器, 常驻汇编程序"",""en"":""v. strike sharply""}]","{""past"":""rapped"",""thirdPerson"":""raps"",""pastParticiple"":""rapped"",""presentParticiple"":""rapping"",""plural"":""raps""}","[""cet6""]",5303,B2,HARD,ecdict
forge,forge,fɒ:dʒ,,"[""n."",""vt."",""vi.""]","[{""pos"":""n."",""zh"":""熔炉, 铁工厂"",""en"":""n. furnace consisting of a special hearth where metal is heated before shaping""},{""pos"":""vt."",""zh"":""打制, 锻造, 伪造"",""en"":""n. a workplace where metal is worked by heating and hammering""},{""pos"":""vi."",""zh"":""锻造, 伪造"",""en"":""v. create by hammering""}]","{""pastParticiple"":""forged"",""presentParticiple"":""forging"",""past"":""forged"",""plural"":""forges"",""thirdPerson"":""forges""}","[""cet6""]",5304,B2,HARD,ecdict
disrupt,disrupt,dis'rʌpt,,"[""a."",""vt.""]","[{""pos"":""a."",""zh"":""分裂的, 中断的"",""en"":""v. throw into disorder""},{""pos"":""vt."",""zh"":""使分裂, 使瓦解"",""en"":""""}]","{""pastParticiple"":""disrupted"",""presentParticiple"":""disrupting"",""thirdPerson"":""disrupts"",""past"":""disrupted""}","[""cet6""]",5307,B2,HARD,ecdict
odor,odor,'әudә,,"[""n.""]","[{""pos"":""n."",""zh"":""气味, 香味, 名声, 意味"",""en"":""n any property detected by the olfactory system""},{""pos"":"""",""zh"":""[医] 气味"",""en"":""n the sensation that results when olfactory receptors in the nose are stimulated by particular chemicals in gaseous form""}]","{""plural"":""odors""}","[""cet6""]",5311,B2,HARD,ecdict
slim,slim,slim,,"[""a."",""vi."",""vt.""]","[{""pos"":""a."",""zh"":""瘦的, 苗条的, 微小的, 稀少的, 微薄的"",""en"":""v take off weight""},{""pos"":""vi."",""zh"":""变苗条"",""en"":""s being of delicate or slender build""},{""pos"":""vt."",""zh"":""使苗条"",""en"":""s small in quantity""}]","{""comparative"":""slimmer"",""presentParticiple"":""slimming"",""pastParticiple"":""slimmed"",""past"":""slimmed"",""thirdPerson"":""slims"",""superlative"":""slimmest""}","[""cet6""]",5312,B2,HARD,ecdict
allege,allege,ә'ledʒ,,"[""vt.""]","[{""pos"":""vt."",""zh"":""宣称, 主张, 提出, 断言"",""en"":""v. report or maintain""},{""pos"":"""",""zh"":""[法] 断言, 指称, 指证"",""en"":""""}]","{""pastParticiple"":""alleged"",""past"":""alleged"",""presentParticiple"":""alleging"",""thirdPerson"":""alleges""}","[""cet6""]",5319,B2,HARD,ecdict
orthodox,orthodox,'ɒ:θәdɒks,,"[""a.""]","[{""pos"":""a."",""zh"":""正统的, 传统的, 惯常的"",""en"":""a. of or pertaining to or characteristic of Judaism""}]",{},"[""cet6""]",5340,B2,HARD,ecdict
outbreak,outbreak,'autbreik,,"[""n.""]","[{""pos"":""n."",""zh"":""爆发, 暴动"",""en"":""n. a sudden violent spontaneous occurrence (usually of some undesirable condition)""},{""pos"":"""",""zh"":""[医] 暴发"",""en"":""""}]","{""plural"":""outbreaks""}","[""cet6""]",5343,B2,HARD,ecdict
grim,grim,grim,,"[""a.""]","[{""pos"":""a."",""zh"":""冷酷的, 坚强的, 残忍的, 可怕的, 讨厌的"",""en"":""s. not to be placated or appeased or moved by entreaty""}]","{""comparative"":""grimmer"",""superlative"":""grimmest""}","[""cet6""]",5348,B2,HARD,ecdict
bead,bead,bi:d,,"[""n."",""vt."",""vi.""]","[{""pos"":""n."",""zh"":""珠子, 滴"",""en"":""n. a small ball with a hole through the middle""},{""pos"":""vt."",""zh"":""用珠装饰"",""en"":""v. form into beads, as of water or sweat, for example""},{""pos"":""vi."",""zh"":""形成珠"",""en"":""v. decorate by sewing beads onto""},{""pos"":"""",""zh"":""[计] 珠"",""en"":""v. string together like beads""}]","{""plural"":""beads"",""past"":""beaded"",""presentParticiple"":""beading"",""pastParticiple"":""beaded"",""thirdPerson"":""beads""}","[""cet6""]",5351,B2,HARD,ecdict
uphold,uphold,ʌp'hәuld,,"[""vt.""]","[{""pos"":""vt."",""zh"":""支撑, 赞成, 鼓励, 举起, 坚持"",""en"":""v. stand up for; stick up for; of causes, principles, or ideals""},{""pos"":"""",""zh"":""[法] 确认, 赞成, 支持"",""en"":""v. support against an opponent""}]","{""presentParticiple"":""upholding"",""thirdPerson"":""upholds"",""past"":""upheld"",""pastParticiple"":""upheld""}","[""cet6""]",5354,B2,HARD,ecdict
hazardous,hazardous,'hæzәdәs,,"[""a.""]","[{""pos"":""a."",""zh"":""危险的, 冒险的, 碰运气的"",""en"":""s. involving risk or danger""},{""pos"":"""",""zh"":""[法] 危险的, 冒险的, 碰运气的"",""en"":""""}]",{},"[""cet6""]",5358,B2,HARD,ecdict
confirmation,confirmation,.kɒnfә'meiʃәn,,"[""n.""]","[{""pos"":""n."",""zh"":""证实, 证明, 批准, 确认"",""en"":""n. additional proof that something that was believed (some fact or hypothesis or theory) is correct""},{""pos"":"""",""zh"":""[计] 确认"",""en"":""n. information that confirms or verifies""}]","{""plural"":""confirmations""}","[""cet6""]",5360,B2,HARD,ecdict
merge,merge,mә:dʒ,,"[""vt."",""vi.""]","[{""pos"":""vt."",""zh"":""使合并, 使消失, 吞没"",""en"":""v become one""},{""pos"":""vi."",""zh"":""合并, 渐渐消失"",""en"":""v mix together different elements""},{""pos"":"""",""zh"":""[计] 合并"",""en"":""v join or combine""}]","{""pastParticiple"":""merged"",""past"":""merged"",""presentParticiple"":""merging"",""thirdPerson"":""merges""}","[""cet6""]",5365,B2,HARD,ecdict
shaft,shaft,ʃæft,,"[""n."",""vt.""]","[{""pos"":""n."",""zh"":""轴, 箭杆, 矛, 矿井"",""en"":""n. a line that forms the length of an arrow pointer""},{""pos"":""vt."",""zh"":""装杆于, 利用"",""en"":""n. a long rod or pole (especially the handle of an implement or the body of a weapon like a spear or arrow)""}]","{""plural"":""shafts"",""presentParticiple"":""shafting"",""past"":""shafted"",""pastParticiple"":""shafted"",""thirdPerson"":""shafts""}","[""cet6""]",5366,B2,HARD,ecdict
theft,theft,θeft,,"[""n.""]","[{""pos"":""n."",""zh"":""盗窃, 失窃, 盗窃罪, 赃物"",""en"":""n the act of taking something from someone unlawfully""},{""pos"":"""",""zh"":""[法] 盗窃行为, 偷窃, 失窃"",""en"":""""}]","{""plural"":""thefts""}","[""cet6""]",5367,B2,HARD,ecdict
courtesy,courtesy,'kә:tisi,,"[""n.""]","[{""pos"":""n."",""zh"":""礼貌, 谦恭, 好意"",""en"":""n. a courteous or respectful or considerate act""},{""pos"":"""",""zh"":""[法] 优待, 礼貌, 恩惠"",""en"":""n. a courteous or respectful or considerate remark""}]","{""plural"":""courtesies""}","[""cet6""]",5380,B2,HARD,ecdict
circulation,circulation,.sә:kju'leiʃәn,,"[""n.""]","[{""pos"":""n."",""zh"":""流通, 循环, 发行量"",""en"":""n. the dissemination of copies of periodicals (as newspapers or magazines)""},{""pos"":"""",""zh"":""[化] 环流"",""en"":""n. movement through a circuit; especially the movement of blood through the heart and blood vessels""}]","{""plural"":""circulations""}","[""cet6""]",5384,B2,HARD,ecdict
illuminate,illuminate,i'lju:mineit,,"[""vt."",""vi.""]","[{""pos"":""vt."",""zh"":""照明, 用灯装饰, 阐明, 说明, 使灿烂"",""en"":""v. add embellishments and paintings to (medieval manuscripts)""},{""pos"":""vi."",""zh"":""照亮, 用灯装饰"",""en"":""""}]","{""pastParticiple"":""illuminated"",""thirdPerson"":""illuminates"",""presentParticiple"":""illuminating"",""past"":""illuminated""}","[""cet6""]",5388,B2,HARD,ecdict
evolutionary,evolutionary,",i:vә'lu:ʃәnәri",,"[""a.""]","[{""pos"":""a."",""zh"":""展开的, 进化论的, 进化的, 发展的"",""en"":""a. of or relating to or produced by evolution""},{""pos"":"""",""zh"":""[计] 进化的, 改良的, 发展的"",""en"":""""}]",{},"[""cet6""]",5393,B2,HARD,ecdict
parameter,parameter,pә'ræmitә,,"[""n.""]","[{""pos"":""n."",""zh"":""参变数, 参变量, 参数, 参量"",""en"":""n. a constant in the equation of a curve that can be varied to yield a family of similar curves""},{""pos"":"""",""zh"":""[计] 参量; 参数"",""en"":""n. any factor that defines a system and determines (or limits) its performance""}]","{""plural"":""parameters""}","[""cet6""]",5398,B2,HARD,ecdict
flaw,flaw,flɒ:,,"[""n.""]","[{""pos"":""n."",""zh"":""缺点, 裂纹, 瑕疵, 一阵狂风"",""en"":""n. defect or weakness in a person's character""},{""pos"":"""",""zh"":""[化] 划痕; 裂缝; 裂纹"",""en"":""n. an imperfection in a plan or theory or legal document that causes it to fail or that reduces its effectiveness""}]","{""plural"":""flaws"",""presentParticiple"":""flawing"",""past"":""flawed"",""thirdPerson"":""flaws"",""pastParticiple"":""flawed""}","[""cet6""]",5399,B2,HARD,ecdict
optimism,optimism,'ɒptimizm,,"[""n.""]","[{""pos"":""n."",""zh"":""乐观主义, 乐观, 乐天"",""en"":""n. the optimistic feeling that all is going to turn out well""},{""pos"":"""",""zh"":""[医] 乐观主义, 乐观"",""en"":""n. a general disposition to expect the best in all things""}]",{},"[""cet6""]",5401,B2,HARD,ecdict
reassure,reassure,.ri:ә'ʃuә,,"[""vt.""]","[{""pos"":""vt."",""zh"":""使...安心, 向...再保证"",""en"":""v. cause to feel sure; give reassurance to""},{""pos"":"""",""zh"":""[法] 重新保证, 再保险, 使清除疑虑"",""en"":""v. give or restore confidence in; cause to feel sure or certain""}]","{""pastParticiple"":""reassured"",""past"":""reassured"",""presentParticiple"":""reassuring"",""thirdPerson"":""reassures""}","[""cet6""]",5411,B2,HARD,ecdict
pope,pope,pәup,,"[""n.""]","[{""pos"":""n."",""zh"":""罗马教皇, 主教"",""en"":""n. the head of the Roman Catholic Church""}]","{""plural"":""popes""}","[""cet6""]",5413,B2,HARD,ecdict
prospective,prospective,prәs'pektiv,,"[""a.""]","[{""pos"":""a."",""zh"":""预期的, 将来的"",""en"":""a. of or concerned with or related to the future""},{""pos"":"""",""zh"":""[经] 预期的, 未来的"",""en"":""""}]","{""plural"":""prospectives""}","[""cet6""]",5420,B2,HARD,ecdict
abundance,abundance,ә'bʌndәns,,"[""n.""]","[{""pos"":""n."",""zh"":""丰富, 充足, 大量"",""en"":""n. the property of a more than adequate quantity or supply""},{""pos"":"""",""zh"":""[经] 丰富, 充裕"",""en"":""n. (physics) the ratio of the number of atoms of a specific isotope of an element to the total number of isotopes present""}]","{""plural"":""abundances""}","[""cet6""]",5425,B2,HARD,ecdict
proposition,proposition,.prɒpә'ziʃәn,,"[""n."",""vt.""]","[{""pos"":""n."",""zh"":""建议, 命题, 主张"",""en"":""n. (logic) a statement that affirms or denies something and is either true or false""},{""pos"":""vt."",""zh"":""向...提议, 向...提出猥亵的要求"",""en"":""n. an offer for a private bargain (especially a request for sexual favors)""}]","{""plural"":""propositions"",""pastParticiple"":""propositioned"",""presentParticiple"":""propositioning"",""past"":""propositioned"",""thirdPerson"":""propositions""}","[""cet6""]",5428,B2,HARD,ecdict
attendant,attendant,ә'tendәnt,,"[""n."",""a.""]","[{""pos"":""n."",""zh"":""随从, 侍者, 出席者"",""en"":""n. someone who waits on or tends to or attends to the needs of another""},{""pos"":""a."",""zh"":""侍候的, 伴随的, 出席的, 在场的"",""en"":""n. a person who is present and participates in a meeting""}]","{""plural"":""attendants""}","[""cet6""]",5430,B2,HARD,ecdict
fulfill,fulfill,ful'fil,,"[""vt.""]","[{""pos"":""vt."",""zh"":""实践, 履行, 实行, 完成, 结束, 满足"",""en"":""v put in effect""},{""pos"":"""",""zh"":""[法] 履行, 完成, 达到"",""en"":""v meet the requirements or expectations of""}]","{""thirdPerson"":""fulfills"",""plural"":""fulfills"",""presentParticiple"":""fulfilling"",""past"":""fulfilled"",""pastParticiple"":""fulfilled""}","[""cet6""]",5431,B2,HARD,ecdict
successor,successor,sәk'sesә,,"[""n.""]","[{""pos"":""n."",""zh"":""继承者, 接任者"",""en"":""n. a person who follows next in order""},{""pos"":"""",""zh"":""[计] 后继"",""en"":""n. a thing or person that immediately replaces something or someone""}]","{""plural"":""successors""}","[""cet6""]",5433,B2,HARD,ecdict
verse,verse,vә:s,,"[""n."",""vt."",""vi.""]","[{""pos"":""n."",""zh"":""诗, 韵文, 诗句"",""en"":""n. a piece of poetry""},{""pos"":""vt."",""zh"":""用诗表达"",""en"":""n. a line of metrical text""},{""pos"":""vi."",""zh"":""作诗"",""en"":""v. compose verses or put into verse""}]","{""plural"":""verses"",""pastParticiple"":""versed"",""presentParticiple"":""versing"",""past"":""versed"",""thirdPerson"":""verses""}","[""cet6""]",5446,B2,HARD,ecdict
rattle,rattle,'rætl,,"[""vt."",""vi."",""n.""]","[{""pos"":""vt."",""zh"":""使嘎嘎响, 喋喋不休地说"",""en"":""n. a rapid series of short loud sounds (as might be heard with a stethoscope in some types of respiratory disorders)""},{""pos"":""vi."",""zh"":""格格响, 喋喋不休"",""en"":""n. a baby's toy that makes percussive noises when shaken""},{""pos"":""n."",""zh"":""格格声, 拨浪鼓, 喋喋不休的话"",""en"":""n. loosely connected horny sections at the end of a rattlesnake's tail""}]","{""presentParticiple"":""rattling"",""past"":""rattled"",""pastParticiple"":""rattled"",""thirdPerson"":""rattles"",""plural"":""rattles""}","[""cet6""]",5452,B2,HARD,ecdict
shatter,shatter,'ʃætә,,"[""n."",""vt."",""vi.""]","[{""pos"":""n."",""zh"":""碎片, 粉碎, 落叶, 喷洒"",""en"":""v. break into many pieces""},{""pos"":""vt."",""zh"":""打碎, 使散开, 粉碎, 破坏"",""en"":""v. damage or destroy""},{""pos"":""vi."",""zh"":""粉碎, 损坏, 脱落"",""en"":""v. cause to break into many pieces""}]","{""pastParticiple"":""shattered"",""past"":""shattered"",""presentParticiple"":""shattering"",""thirdPerson"":""shatters""}","[""cet6""]",5453,B2,HARD,ecdict
descent,descent,di'sent,,"[""n.""]","[{""pos"":""n."",""zh"":""降落, 家系, 侵袭, 血统"",""en"":""n. a movement downward""},{""pos"":"""",""zh"":""[医] 下降, 世代, 血统"",""en"":""n. the act of changing your location in a downward direction""}]","{""plural"":""descents""}","[""cet6""]",5454,B2,HARD,ecdict
gorgeous,gorgeous,'gɒ:dʒәs,,"[""a.""]","[{""pos"":""a."",""zh"":""华丽的, 灿烂的"",""en"":""s. dazzlingly beautiful""}]",{},"[""cet6""]",5457,B2,HARD,ecdict
tease,tease,ti:z,,"[""n."",""vt.""]","[{""pos"":""n."",""zh"":""揶揄, 戏弄, 逗惹"",""en"":""n. someone given to teasing (as by mocking or stirring curiosity)""},{""pos"":""vt."",""zh"":""戏弄, 取笑, 强求, 梳理, 使起毛"",""en"":""n. the act of harassing someone playfully or maliciously (especially by ridicule); provoking someone with persistent annoyances""}]","{""past"":""teased"",""presentParticiple"":""teasing"",""pastParticiple"":""teased"",""thirdPerson"":""teases"",""plural"":""teases""}","[""cet6""]",5458,B2,HARD,ecdict
vow,vow,vau,,"[""n."",""vi."",""vt.""]","[{""pos"":""n."",""zh"":""誓约, 誓言, 许愿"",""en"":""n. a solemn pledge (to oneself or to another or to a deity) to do something or to behave in a certain manner""},{""pos"":""vi."",""zh"":""起誓, 发誓, 郑重宣言"",""en"":""v. make a vow; promise""},{""pos"":""vt."",""zh"":""立誓, 起誓要, 郑重地宣布"",""en"":""v. dedicate to a deity by a vow""}]","{""past"":""vowed"",""pastParticiple"":""vowed"",""plural"":""vows"",""presentParticiple"":""vowing"",""thirdPerson"":""vows""}","[""cet6""]",5464,B2,HARD,ecdict
detector,detector,di'tektә,,"[""n.""]","[{""pos"":""n."",""zh"":""发现者, 检验器, 检波器"",""en"":""n. any device that receives a signal or stimulus (as heat or pressure or light or motion etc.) and responds to it in a distinctive manner""},{""pos"":"""",""zh"":""[计] 检波器; 检测器"",""en"":""n. rectifier that extracts modulation from a radio carrier wave""}]","{""plural"":""detectors""}","[""cet6""]",5477,B2,HARD,ecdict
prey,prey,prei,,"[""n."",""vi.""]","[{""pos"":""n."",""zh"":""被掠食者, 牺牲者"",""en"":""n. a person who is the aim of an attack (especially a victim of ridicule or exploitation) by some hostile person or influence""},{""pos"":""vi."",""zh"":""捕食"",""en"":""n. animal hunted or caught for food""}]","{""pastParticiple"":""preyed"",""presentParticiple"":""preying"",""past"":""preyed"",""plural"":""preys"",""thirdPerson"":""preys""}","[""cet6""]",5502,B2,HARD,ecdict
bump,bump,bʌmp,,"[""n."",""vt."",""vi.""]","[{""pos"":""n."",""zh"":""撞击, 肿块"",""en"":""n. a lump on the body caused by a blow""},{""pos"":""vt."",""zh"":""碰撞"",""en"":""v. knock against with force or violence""},{""pos"":""vi."",""zh"":""撞, 颠簸而行"",""en"":""v. dance erotically or dance with the pelvis thrust forward""}]","{""presentParticiple"":""bumping"",""past"":""bumped"",""plural"":""bumps"",""pastParticiple"":""bumped"",""thirdPerson"":""bumps""}","[""cet6""]",5504,B2,HARD,ecdict
Egyptian,egyptian,i'dʒipʃәn,,"[""n."",""a.""]","[{""pos"":""n."",""zh"":""埃及人"",""en"":""n. a native or inhabitant of Egypt""},{""pos"":""a."",""zh"":""埃及的, 埃及人的"",""en"":""n. the ancient and now extinct language of Egypt under the Pharaohs; written records date back to 3000 BC""}]","{""plural"":""egyptians""}","[""cet6""]",5515,B2,HARD,ecdict
salvation,salvation,sæl'veiʃә,,"[""n.""]","[{""pos"":""n."",""zh"":""拯救, 救助, 救世"",""en"":""n. a means of preserving from harm or unpleasantness""}]",{},"[""cet6""]",5519,B2,HARD,ecdict
modification,modification,.mɒdifi'keiʃәn,,"[""n.""]","[{""pos"":""n."",""zh"":""修正, 修饰, 修改"",""en"":""n. slightly modified copy; not an exact copy""},{""pos"":"""",""zh"":""[化] 修饰; 修改"",""en"":""n. the grammatical relation that exists when a word qualifies the meaning of the phrase""}]","{""plural"":""modifications""}","[""cet6""]",5523,B2,HARD,ecdict
visa,visa,'vi:zә,,"[""n."",""vt.""]","[{""pos"":""n."",""zh"":""签证"",""en"":""n. an endorsement made in a passport that allows the bearer to enter the country issuing it""},{""pos"":""vt."",""zh"":""签发"",""en"":""v. provide (a passport) with a visa""}]","{""plural"":""visas"",""presentParticiple"":""visaing"",""past"":""visaed"",""thirdPerson"":""visas"",""pastParticiple"":""visaed""}","[""cet6""]",5525,B2,HARD,ecdict
fireplace,fireplace,'faiәpleis,,"[""n.""]","[{""pos"":""n."",""zh"":""壁炉"",""en"":""n. an open recess in a wall at the base of a chimney where a fire can be built""}]","{""plural"":""fireplaces""}","[""cet6""]",5530,B2,HARD,ecdict
nurture,nurture,'nә:tʃә,,"[""n."",""vt.""]","[{""pos"":""n."",""zh"":""养育, 营养物, 培育"",""en"":""n the properties acquired as a consequence of the way you were treated as a child""},{""pos"":""vt."",""zh"":""养育, 供给营养物, 教养"",""en"":""n helping someone grow up to be an accepted member of the community""}]","{""pastParticiple"":""nurtured"",""presentParticiple"":""nurturing"",""past"":""nurtured"",""thirdPerson"":""nurtures"",""plural"":""nurtures""}","[""cet6""]",5533,B2,HARD,ecdict
obsession,obsession,әb'seʃәn,,"[""n.""]","[{""pos"":""n."",""zh"":""困扰, 困扰人的情绪"",""en"":""n. an unhealthy and compulsive preoccupation with something or someone""},{""pos"":"""",""zh"":""[医] 强迫观念"",""en"":""""}]","{""plural"":""obsessions""}","[""cet6""]",5558,B2,HARD,ecdict
nutrition,nutrition,nju:'triʃәn,,"[""n.""]","[{""pos"":""n."",""zh"":""营养, 营养学"",""en"":""n. (physiology) the organic process of nourishing or being nourished; the processes by which an organism assimilates food and uses it for growth and maintenance""},{""pos"":"""",""zh"":""[医] 营养, 营养品"",""en"":""n. the scientific study of food and drink (especially in humans)""}]",{},"[""cet6""]",5563,B2,HARD,ecdict
melody,melody,'melәdi,,"[""n.""]","[{""pos"":""n."",""zh"":""曲子, 美妙音乐, 曲调"",""en"":""n. the perception of pleasant arrangements of musical notes""}]","{""plural"":""melodies""}","[""cet6""]",5565,B2,HARD,ecdict
maple,maple,'meipl,,"[""n.""]","[{""pos"":""n."",""zh"":""枫, 枫木, 淡棕色"",""en"":""n. wood of any of various maple trees; especially the hard close-grained wood of the sugar maple; used especially for furniture and flooring""},{""pos"":"""",""zh"":""[机] 枫木"",""en"":""n. any of numerous trees or shrubs of the genus Acer bearing winged seeds in pairs; north temperate zone""}]","{""plural"":""maples""}","[""cet6""]",5571,B2,HARD,ecdict
realization,realization,.riәlai'zeiʃәn,,"[""n.""]","[{""pos"":""n."",""zh"":""实现, 领悟, 实得"",""en"":""n. coming to understand something clearly and distinctly""},{""pos"":"""",""zh"":""[医] 现实化, 实现"",""en"":""n. making real or giving the appearance of reality""}]","{""plural"":""realizations""}","[""cet6""]",5579,B2,HARD,ecdict
defy,defy,di'fai,,"[""vt."",""n.""]","[{""pos"":""vt."",""zh"":""藐视, 挑衅, 使落空"",""en"":""v. resist or confront with resistance""},{""pos"":""n."",""zh"":""挑战"",""en"":""v. elude, especially in a baffling way""}]","{""past"":""defied"",""presentParticiple"":""defying"",""thirdPerson"":""defies"",""pastParticiple"":""defied""}","[""cet6""]",5583,B2,HARD,ecdict
scrap,scrap,skræp,,"[""n."",""vt."",""vi."",""a.""]","[{""pos"":""n."",""zh"":""碎片, 残余物, 些微, 片断, 铁屑, 吵架"",""en"":""n. a small piece of something that is left over after the rest has been used""},{""pos"":""vt."",""zh"":""扔弃, 敲碎, 拆毁"",""en"":""v. make into scrap or refuse""},{""pos"":""vi."",""zh"":""互相殴打"",""en"":""""},{""pos"":""a."",""zh"":""零碎拼凑成的, 废弃的"",""en"":""""}]","{""plural"":""scraps"",""pastParticiple"":""scrapped"",""presentParticiple"":""scrapping"",""past"":""scrapped"",""thirdPerson"":""scraps""}","[""cet6""]",5594,B2,HARD,ecdict
declaration,declaration,.deklә'reiʃәn,,"[""n.""]","[{""pos"":""n."",""zh"":""宣告, 说明, 宣布"",""en"":""n. a statement that is emphatic and explicit (spoken or written)""},{""pos"":"""",""zh"":""[计] 说明"",""en"":""n. (law) unsworn statement that can be admitted in evidence in a legal transaction""}]","{""plural"":""declarations""}","[""cet6""]",5595,B2,HARD,ecdict
inject,inject,in'dʒekt,,"[""vt.""]","[{""pos"":""vt."",""zh"":""注射, 注入, 使入轨"",""en"":""v. give an injection to""},{""pos"":"""",""zh"":""[医] 注射"",""en"":""v. to introduce (a new aspect or element)""}]","{""pastParticiple"":""injected"",""presentParticiple"":""injecting"",""past"":""injected"",""thirdPerson"":""injects""}","[""cet6""]",5597,B2,HARD,ecdict
suitcase,suitcase,'sju:tkeis,,"[""n.""]","[{""pos"":""n."",""zh"":""手提箱"",""en"":""n a portable rectangular container for carrying clothes""}]","{""plural"":""suitcases""}","[""cet6""]",5600,B2,HARD,ecdict
evenly,evenly,'i:vәnli,,"[""adv.""]","[{""pos"":""adv."",""zh"":""平衡地, 平坦地, 平等地"",""en"":""r. in equal amounts or shares; in a balanced or impartial way""}]",{},"[""cet6""]",5601,B2,HARD,ecdict
supervise,supervise,'sju:pәvaiz,,"[""v.""]","[{""pos"":""v."",""zh"":""监督, 管理, 指导"",""en"":""v watch and direct""}]","{""pastParticiple"":""supervised"",""presentParticiple"":""supervising"",""past"":""supervised"",""thirdPerson"":""supervises""}","[""cet6""]",5603,B2,HARD,ecdict
precede,precede,.pri:'si:d,,"[""vt."",""vi.""]","[{""pos"":""vt."",""zh"":""在...之前, 优于, 较...优先"",""en"":""v. come before""},{""pos"":""vi."",""zh"":""在前面"",""en"":""v. be the predecessor of""}]","{""pastParticiple"":""preceded"",""past"":""preceded"",""presentParticiple"":""preceding"",""thirdPerson"":""precedes""}","[""cet6""]",5604,B2,HARD,ecdict
aspiration,aspiration,.æspә'reiʃәn,,"[""n.""]","[{""pos"":""n."",""zh"":""热望, 志向, 渴望"",""en"":""n. a will to succeed""},{""pos"":"""",""zh"":""[医] 吸入; 吸[引], 吸引术"",""en"":""n. a manner of articulation involving an audible release of breath""}]","{""plural"":""aspirations""}","[""cet6""]",5607,B2,HARD,ecdict
supervision,supervision,.sju:pә'viʒәn,,"[""n.""]","[{""pos"":""n."",""zh"":""监督, 管理"",""en"":""n. management by overseeing the performance or operation of a person or group""},{""pos"":"""",""zh"":""[经] 监督, 管理"",""en"":""""}]","{""plural"":""supervisions""}","[""cet6""]",5614,B2,HARD,ecdict
gravel,gravel,'grævәl,,"[""n.""]","[{""pos"":""n."",""zh"":""砂砾, 碎石"",""en"":""n. rock fragments and pebbles""},{""pos"":"""",""zh"":""[医] 沙砾, 尿沙"",""en"":""v. cover with gravel""}]","{""plural"":""gravels"",""presentParticiple"":""gravelling"",""past"":""gravelled"",""thirdPerson"":""gravels"",""pastParticiple"":""gravelled""}","[""cet6""]",5620,B2,HARD,ecdict
precedent,precedent,'presidәnt,,"[""n."",""a.""]","[{""pos"":""n."",""zh"":""先例, 前例"",""en"":""n. an example that is used to justify similar occurrences at a later time""},{""pos"":""a."",""zh"":""在先的, 在前的"",""en"":""n. a subject mentioned earlier (preceding in time)""}]","{""plural"":""precedents""}","[""cet6""]",5624,B2,HARD,ecdict
eternal,eternal,i'tә:nl,,"[""a.""]","[{""pos"":""a."",""zh"":""永恒的, 永远的, 不灭的"",""en"":""s continuing forever or indefinitely""}]",{},"[""cet6""]",5626,B2,HARD,ecdict
spice,spice,spais,,"[""n."",""vt.""]","[{""pos"":""n."",""zh"":""香料, 药料, 香气, 调味品, 情趣, 少许"",""en"":""n. aromatic substances of vegetable origin used as a preservative""},{""pos"":""vt."",""zh"":""加香料, 使添趣味"",""en"":""n. any of a variety of pungent aromatic vegetable substances used for flavoring food""}]","{""plural"":""spices"",""past"":""spiced"",""pastParticiple"":""spiced"",""thirdPerson"":""spices"",""presentParticiple"":""spicing""}","[""cet6""]",5640,B2,HARD,ecdict
faction,faction,'fækʃәn,,"[""n.""]","[{""pos"":""n."",""zh"":""小派系, 内讧"",""en"":""n. a dissenting clique""},{""pos"":"""",""zh"":""[法] 宗派, 派别, 小集团"",""en"":""""}]","{""plural"":""factions""}","[""cet6""]",5641,B2,HARD,ecdict
hop,hop,hɒp,,"[""n."",""vi."",""vt.""]","[{""pos"":""n."",""zh"":""单脚跳, 跳跃, 舞会, 飞行"",""en"":""n. the act of hopping; jumping upward or forward (especially on one foot)""},{""pos"":""vi."",""zh"":""单脚跳, 跳跃"",""en"":""n. twining perennials having cordate leaves and flowers arranged in conelike spikes; the dried flowers of this plant are used in brewing to add the characteristic bitter taste to beer""},{""pos"":""vt."",""zh"":""跃过, 跳上, 加蛇麻子于, 服麻醉药"",""en"":""n. an informal dance where popular music is played""},{""pos"":"""",""zh"":""[计] 跳跃式传输"",""en"":""v. jump lightly""}]","{""plural"":""hops"",""presentParticiple"":""hopping"",""past"":""hopped"",""pastParticiple"":""hopped"",""thirdPerson"":""hops""}","[""cet6""]",5647,B2,HARD,ecdict
instrumental,instrumental,.instru'mentәl,,"[""a.""]","[{""pos"":""a."",""zh"":""仪器的, 器具的, 可作为手段的"",""en"":""a. relating to or designed for or performed on musical instruments""},{""pos"":"""",""zh"":""[医] 器械的"",""en"":""""}]","{""plural"":""instrumentals""}","[""cet6""]",5653,B2,HARD,ecdict
reproduction,reproduction,.ri:prә'dʌkʃәn,,"[""n.""]","[{""pos"":""n."",""zh"":""再现, 复制, 生殖, 繁殖, 复制品"",""en"":""n. the process of generating offspring""},{""pos"":"""",""zh"":""[医] 生殖, 复现(心理)"",""en"":""n. recall that is hypothesized to work by storing the original stimulus input and reproducing it during recall""}]","{""plural"":""reproductions""}","[""cet6""]",5658,B2,HARD,ecdict
divert,divert,dai'vә:t,,"[""vt."",""vi.""]","[{""pos"":""vt."",""zh"":""转移, 使欢娱"",""en"":""v. send on a course or in a direction different from the planned or intended one""},{""pos"":""vi."",""zh"":""转移"",""en"":""v. withdraw (money) and move into a different location, often secretly and with dishonest intentions""}]","{""pastParticiple"":""diverted"",""presentParticiple"":""diverting"",""past"":""diverted"",""thirdPerson"":""diverts""}","[""cet6""]",5673,B2,HARD,ecdict
outrage,outrage,'autreidʒ,,"[""n."",""vt.""]","[{""pos"":""n."",""zh"":""暴行, 侮辱, 愤怒"",""en"":""n. a wantonly cruel act""},{""pos"":""vt."",""zh"":""凌辱, 虐待, 触犯"",""en"":""""}]","{""plural"":""outrages"",""presentParticiple"":""outraging"",""past"":""outraged"",""thirdPerson"":""outrages"",""pastParticiple"":""outraged""}","[""cet6""]",5684,B2,HARD,ecdict
monopoly,monopoly,mә'nɒpәli,,"[""n.""]","[{""pos"":""n."",""zh"":""垄断, 专卖权, 独占事业"",""en"":""n. (economics) a market in which there are many buyers but only one seller""},{""pos"":"""",""zh"":""[经] 垄断, 专利品, 垄断(权)独占"",""en"":""n. exclusive control or possession of something""}]","{""plural"":""monopolies""}","[""cet6""]",5686,B2,HARD,ecdict
nun,nun,nʌn,,"[""n.""]","[{""pos"":""n."",""zh"":""修女, 尼姑"",""en"":""n. a woman religious""}]","{""plural"":""nuns""}","[""cet6""]",5688,B2,HARD,ecdict
attachment,attachment,ә'tʃætʃmәnt,,"[""n.""]","[{""pos"":""n."",""zh"":""连接, 附属物, 连接物, 爱慕"",""en"":""n. a feeling of affection for a person or an institution""},{""pos"":"""",""zh"":""[计] 附加, 附件"",""en"":""n. a supplementary part or accessory""}]","{""plural"":""attachments""}","[""cet6""]",5689,B2,HARD,ecdict
summon,summon,'sʌmәn,,"[""vt.""]","[{""pos"":""vt."",""zh"":""召唤, 召集, 号召, 振奋, 唤起, 鼓起"",""en"":""v. call in an official matter, such as to attend court""},{""pos"":"""",""zh"":""[经] 传唤, 传讯"",""en"":""v. ask to come""}]","{""pastParticiple"":""summoned"",""past"":""summoned"",""presentParticiple"":""summoning"",""thirdPerson"":""summons""}","[""cet6""]",5691,B2,HARD,ecdict
cigar,cigar,si'gɑ:,,"[""n.""]","[{""pos"":""n."",""zh"":""雪茄"",""en"":""n. a roll of tobacco for smoking""}]","{""plural"":""cigars""}","[""cet6""]",5696,B2,HARD,ecdict
mobility,mobility,mәu'biliti,,"[""n.""]","[{""pos"":""n."",""zh"":""可动性, 流动性, 机动性"",""en"":""n. the quality of moving freely""},{""pos"":"""",""zh"":""[化] 迁移率"",""en"":""""}]","{""plural"":""mobilities""}","[""cet6""]",5701,B2,HARD,ecdict
assurance,assurance,ә'ʃuәrәns,,"[""n.""]","[{""pos"":""n."",""zh"":""保证, 把握, 信心, 保险"",""en"":""n. freedom from doubt; belief in yourself and your abilities""},{""pos"":"""",""zh"":""[经] 保证, 担保, 保险"",""en"":""n. a binding commitment to do or give or refrain from something""}]","{""plural"":""assurances""}","[""cet6""]",5702,B2,HARD,ecdict
jerk,jerk,dʒә:k,,"[""n."",""vi."",""vt.""]","[{""pos"":""n."",""zh"":""性情古怪的人, 急拉, 肌肉抽搐, 牛肉干"",""en"":""n. a dull stupid fatuous person""},{""pos"":""vi."",""zh"":""痉挛, 急拉, 急推"",""en"":""n. an abrupt spasmodic movement""},{""pos"":""vt."",""zh"":""猛拉"",""en"":""n. (mechanics) the rate of change of acceleration""}]","{""past"":""jerked"",""presentParticiple"":""jerking"",""pastParticiple"":""jerked"",""plural"":""jerks"",""thirdPerson"":""jerks""}","[""cet6""]",5703,B2,HARD,ecdict
mob,mob,mɒb,,"[""n."",""vt."",""vi.""]","[{""pos"":""n."",""zh"":""暴民, 民众, 暴徒"",""en"":""n. a disorderly crowd of people""},{""pos"":""vt."",""zh"":""大举包围, 蜂拥进入, 围攻"",""en"":""""},{""pos"":""vi."",""zh"":""聚众生事"",""en"":""""}]","{""plural"":""mobs"",""pastParticiple"":""mobbed"",""past"":""mobbed"",""presentParticiple"":""mobbing"",""thirdPerson"":""mobs""}","[""cet6""]",5707,B2,HARD,ecdict
dioxide,dioxide,dai'ɒksaid,,"[""n.""]","[{""pos"":""n."",""zh"":""二氧化物"",""en"":""n. an oxide containing two atoms of oxygen in the molecule""},{""pos"":"""",""zh"":""[医] 二氧化物"",""en"":""""}]","{""plural"":""dioxides""}","[""cet6""]",5712,B2,HARD,ecdict
affirm,affirm,ә'fә:m,,"[""v.""]","[{""pos"":""v."",""zh"":""断言, 确认"",""en"":""v. to declare or affirm solemnly and formally as true""}]","{""past"":""affirmed"",""pastParticiple"":""affirmed"",""presentParticiple"":""affirming"",""thirdPerson"":""affirms"",""plural"":""affirms""}","[""cet6""]",5714,B2,HARD,ecdict
linger,linger,'liŋgә,,"[""vi."",""vt.""]","[{""pos"":""vi."",""zh"":""逗留, 消磨, 徘徊"",""en"":""v. remain present although waning or gradually dying""},{""pos"":""vt."",""zh"":""消磨"",""en"":""v. take one's time; proceed slowly""}]","{""past"":""lingered"",""thirdPerson"":""lingers"",""pastParticiple"":""lingered"",""presentParticiple"":""lingering""}","[""cet6""]",5721,B2,HARD,ecdict
applaud,applaud,ә'plɒ:d,,"[""v.""]","[{""pos"":""v."",""zh"":""拍手喝彩, 称赞, 赞同"",""en"":""v. clap one's hands or shout after performances to indicate approval""}]","{""past"":""applauded"",""pastParticiple"":""applauded"",""presentParticiple"":""applauding"",""thirdPerson"":""applauds""}","[""cet6""]",5722,B2,HARD,ecdict
stabilize,stabilize,'steibilaiz,,"[""vt."",""vi.""]","[{""pos"":""vt."",""zh"":""使安定, 使稳固"",""en"":""v. make stable and keep from fluctuating or put into an equilibrium""},{""pos"":""vi."",""zh"":""稳定, 安定"",""en"":""v. become stable or more stable""}]","{""pastParticiple"":""stabilized"",""presentParticiple"":""stabilizing"",""past"":""stabilized"",""thirdPerson"":""stabilizes""}","[""cet6""]",5723,B2,HARD,ecdict
harbor,harbor,'hɑ:bә,,"[""n."",""v.""]","[{""pos"":""n."",""zh"":""港, 避难所"",""en"":""n. a place of refuge and comfort and security""},{""pos"":""v."",""zh"":""庇护, 藏匿, (使)入港停泊"",""en"":""v. maintain (a theory, thoughts, or feelings)""}]","{""presentParticiple"":""harboring"",""past"":""harbored"",""thirdPerson"":""harbors"",""pastParticiple"":""harbored"",""plural"":""harbors""}","[""cet6""]",5726,B2,HARD,ecdict
embassy,embassy,'embәsi,,"[""n.""]","[{""pos"":""n."",""zh"":""大使馆, 大使馆全体人员"",""en"":""n. a diplomatic building where ambassadors live or work""},{""pos"":"""",""zh"":""[经] 大使馆"",""en"":""n. an ambassador and his entourage collectively""}]","{""plural"":""embassies""}","[""cet6""]",5731,B2,HARD,ecdict
presume,presume,pri'zu:m,,"[""vt."",""vi.""]","[{""pos"":""vt."",""zh"":""假定, 推测, 擅自, 意味着"",""en"":""v. constitute reasonable evidence for""},{""pos"":""vi."",""zh"":""擅自行动, 相信"",""en"":""v. take liberties or act with too much confidence""}]","{""pastParticiple"":""presumed"",""past"":""presumed"",""thirdPerson"":""presumes"",""presentParticiple"":""presuming""}","[""cet6""]",5740,B2,HARD,ecdict
constituent,constituent,kәn'stitjuәnt,,"[""n."",""a.""]","[{""pos"":""n."",""zh"":""成分, 选民, 构成物"",""en"":""n. a member of a constituency; a citizen who is represented in a government by officials for whom he or she votes""},{""pos"":""a."",""zh"":""构成的, 组织的, 选举的"",""en"":""n. (grammar) a word or phrase or clause forming part of a larger grammatical construction""}]","{""plural"":""constituents""}","[""cet6""]",5746,B2,HARD,ecdict
antique,antique,æn'ti:k,,"[""n."",""a.""]","[{""pos"":""n."",""zh"":""古董, 古物"",""en"":""n. any piece of furniture or decorative object or the like produced in a former period and valuable because of its beauty or rarity""},{""pos"":""a."",""zh"":""古老的, 古风的, 旧式的, 过时的"",""en"":""v. shop for antiques""}]","{""plural"":""antiques"",""past"":""antiqued"",""presentParticiple"":""antiquing"",""thirdPerson"":""antiques"",""pastParticiple"":""antiqued""}","[""cet6""]",5748,B2,HARD,ecdict
intersection,intersection,.intә'sekʃәn,,"[""n.""]","[{""pos"":""n."",""zh"":""交集, 十字路口, 交叉点"",""en"":""n. a point where lines intersect""},{""pos"":"""",""zh"":""[计] 逻辑乘; 与"",""en"":""n. a junction where one street or road crosses another""}]","{""plural"":""intersections"",""presentParticiple"":""intersectioning""}","[""cet6""]",5760,B2,HARD,ecdict
ignorance,ignorance,'ignәrәns,,"[""n.""]","[{""pos"":""n."",""zh"":""无知, 愚味"",""en"":""n. the lack of knowledge or education""},{""pos"":"""",""zh"":""[法] 无知, 不知情, 愚昧"",""en"":""""}]",{},"[""cet6""]",5789,B2,HARD,ecdict
amateur,amateur,'æmәtә,,"[""n.""]","[{""pos"":""n."",""zh"":""业余爱好者, 外行, 爱好者"",""en"":""n. someone who pursues a study or sport as a pastime""},{""pos"":"""",""zh"":""[电] 业余家"",""en"":""n. an athlete who does not play for pay""}]","{""plural"":""amateurs""}","[""cet6""]",5795,B2,HARD,ecdict
mosque,mosque,mɒsk,,"[""n.""]","[{""pos"":""n."",""zh"":""清真寺"",""en"":""n. (Islam) a Muslim place of worship that usually has a minaret""}]","{""plural"":""mosques""}","[""cet6""]",5801,B2,HARD,ecdict
linear,linear,'liniә,,"[""a.""]","[{""pos"":""a."",""zh"":""线的, 直线的, 线状的"",""en"":""a. designating or involving an equation whose terms are of the first degree""},{""pos"":"""",""zh"":""[计] 线性"",""en"":""a. of or in or along or relating to a line; involving a single dimension""}]",{},"[""cet6""]",5802,B2,HARD,ecdict
recycle,recycle,.ri:'saikl,,"[""vt."",""n.""]","[{""pos"":""vt."",""zh"":""使再循环, 重新利用, 再制"",""en"":""v. cause to repeat a cycle""},{""pos"":""n."",""zh"":""再循环"",""en"":""v. use again after processing""}]","{""presentParticiple"":""recycling"",""pastParticiple"":""recycled"",""thirdPerson"":""recycles"",""past"":""recycled""}","[""cet6""]",5806,B2,HARD,ecdict
coincidence,coincidence,kәu'insidәns,,"[""n.""]","[{""pos"":""n."",""zh"":""巧合, 同时发生"",""en"":""n. an event that might have been arranged although it was really accidental""},{""pos"":"""",""zh"":""[电] 符合计数器"",""en"":""n. the quality of occupying the same position or area in space""}]","{""plural"":""coincidences""}","[""cet6""]",5812,B2,HARD,ecdict
resentment,resentment,ri'zentmәnt,,"[""n.""]","[{""pos"":""n."",""zh"":""怨恨, 愤恨"",""en"":""n. a feeling of deep and bitter anger and ill-will""}]","{""plural"":""resentments""}","[""cet6""]",5813,B2,HARD,ecdict
feminine,feminine,'feminin,,"[""a.""]","[{""pos"":""a."",""zh"":""女性的, 阴性的, 柔弱的"",""en"":""n. a gender that refers chiefly (but not exclusively) to females or to objects classified as female""},{""pos"":"""",""zh"":""[医] 女性的, 雌性的"",""en"":""a. associated with women and not with men""}]","{""plural"":""feminines""}","[""cet6""]",5815,B2,HARD,ecdict
justification,justification,.dʒʌstifi'keiʃәn,,"[""n.""]","[{""pos"":""n."",""zh"":""辩护, 证明正当, 释罪"",""en"":""n. something (such as a fact or circumstance) that shows an action to be reasonable or necessary""},{""pos"":"""",""zh"":""[计] 调整"",""en"":""n. a statement in explanation of some action or belief""}]","{""plural"":""justifications""}","[""cet6""]",5816,B2,HARD,ecdict
terrify,terrify,'terifai,,"[""vt.""]","[{""pos"":""vt."",""zh"":""使恐惧, 恐吓"",""en"":""v. fill with terror; frighten greatly""}]","{""pastParticiple"":""terrified"",""presentParticiple"":""terrifying"",""past"":""terrified"",""thirdPerson"":""terrifies""}","[""cet6""]",5828,B2,HARD,ecdict
fascinate,fascinate,'fæsineit,,"[""vt."",""vi.""]","[{""pos"":""vt."",""zh"":""令人入神, 使着迷"",""en"":""v. to render motionless, as with a fixed stare or by arousing terror or awe""},{""pos"":""vi."",""zh"":""入迷"",""en"":""""}]","{""pastParticiple"":""fascinated"",""past"":""fascinated"",""thirdPerson"":""fascinates"",""presentParticiple"":""fascinating""}","[""cet6""]",5834,B2,HARD,ecdict
propaganda,propaganda,.prɒpә'gændә,,"[""n.""]","[{""pos"":""n."",""zh"":""宣传, 宣传活动"",""en"":""n. information that is spread for the purpose of promoting some cause""},{""pos"":"""",""zh"":""[医] 宣传"",""en"":""""}]",{},"[""cet6""]",5838,B2,HARD,ecdict
formulate,formulate,'fɒ:mjuleit,,"[""vt.""]","[{""pos"":""vt."",""zh"":""用公式表示, 明确叙述, 制订"",""en"":""v. prepare according to a formula""},{""pos"":"""",""zh"":""[机] 公式化, 公式表示"",""en"":""""}]","{""pastParticiple"":""formulated"",""presentParticiple"":""formulating"",""past"":""formulated"",""thirdPerson"":""formulates""}","[""cet6""]",5843,B2,HARD,ecdict
microwave,microwave,'maikrәuweiv,,"[""n.""]","[{""pos"":""n."",""zh"":""微波"",""en"":""n. a short electromagnetic wave (longer than infrared but shorter than radio waves); used for radar and microwave ovens and for transmitting telephone, facsimile, video and data""},{""pos"":"""",""zh"":""[计] 微波"",""en"":""n. kitchen appliance that cooks food by passing an electromagnetic wave through it; heat results from the absorption of energy by the water molecules in the food""}]","{""plural"":""microwaves"",""past"":""microwaved"",""presentParticiple"":""microwaving"",""pastParticiple"":""microwaved"",""thirdPerson"":""microwaves""}","[""cet6""]",5846,B2,HARD,ecdict
incidence,incidence,'insidәns,,"[""n.""]","[{""pos"":""n."",""zh"":""发生, 发生率, 影响, 负担者, 入射, 倾角"",""en"":""n. the relative frequency of occurrence of something""},{""pos"":"""",""zh"":""[医] 入射, 发生率, 发生数"",""en"":""n. the striking of a light beam on a surface""}]","{""plural"":""incidences""}","[""cet6""]",5847,B2,HARD,ecdict
corrupt,corrupt,kә'rʌpt,,"[""a."",""vt."",""vi.""]","[{""pos"":""a."",""zh"":""腐败的, 贪污的, 讹误充斥的"",""en"":""v. corrupt morally or by intemperance or sensuality""},{""pos"":""vt."",""zh"":""使腐烂, 腐蚀, 使恶化"",""en"":""v. alter from the original""},{""pos"":""vi."",""zh"":""腐烂, 堕落"",""en"":""a. lacking in integrity""}]","{""pastParticiple"":""corrupted"",""presentParticiple"":""corrupting"",""past"":""corrupted"",""thirdPerson"":""corrupts"",""plural"":""corrupts"",""comparative"":""corrupter""}","[""cet6""]",5850,B2,HARD,ecdict
monk,monk,mʌŋk,,"[""n.""]","[{""pos"":""n."",""zh"":""修道士, 僧侣, 和尚"",""en"":""n. a male religious living in a cloister and devoting himself to contemplation and prayer and work""}]","{""plural"":""monks""}","[""cet6""]",5856,B2,HARD,ecdict
spatial,spatial,'speiʃәl,,"[""a.""]","[{""pos"":""a."",""zh"":""空间的, 受空间条件限制的, 占地位的"",""en"":""a. pertaining to or involving or having the nature of space""},{""pos"":"""",""zh"":""[医] 隙的, 间隙的, 腔的; 空间的, 立体的"",""en"":""""}]",{},"[""cet6""]",5869,B2,HARD,ecdict
sniff,sniff,snif,,"[""n."",""vi."",""vt.""]","[{""pos"":""n."",""zh"":""以鼻吸气, 嗅, 气息"",""en"":""n. sensing an odor by inhaling through the nose""},{""pos"":""vi."",""zh"":""嗅, 蔑视, 嗤之以鼻"",""en"":""v. perceive by inhaling through the nose""},{""pos"":""vt."",""zh"":""闻, 用力吸, 发觉"",""en"":""v. inhale audibly through the nose""}]","{""past"":""sniffed"",""presentParticiple"":""sniffing"",""pastParticiple"":""sniffed"",""thirdPerson"":""sniffs"",""plural"":""sniffs""}","[""cet6""]",5870,B2,HARD,ecdict
printer,printer,'printә,,"[""n.""]","[{""pos"":""n."",""zh"":""印刷工, 打印机"",""en"":""n. someone whose occupation is printing""},{""pos"":"""",""zh"":""[计] 打印机"",""en"":""n. (computer science) an output device that prints the results of data processing""}]","{""plural"":""printers""}","[""cet6""]",5875,B2,HARD,ecdict
stroll,stroll,strәul,,"[""n."",""v.""]","[{""pos"":""n."",""zh"":""闲逛, 漫步"",""en"":""v. walk leisurely and with no apparent aim""},{""pos"":""v."",""zh"":""闲逛, 漫步"",""en"":""""}]","{""presentParticiple"":""strolling"",""thirdPerson"":""strolls"",""plural"":""strolls"",""past"":""strolled"",""pastParticiple"":""strolled""}","[""cet6""]",5880,B2,HARD,ecdict
integral,integral,'intigrәl,,"[""n."",""a.""]","[{""pos"":""n."",""zh"":""整体, 积分, 整数"",""en"":""n. the result of a mathematical integration; F(x) is the integral of f(x) if dF/dx = f(x)""},{""pos"":""a."",""zh"":""固有的, 整体的, 整数的, 积分的"",""en"":""s. constituting the undiminished entirety; lacking nothing essential especially not damaged""},{""pos"":"""",""zh"":""[计] 积分"",""en"":""a. of or denoted by an integer""}]","{""plural"":""integrals""}","[""cet6""]",5882,B2,HARD,ecdict
endeavor,endeavor,in'devә,,"[""n."",""vi.""]","[{""pos"":""n."",""zh"":""努力, 尽力"",""en"":""v. attempt by employing effort""},{""pos"":""vi."",""zh"":""努力, 尽力"",""en"":""""}]","{""plural"":""endeavors"",""presentParticiple"":""endeavoring"",""past"":""endeavored"",""thirdPerson"":""endeavors"",""pastParticiple"":""endeavored""}","[""cet6""]",5892,B2,HARD,ecdict
intriguing,intriguing,in'tri:giŋ,,"[""a.""]","[{""pos"":""a."",""zh"":""吸引人的, 有趣的"",""en"":""s. capable of arousing interest or curiosity""}]","{""lemma"":""i"",""lemmaOf"":""intrigue""}","[""cet6""]",5894,B2,HARD,ecdict
absurd,absurd,әb'sә:d,,"[""a."",""n.""]","[{""pos"":""a."",""zh"":""荒谬的, 不合理的, 可笑的"",""en"":""n. a situation in which life seems irrational and meaningless""},{""pos"":""n."",""zh"":""荒诞"",""en"":""s. inconsistent with reason or logic or common sense""}]","{""plural"":""absurds""}","[""cet6""]",5901,B2,HARD,ecdict
allied,allied,ә'laid,,"[""a.""]","[{""pos"":""a."",""zh"":""联盟的, 联姻的, 联系起来的"",""en"":""s. related by common characteristics or ancestry""}]","{""lemmaOf"":""ally"",""lemma"":""dp"",""pastParticiple"":""allied""}","[""cet6""]",5905,B2,HARD,ecdict
reservoir,reservoir,'rezәvwɑ:,,"[""n."",""vt.""]","[{""pos"":""n."",""zh"":""贮水池, 贮藏处, 贮备, 水库"",""en"":""n. a large or extra supply of something""},{""pos"":""vt."",""zh"":""储藏"",""en"":""n. lake used to store water for community use""}]","{""plural"":""reservoirs""}","[""cet6""]",5907,B2,HARD,ecdict
analogy,analogy,ә'nælәdʒi,,"[""n.""]","[{""pos"":""n."",""zh"":""相似, 类似"",""en"":""n. an inference that if things agree in some respects they probably agree in others""},{""pos"":"""",""zh"":""[计] 模拟"",""en"":""n. drawing a comparison in order to show a similarity in some respect""}]","{""plural"":""analogies""}","[""cet6""]",5913,B2,HARD,ecdict
intensify,intensify,in'tensifai,,"[""vt."",""vi.""]","[{""pos"":""vt."",""zh"":""加强"",""en"":""v. make more intense, stronger, or more marked""},{""pos"":""vi."",""zh"":""强化"",""en"":""v. become more intense""}]","{""pastParticiple"":""intensified"",""past"":""intensified"",""presentParticiple"":""intensifying"",""thirdPerson"":""intensifies""}","[""cet6""]",5921,B2,HARD,ecdict
arc,arc,ɑ:k,,"[""n.""]","[{""pos"":""n."",""zh"":""弧, 弧形, 弓形, 弧光"",""en"":""n. a continuous portion of a circle""},{""pos"":"""",""zh"":""[化] 弧"",""en"":""""}]","{""plural"":""arcs"",""presentParticiple"":""arcking"",""past"":""arcked"",""thirdPerson"":""arcs"",""pastParticiple"":""arcked""}","[""cet6""]",5923,B2,HARD,ecdict
upgrade,upgrade,'ʌpgreid,,"[""n."",""adv."",""vt."",""vi.""]","[{""pos"":""n."",""zh"":""上坡, 升级, 上升"",""en"":""n. software that provides better performance than an earlier version did""},{""pos"":""adv."",""zh"":""往上"",""en"":""n. a reservation that is improved""},{""pos"":""vt."",""zh"":""使升级, 提升, 改良品种"",""en"":""n. the property possessed by a slope or surface that rises""},{""pos"":""vi."",""zh"":""升级"",""en"":""n. hardware that provides better performance than an earlier version did""},{""pos"":"""",""zh"":""[计] 升级"",""en"":""""}]","{""pastParticiple"":""upgraded"",""presentParticiple"":""upgrading"",""plural"":""upgrades"",""past"":""upgraded"",""thirdPerson"":""upgrades""}","[""cet6""]",5927,B2,HARD,ecdict
erosion,erosion,i'rәuʒәn,,"[""n.""]","[{""pos"":""n."",""zh"":""腐蚀, 冲蚀, 侵蚀"",""en"":""n. (geology) the mechanical process of wearing or grinding something down (as by particles washing over it)""},{""pos"":"""",""zh"":""[化] 磨耗; 侵蚀"",""en"":""n. condition in which the earth's surface is worn away by the action of water and wind""}]","{""plural"":""erosions""}","[""cet6""]",5930,B2,HARD,ecdict
manifest,manifest,'mænifest,,"[""n."",""a."",""vi."",""vt.""]","[{""pos"":""n."",""zh"":""载货单, 运货单, 旅客名单"",""en"":""n. a customs document listing the contents put on a ship or plane""},{""pos"":""a."",""zh"":""显然的, 明白的"",""en"":""v. record in a ship's manifest""},{""pos"":""vi."",""zh"":""显示, 出现"",""en"":""v. reveal its presence or make an appearance""},{""pos"":""vt."",""zh"":""表明, 表现, 证明"",""en"":""""}]","{""pastParticiple"":""manifested"",""thirdPerson"":""manifests"",""past"":""manifested"",""presentParticiple"":""manifesting""}","[""cet6""]",5931,B2,HARD,ecdict
predominantly,predominantly,,,"[""adv.""]","[{""pos"":""adv."",""zh"":""主要地, 显著地, 大多数地, 突出地"",""en"":""r. much greater in number or influence""}]",{},"[""cet6""]",5942,B2,HARD,ecdict
mighty,mighty,'maiti,,"[""n."",""a."",""adv.""]","[{""pos"":""n."",""zh"":""有势力的人"",""en"":""s. having or showing great strength or force or intensity""},{""pos"":""a."",""zh"":""有势力的, 强大的, 有力的"",""en"":""r. (Southern regional intensive) very; to a great degree""},{""pos"":""adv."",""zh"":""很, 极"",""en"":""""}]","{""superlative"":""mightiest"",""comparative"":""mightier""}","[""cet6""]",5943,B2,HARD,ecdict
idiot,idiot,'idiәt,,"[""n.""]","[{""pos"":""n."",""zh"":""白痴, 极蠢之人"",""en"":""n. a person of subnormal intelligence""},{""pos"":"""",""zh"":""[医] 白痴者, 痴子"",""en"":""""}]","{""plural"":""idiots""}","[""cet6""]",5944,B2,HARD,ecdict
subjective,subjective,sәb'dʒektiv,,"[""a.""]","[{""pos"":""a."",""zh"":""主观的, 个人的"",""en"":""a. taking place within the mind and modified by individual bias""},{""pos"":"""",""zh"":""[医] 主观的, 自觉的"",""en"":""""}]",{},"[""cet6""]",5947,B2,HARD,ecdict
valve,valve,vælv,,"[""n."",""v.""]","[{""pos"":""n."",""zh"":""活瓣, 阀, 活门"",""en"":""n. a structure in a hollow organ (like the heart) with a flap to insure one-way flow of fluid through it""},{""pos"":""v."",""zh"":""装阀, 用阀调节"",""en"":""n. device in a brass wind instrument for varying the length of the air column to alter the pitch of a tone""}]","{""plural"":""valves"",""pastParticiple"":""valved""}","[""cet6""]",5952,B2,HARD,ecdict
finely,finely,'fainli,,"[""adv.""]","[{""pos"":""adv."",""zh"":""雅致地, 仔细地, 敏锐地, 微细地"",""en"":""r. in tiny pieces""}]",{},"[""cet6""]",5958,B2,HARD,ecdict
petition,petition,pi'tiʃәn,,"[""n."",""v.""]","[{""pos"":""n."",""zh"":""请愿, 诉状, 陈情书, 申请, 祈求, 祷文"",""en"":""v. write a petition for something to somebody; request formally and in writing""},{""pos"":""v."",""zh"":""正式请求, 恳求, 请愿"",""en"":""""}]","{""plural"":""petitions"",""past"":""petitioned"",""pastParticiple"":""petitioned"",""presentParticiple"":""petitioning"",""thirdPerson"":""petitions""}","[""cet6""]",5959,B2,HARD,ecdict
correspondence,correspondence,.kɒri'spɒndәns,,"[""n.""]","[{""pos"":""n."",""zh"":""相符, 通信, 信件"",""en"":""n. communication by the exchange of letters""},{""pos"":"""",""zh"":""[医] 对应, 相对"",""en"":""""}]","{""plural"":""correspondences""}","[""cet6""]",5961,B2,HARD,ecdict
thesis,thesis,'θi:sis,,"[""n.""]","[{""pos"":""n."",""zh"":""论题, 论文"",""en"":""n. an unproved statement put forward as a premise in an argument""}]","{""plural"":""theses""}","[""cet6""]",5974,B2,HARD,ecdict
coefficient,coefficient,kәui'fiʃәnt,,"[""n.""]","[{""pos"":""n."",""zh"":""系数"",""en"":""n. a constant number that serves as a measure of some property or characteristic""},{""pos"":"""",""zh"":""[计] 系数"",""en"":""""}]","{""plural"":""coefficients""}","[""cet6""]",5977,B2,HARD,ecdict
cosmic,cosmic,'kɒzmik,,"[""a.""]","[{""pos"":""a."",""zh"":""宇宙的, 宇宙航行的, 无限的, 有秩序的"",""en"":""a. of or from or pertaining to or characteristic of the cosmos or universe""},{""pos"":"""",""zh"":""[医] 宇宙的"",""en"":""s. inconceivably extended in space or time""}]","{""plural"":""cosmics""}","[""cet6""]",5978,B2,HARD,ecdict
ponder,ponder,'pɒndә,,"[""v.""]","[{""pos"":""v."",""zh"":""沉思, 考虑"",""en"":""v reflect deeply on a subject""}]","{""past"":""pondered"",""presentParticiple"":""pondering"",""thirdPerson"":""ponders"",""pastParticiple"":""pondered""}","[""cet6""]",5982,B2,HARD,ecdict
denounce,denounce,di'nauns,,"[""vt.""]","[{""pos"":""vt."",""zh"":""告发, 抨击, 谴责"",""en"":""v. speak out against""},{""pos"":"""",""zh"":""[法] 谴责, 斥责, 告发"",""en"":""v. announce the termination of, as of treaties""}]","{""past"":""denounced"",""pastParticiple"":""denounced"",""presentParticiple"":""denouncing"",""thirdPerson"":""denounces""}","[""cet6""]",5987,B2,HARD,ecdict
lounge,lounge,laundʒ,,"[""n."",""vi."",""vt.""]","[{""pos"":""n."",""zh"":""闲逛, 休闲室, 长沙发"",""en"":""n. a room (as in a hotel or airport) with seating where people can wait""},{""pos"":""vi."",""zh"":""闲混, (懒洋洋地)躺"",""en"":""v. sit or recline comfortably""},{""pos"":""vt."",""zh"":""闲混"",""en"":""""}]","{""plural"":""lounges"",""presentParticiple"":""lounging"",""past"":""lounged"",""pastParticiple"":""lounged"",""thirdPerson"":""lounges""}","[""cet6""]",5990,B2,HARD,ecdict
tuna,tuna,'tju:nә,,"[""n.""]","[{""pos"":""n."",""zh"":""金枪鱼, 金枪鱼肉"",""en"":""n. tropical American prickly pear of Jamaica""}]","{""plural"":""tunas""}","[""cet6""]",5993,B2,HARD,ecdict
revision,revision,ri'viʒәn,,"[""n.""]","[{""pos"":""n."",""zh"":""校订, 修正, 修订本, 修订版"",""en"":""n. the act of revising or altering (involving reconsideration and modification)""},{""pos"":"""",""zh"":""[计] 修订版"",""en"":""n. the act of rewriting something""}]","{""plural"":""revisions""}","[""cet6""]",5994,B2,HARD,ecdict
warrant,warrant,'wɒ:rәnt,,"[""n."",""vt.""]","[{""pos"":""n."",""zh"":""授权, 正当理由, 根据, 证明, 批准, 凭证, 令状, 委任状"",""en"":""n. a writ from a court commanding police to perform specified acts""},{""pos"":""vt."",""zh"":""授权给, 保证, 担保, 批准, 使有正当理由"",""en"":""n. a type of security issued by a corporation (usually together with a bond or preferred stock) that gives the holder the right to purchase a certain amount of common stock at a stated price""}]","{""plural"":""warrants"",""thirdPerson"":""warrants"",""pastParticiple"":""warranted"",""past"":""warranted"",""presentParticiple"":""warranting""}","[""cet6""]",5999,B2,HARD,ecdict
exceptional,exceptional,ik'sepʃәnәl,,"[""a.""]","[{""pos"":""a."",""zh"":""例外的, 异常的, 特别的"",""en"":""s. deviating widely from a norm of physical or mental ability; used especially of children below normal in intelligence""}]","{""plural"":""exceptionals""}","[""cet6""]",6002,B2,HARD,ecdict
elevate,elevate,'eliveit,,"[""vt.""]","[{""pos"":""vt."",""zh"":""举起, 提拔, 鼓舞"",""en"":""v give a promotion to or assign to a higher position""}]","{""pastParticiple"":""elevated"",""past"":""elevated"",""thirdPerson"":""elevates"",""presentParticiple"":""elevating""}","[""cet6""]",6022,B2,HARD,ecdict
intake,intake,'inteik,,"[""n.""]","[{""pos"":""n."",""zh"":""入口, 吸入, 吸入量"",""en"":""n. an opening through which fluid is admitted to a tube or container""},{""pos"":"""",""zh"":""[医] 摄取量"",""en"":""""}]","{""plural"":""intakes""}","[""cet6""]",6025,B2,HARD,ecdict
fringe,fringe,frindʒ,,"[""n."",""vt."",""a.""]","[{""pos"":""n."",""zh"":""边缘, 端, 流苏, 穗, 初步"",""en"":""n. one of the light or dark bands produced by the interference and diffraction of light""},{""pos"":""vt."",""zh"":""加穗于, 加饰边于"",""en"":""n. a social group holding marginal or extreme views""},{""pos"":""a."",""zh"":""边缘的, 附加的"",""en"":""n. an ornamental border consisting of short lengths of hanging threads or tassels""}]","{""plural"":""fringes"",""pastParticiple"":""fringed"",""presentParticiple"":""fringing"",""past"":""fringed"",""thirdPerson"":""fringes""}","[""cet6""]",6029,B2,HARD,ecdict
lease,lease,li:s,,"[""n."",""vt.""]","[{""pos"":""n."",""zh"":""租约, 租期, 租"",""en"":""n. property that is leased or rented out or let""},{""pos"":""vt."",""zh"":""出租, 租出, 租得"",""en"":""n. a contract granting use or occupation of property during a specified time for a specified payment""}]","{""plural"":""leases"",""pastParticiple"":""leased"",""presentParticiple"":""leasing"",""past"":""leased"",""thirdPerson"":""leases""}","[""cet6""]",6035,B2,HARD,ecdict
murmur,murmur,'mә:mә,,"[""n."",""vi."",""vt.""]","[{""pos"":""n."",""zh"":""低语, 低声的怨言"",""en"":""v. speak softly or indistinctly""},{""pos"":""vi."",""zh"":""低语, 低声而言"",""en"":""v. make complaining remarks or noises under one's breath""},{""pos"":""vt."",""zh"":""低声说"",""en"":""""}]","{""past"":""murmured"",""presentParticiple"":""murmuring"",""plural"":""murmurs"",""thirdPerson"":""murmurs"",""pastParticiple"":""murmured""}","[""cet6""]",6039,B2,HARD,ecdict
circus,circus,'sә:kәs,,"[""n.""]","[{""pos"":""n."",""zh"":""马戏团, 马戏, 竞技场"",""en"":""n. a travelling company of entertainers; including trained animals""}]","{""plural"":""circuses""}","[""cet6""]",6045,B2,HARD,ecdict
corps,corps,kɒ:,,"[""n.""]","[{""pos"":""n."",""zh"":""军, 队, 部队, 兵种"",""en"":""n. an army unit usually consisting of two or more divisions and their support""},{""pos"":"""",""zh"":""[医] 对, 团; 体, 物体"",""en"":""n. a body of people associated together""}]",{},"[""cet6""]",6050,B2,HARD,ecdict
stride,stride,straid,,"[""n."",""v.""]","[{""pos"":""n."",""zh"":""大步, 步幅, 步态, 进步"",""en"":""n. significant progress (especially in the phrase \""make strides\"")""},{""pos"":""v."",""zh"":""迈大步走, 跨过, 跨"",""en"":""v. walk with long steps""}]","{""past"":""strode"",""presentParticiple"":""striding"",""plural"":""strides"",""thirdPerson"":""strides"",""pastParticiple"":""strode""}","[""cet6""]",6056,B2,HARD,ecdict
soy,soy,sɒi,,"[""n.""]","[{""pos"":""n."",""zh"":""酱油, 大豆"",""en"":""n. a source of oil; used for forage and soil improvement and as food""},{""pos"":"""",""zh"":""[医] 大豆; 酱油"",""en"":""n. erect bushy hairy annual herb having trifoliate leaves and purple to pink flowers; extensively cultivated for food and forage and soil improvement but especially for its nutritious oil-rich seeds; native to Asia""}]",{},"[""cet6""]",6060,B2,HARD,ecdict
miniature,miniature,'miniәtʃә,,"[""n."",""a.""]","[{""pos"":""n."",""zh"":""缩图, 小画像"",""en"":""n. painting or drawing included in a book (especially in illuminated medieval manuscripts)""},{""pos"":""a."",""zh"":""小规模的, 纤小的"",""en"":""n. a copy that reproduces a person or thing in greatly reduced size""}]","{""plural"":""miniatures""}","[""cet6""]",6061,B2,HARD,ecdict
reunion,reunion,ri:'ju:njәn,,"[""n.""]","[{""pos"":""n."",""zh"":""团圆, 重聚"",""en"":""n. a party of former associates who have come together again""},{""pos"":"""",""zh"":""[医] 再连合, 复连[合]"",""en"":""n. the act of coming together again""}]","{""plural"":""reunions""}","[""cet6""]",6067,B2,HARD,ecdict
snatch,snatch,snætʃ,,"[""n."",""vt."",""vi.""]","[{""pos"":""n."",""zh"":""抢夺, 攫取, 片断"",""en"":""n. a small fragment""},{""pos"":""vt."",""zh"":""夺取, 攫取"",""en"":""n. a weightlift in which the barbell is lifted overhead in one rapid motion""},{""pos"":""vi."",""zh"":""想抢走, 攫取"",""en"":""v. to grasp hastily or eagerly""}]","{""past"":""snatched"",""presentParticiple"":""snatching"",""pastParticiple"":""snatched"",""plural"":""snatches"",""thirdPerson"":""snatches""}","[""cet6""]",6071,B2,HARD,ecdict
perch,perch,pә:tʃ,,"[""n."",""v.""]","[{""pos"":""n."",""zh"":""栖木, 高位, 杆, 河鲈"",""en"":""n. support consisting of a branch or rod that serves as a resting place (especially for a bird)""},{""pos"":""v."",""zh"":""(使)栖息, 就位, 位于, (使)暂歇"",""en"":""n. a linear measure of 16.5 feet""}]","{""pastParticiple"":""perched"",""past"":""perched"",""presentParticiple"":""perching"",""thirdPerson"":""perches"",""plural"":""perches""}","[""cet6""]",6081,B2,HARD,ecdict
buffalo,buffalo,'bʌfәlәu,,"[""n.""]","[{""pos"":""n."",""zh"":""水牛"",""en"":""n. a city on Lake Erie in western New York (near Niagara Falls)""},{""pos"":"""",""zh"":""[机] 水牛"",""en"":""n. meat from an American bison""}]","{""plural"":""buffalos"",""presentParticiple"":""buffaloing"",""past"":""buffaloed"",""thirdPerson"":""buffalos"",""pastParticiple"":""buffaloed""}","[""cet6""]",6081,B2,HARD,ecdict
shrine,shrine,ʃrain,,"[""n."",""vt.""]","[{""pos"":""n."",""zh"":""圣地, 神龛, 庙"",""en"":""n. a place of worship hallowed by association with some sacred thing or person""},{""pos"":""vt."",""zh"":""将...置于神龛内"",""en"":""""}]","{""plural"":""shrines"",""presentParticiple"":""shrining"",""past"":""shrined"",""thirdPerson"":""shrines"",""pastParticiple"":""shrined""}","[""cet6""]",6082,B2,HARD,ecdict
misery,misery,'mizәri,,"[""n.""]","[{""pos"":""n."",""zh"":""痛苦, 悲惨, 不幸, 穷困"",""en"":""n. a state of ill-being due to affliction or misfortune""}]","{""plural"":""miseries""}","[""cet6""]",6088,B2,HARD,ecdict
nickname,nickname,'nikneim,,"[""n."",""vt.""]","[{""pos"":""n."",""zh"":""绰号, 昵称"",""en"":""n. a familiar name for a person (often a shortened version of a person's given name)""},{""pos"":""vt."",""zh"":""给...取绰号, 叫错名字"",""en"":""n. a descriptive name for a place or thing""},{""pos"":"""",""zh"":""[计] 绰号"",""en"":""""}]","{""pastParticiple"":""nicknamed"",""plural"":""nicknames"",""past"":""nicknamed"",""presentParticiple"":""nicknaming"",""thirdPerson"":""nicknames""}","[""cet6""]",6090,B2,HARD,ecdict
addict,addict,ә'dikt,,"[""vt."",""n.""]","[{""pos"":""vt."",""zh"":""使沉溺, 使上瘾"",""en"":""n. someone who is so ardently devoted to something that it resembles an addiction""},{""pos"":""n."",""zh"":""入迷的人, 上瘾者"",""en"":""n. someone who is physiologically dependent on a substance; abrupt deprivation of the substance produces withdrawal symptoms""}]","{""pastParticiple"":""addicted"",""plural"":""addicts"",""presentParticiple"":""addicting"",""past"":""addicted"",""thirdPerson"":""addicts""}","[""cet6""]",6091,B2,HARD,ecdict
marginal,marginal,'mɑ:dʒinәl,,"[""a.""]","[{""pos"":""a."",""zh"":""边缘的, 最低限度的, 有旁注的"",""en"":""s. producing at a rate that barely covers production costs""},{""pos"":"""",""zh"":""[医] 缘的"",""en"":""""}]","{""plural"":""marginals""}","[""cet6""]",6094,B2,HARD,ecdict
mustard,mustard,'mʌstәd,,"[""n.""]","[{""pos"":""n."",""zh"":""芥末, 芥菜, 强烈的兴趣"",""en"":""n. any of several cruciferous plants of the genus Brassica""},{""pos"":"""",""zh"":""[医] 芥子; 芥属植物"",""en"":""n. pungent powder or paste prepared from ground mustard seeds""}]","{""plural"":""mustards"",""pastParticiple"":""mustarded""}","[""cet6""]",6095,B2,HARD,ecdict
hail,hail,heil,,"[""n."",""vt."",""vi.""]","[{""pos"":""n."",""zh"":""冰雹, 致敬, 欢呼, 招呼"",""en"":""n. precipitation of ice pellets when there are strong rising air currents""},{""pos"":""vt."",""zh"":""向...欢呼, 致敬, 招呼, 使象下雹样落下"",""en"":""n. many objects thrown forcefully through the air""},{""pos"":""vi."",""zh"":""招呼, 下雹"",""en"":""n. enthusiastic greeting""},{""pos"":"""",""zh"":""interj. 万岁, 欢迎"",""en"":""v. be a native of""}]","{""pastParticiple"":""hailed"",""past"":""hailed"",""presentParticiple"":""hailing"",""thirdPerson"":""hails"",""plural"":""hails""}","[""cet6""]",6105,B2,HARD,ecdict
garment,garment,'gɑ:mәnt,,"[""n.""]","[{""pos"":""n."",""zh"":""衣服, 衣装, 外表"",""en"":""n. an article of clothing""}]","{""plural"":""garments"",""presentParticiple"":""garmenting"",""past"":""garmented"",""thirdPerson"":""garments"",""pastParticiple"":""garmented""}","[""cet6""]",6112,B2,HARD,ecdict
naive,naive,nɑ:'i:v,,"[""a.""]","[{""pos"":""a."",""zh"":""天真的, 纯真的, 幼稚的"",""en"":""a. marked by or showing unaffected simplicity and lack of guile or worldly experience""}]",{},"[""cet6""]",6114,B2,HARD,ecdict
arctic,arctic,'ɑ:ktik,,"[""a."",""n.""]","[{""pos"":""a."",""zh"":""北极的, 极寒的"",""en"":""n. the regions to the north of the Arctic Circle centered on the North Pole""},{""pos"":""n."",""zh"":""北极圈, 北极"",""en"":""n. a waterproof overshoe that protects shoes from water or snow""}]","{""plural"":""arctics""}","[""cet6""]",6116,B2,HARD,ecdict
cereal,cereal,'siәriәl,,"[""n."",""a.""]","[{""pos"":""n."",""zh"":""谷类食品, 谷类植物"",""en"":""n. grass whose starchy grains are used as food: wheat; rice; rye; oats; maize; buckwheat; millet""},{""pos"":""a."",""zh"":""谷类的"",""en"":""n. a breakfast food prepared from grain""}]","{""plural"":""cereals""}","[""cet6""]",6122,B2,HARD,ecdict
fracture,fracture,'fræktʃә,,"[""n."",""v.""]","[{""pos"":""n."",""zh"":""破碎, 骨折"",""en"":""n. breaking of hard tissue such as bone""},{""pos"":""v."",""zh"":""(使)破碎, (使)破裂"",""en"":""n. the act of cracking something""}]","{""plural"":""fractures"",""past"":""fractured"",""pastParticiple"":""fractured"",""presentParticiple"":""fracturing"",""thirdPerson"":""fractures""}","[""cet6""]",6123,B2,HARD,ecdict
turnover,turnover,'tә:n.әuvә,,"[""n."",""a.""]","[{""pos"":""n."",""zh"":""翻倒, 翻转, 半圆酥饼, 营业额, 流通, 周转"",""en"":""n. a dish made by folding a piece of pastry over a filling""},{""pos"":""a."",""zh"":""可翻转的"",""en"":""""}]","{""plural"":""turnovers""}","[""cet6""]",6125,B2,HARD,ecdict
tract,tract,trækt,,"[""n.""]","[{""pos"":""n."",""zh"":""大片土地, 地带, 小册子"",""en"":""n. an extended area of land""},{""pos"":"""",""zh"":""[医] 束, 道"",""en"":""n. a system of body parts that together serve some particular purpose""}]","{""plural"":""tracts""}","[""cet6""]",6133,B2,HARD,ecdict
convincing,convincing,kәn'vinsiŋ,,"[""a.""]","[{""pos"":""a."",""zh"":""使人信服的, 有力的, 令人心悦诚服的"",""en"":""a. causing one to believe the truth of something""}]","{""lemmaOf"":""convince"",""lemma"":""i"",""presentParticiple"":""convincing""}","[""cet6""]",6135,B2,HARD,ecdict
descendant,descendant,di'sendәnt,,"[""n."",""a.""]","[{""pos"":""n."",""zh"":""后裔, 子孙"",""en"":""n. a person considered as descended from some ancestor or race""},{""pos"":""a."",""zh"":""传下的, 下降的"",""en"":""s. going or coming down""}]","{""plural"":""descendants""}","[""cet6""]",6138,B2,HARD,ecdict
clash,clash,klæʃ,,"[""n."",""vi."",""vt.""]","[{""pos"":""n."",""zh"":""冲突, 撞击声, 抵触"",""en"":""n. a state of conflict between persons""},{""pos"":""vi."",""zh"":""冲突, 抵触"",""en"":""n. a state of conflict between colors""},{""pos"":""vt."",""zh"":""使发出撞击声"",""en"":""v. be incompatible; be or come into conflict""},{""pos"":"""",""zh"":""[计] 对撞"",""en"":""v. disagree violently""}]","{""plural"":""clashes"",""pastParticiple"":""clashed"",""past"":""clashed"",""presentParticiple"":""clashing"",""thirdPerson"":""clashes""}","[""cet6""]",6143,B2,HARD,ecdict
mammal,mammal,mæmәl,,"[""n.""]","[{""pos"":""n."",""zh"":""哺乳动物"",""en"":""n. any warm-blooded vertebrate having the skin more or less covered with hair; young are born alive except for the small subclass of monotremes and nourished with milk""},{""pos"":"""",""zh"":""[化] 哺乳动物"",""en"":""""}]","{""plural"":""mammals""}","[""cet6""]",6146,B2,HARD,ecdict
pumpkin,pumpkin,'pʌmpkin,,"[""n.""]","[{""pos"":""n."",""zh"":""南瓜"",""en"":""n. a coarse vine widely cultivated for its large pulpy round orange fruit with firm orange skin and numerous seeds; subspecies of Cucurbita pepo include the summer squashes and a few autumn squashes""}]","{""plural"":""pumpkins""}","[""cet6""]",6149,B2,HARD,ecdict
configuration,configuration,kәn.figju'reiʃәn,,"[""n.""]","[{""pos"":""n."",""zh"":""结构, 表面配置, 外形, 配置"",""en"":""n. an arrangement of parts or elements""},{""pos"":"""",""zh"":""[计] 配置"",""en"":""""}]","{""plural"":""configurations""}","[""cet6""]",6153,B2,HARD,ecdict
notorious,notorious,nәu'tɒ:riәs,,"[""a.""]","[{""pos"":""a."",""zh"":""声名狼藉的, 臭名昭著的, 众人皆知的"",""en"":""s known widely and usually unfavorably;""}]",{},"[""cet6""]",6155,B2,HARD,ecdict
stereo,stereo,'stiәriәu,,"[""n."",""a.""]","[{""pos"":""n."",""zh"":""铅版, 立体照片"",""en"":""n. reproducer in which two microphones feed two or more loudspeakers to give a three-dimensional effect to the sound""},{""pos"":""a."",""zh"":""立体的, 立体感觉的"",""en"":""n. two photographs taken from slightly different angles that appear three-dimensional when viewed together""}]","{""plural"":""stereos""}","[""cet6""]",6158,B2,HARD,ecdict
olive,olive,'ɒliv,,"[""n."",""a.""]","[{""pos"":""n."",""zh"":""橄榄, 橄榄树, 橄榄色, 橄榄枝"",""en"":""n. small ovoid fruit of the European olive tree; important food and source of oil""},{""pos"":""a."",""zh"":""黄绿色的, 黄褐色的, 橄榄色的"",""en"":""n. evergreen tree cultivated in the Mediterranean region since antiquity and now elsewhere; has edible shiny black fruits""}]","{""plural"":""olives""}","[""cet6""]",6160,B2,HARD,ecdict
entail,entail,in'teil,,"[""vt."",""n.""]","[{""pos"":""vt."",""zh"":""使成为必需, 需要, 使承担, 遗传给"",""en"":""n. land received by fee tail""},{""pos"":""n."",""zh"":""限定继承"",""en"":""n. the act of entailing property; the creation of a fee tail from a fee simple""}]","{""thirdPerson"":""entails"",""past"":""entailed"",""pastParticiple"":""entailed"",""presentParticiple"":""entailing""}","[""cet6""]",6162,B2,HARD,ecdict
credential,credential,kri'denʃәl,,"[""n.""]","[{""pos"":""n."",""zh"":""国书, 凭据, 证明书"",""en"":""n a document attesting to the truth of certain stated facts""},{""pos"":"""",""zh"":""[经] 凭证, 证书"",""en"":""""}]","{""past"":""credentialed""}","[""cet6""]",6165,B2,HARD,ecdict
ham,ham,hæm,,"[""n."",""a."",""v.""]","[{""pos"":""n."",""zh"":""火腿, 后腿, 笨拙演员"",""en"":""n. meat cut from the thigh of a hog (usually smoked)""},{""pos"":""a."",""zh"":""过火的, 做作的"",""en"":""n. (Old Testament) son of Noah""},{""pos"":""v."",""zh"":""演得过火"",""en"":""n. a licensed amateur radio operator""}]","{""plural"":""hams"",""presentParticiple"":""hamming"",""past"":""hammed"",""thirdPerson"":""hams"",""pastParticiple"":""hammed""}","[""cet6""]",6170,B2,HARD,ecdict
fling,fling,fliŋ,,"[""n."",""vt."",""vi.""]","[{""pos"":""n."",""zh"":""投掷, 急冲, 嘲弄"",""en"":""n. the act of flinging""},{""pos"":""vt."",""zh"":""投, 丢下, 抛弃, 使陷入, 挥动, 嘲笑, 扫视"",""en"":""v. throw with force or recklessness""},{""pos"":""vi."",""zh"":""猛冲"",""en"":""v. move in an abrupt or headlong manner""}]","{""past"":""flung"",""pastParticiple"":""flung"",""presentParticiple"":""flinging"",""thirdPerson"":""flings"",""plural"":""flings""}","[""cet6""]",6172,B2,HARD,ecdict
roam,roam,rәum,,"[""v."",""n.""]","[{""pos"":""v."",""zh"":""漫游, 闲逛, 徜徉"",""en"":""v move about aimlessly or without any destination, often in search of food or employment""},{""pos"":""n."",""zh"":""漫步, 漫游"",""en"":""""}]","{""presentParticiple"":""roaming"",""past"":""roamed"",""thirdPerson"":""roams"",""pastParticiple"":""roamed"",""plural"":""roams""}","[""cet6""]",6175,B2,HARD,ecdict
foam,foam,fәum,,"[""n."",""vi."",""vt.""]","[{""pos"":""n."",""zh"":""泡沫, 水沫, 泡沫材料"",""en"":""n. a mass of small bubbles formed in or on a liquid""},{""pos"":""vi."",""zh"":""起泡沫, 吐白沫"",""en"":""n. a lightweight material in cellular form; made by introducing gas bubbles during manufacture""},{""pos"":""vt."",""zh"":""使起泡沫"",""en"":""v. become bubbly or frothy or foaming""}]","{""plural"":""foams"",""presentParticiple"":""foaming"",""past"":""foamed"",""thirdPerson"":""foams"",""pastParticiple"":""foamed""}","[""cet6""]",6178,B2,HARD,ecdict
offset,offset,'ɒ:fset,,"[""n."",""vt."",""vi.""]","[{""pos"":""n."",""zh"":""抵消, 把...并列, 旁系, 支管, 用胶印法印"",""en"":""n. a plate makes an inked impression on a rubber-blanketed cylinder, which in turn transfers it to the paper""},{""pos"":""vt."",""zh"":""弥补, 抵消, 胶印"",""en"":""v. compensate for or counterbalance""},{""pos"":""vi."",""zh"":""装支管"",""en"":""v. cause (printed matter) to transfer or smear onto another surface""},{""pos"":""n."",""zh"":""偏移量"",""en"":""v. create an offset in""},{""pos"":"""",""zh"":""[计] 偏移量"",""en"":""""}]","{""pastParticiple"":""offset"",""lemmaOf"":""offset"",""lemma"":""dp"",""thirdPerson"":""offsets"",""presentParticiple"":""offsetting"",""past"":""offset"",""plural"":""offsets""}","[""cet6""]",6179,B2,HARD,ecdict
interface,interface,'intәfeis,,"[""n.""]","[{""pos"":""n."",""zh"":""分界面, 接触面, 界面"",""en"":""n. (chemistry) a surface forming a common boundary between two things (two objects or liquids or chemical phases)""},{""pos"":"""",""zh"":""[计] 接口, 界面"",""en"":""n. (computer science) a program that controls a display for the user (usually on a computer monitor) and that allows the user to interact with the system""}]","{""plural"":""interfaces"",""pastParticiple"":""interfaced"",""past"":""interfaced"",""thirdPerson"":""interfaces""}","[""cet6""]",6182,B2,HARD,ecdict
bald,bald,bɒ:ld,,"[""a."",""vi.""]","[{""pos"":""a."",""zh"":""秃头的, 光秃的, 单调的, 赤裸的"",""en"":""v. grow bald; lose hair on one's head""},{""pos"":""vi."",""zh"":""变秃"",""en"":""s. with no effort to conceal""}]","{""comparative"":""balder"",""superlative"":""baldest"",""presentParticiple"":""balding"",""pastParticiple"":""balded""}","[""cet6""]",6185,B2,HARD,ecdict
straightforward,straightforward,streit'fɒ:wәd,,"[""a.""]","[{""pos"":""a."",""zh"":""笔直的, 率直的, 明确的, 简单的, 直接的"",""en"":""s. free from ambiguity""}]",{},"[""cet6""]",6187,B2,HARD,ecdict
crisp,crisp,krisp,,"[""a."",""v."",""n.""]","[{""pos"":""a."",""zh"":""脆的, 新鲜的, 活泼的"",""en"":""s. (of something seen or heard) clearly defined""},{""pos"":""v."",""zh"":""(使)烘脆, (使)拳曲, (使)起皱"",""en"":""s. tender and brittle""},{""pos"":""n."",""zh"":""松脆物"",""en"":""s. pleasantly cold and invigorating""}]","{""plural"":""crisps"",""comparative"":""crisper"",""presentParticiple"":""crisping"",""past"":""crisped"",""superlative"":""crispest"",""thirdPerson"":""crisps"",""pastParticiple"":""crisped""}","[""cet6""]",6194,B2,HARD,ecdict
deprive,deprive,di'praiv,,"[""vt.""]","[{""pos"":""vt."",""zh"":""剥夺, 使丧失"",""en"":""v. take away possessions from someone""},{""pos"":"""",""zh"":""[法] 剥夺, 剥夺, 夺去"",""en"":""v. keep from having, keeping, or obtaining""}]","{""pastParticiple"":""deprived"",""presentParticiple"":""depriving"",""past"":""deprived"",""thirdPerson"":""deprives""}","[""cet6""]",6202,B2,HARD,ecdict
compact,compact,kәm'pækt,,"[""a."",""vt."",""vi.""]","[{""pos"":""a."",""zh"":""紧凑的, 紧密的, 简洁的"",""en"":""n. a small cosmetics case with a mirror; to be carried in a woman's purse""},{""pos"":""vt."",""zh"":""使紧密结合, 压缩"",""en"":""n. a small and economical car""},{""pos"":""vi."",""zh"":""变坚实"",""en"":""v. have the property of being packable or of compacting easily""}]","{""plural"":""compacts"",""pastParticiple"":""compacted"",""thirdPerson"":""compacts"",""presentParticiple"":""compacting"",""comparative"":""compacter"",""past"":""compacted""}","[""cet6""]",6203,B2,HARD,ecdict
tug,tug,tʌg,,"[""n."",""v.""]","[{""pos"":""n."",""zh"":""用力拉, 拖曳, 苦干, 挣扎, 绳索"",""en"":""n. a sudden abrupt pull""},{""pos"":""v."",""zh"":""用力拉"",""en"":""v. pull hard""}]","{""past"":""tugged"",""presentParticiple"":""tugging"",""plural"":""tugs"",""pastParticiple"":""tugged"",""thirdPerson"":""tugs""}","[""cet6""]",6210,B2,HARD,ecdict
solidarity,solidarity,.sɒli'dæriti,,"[""n.""]","[{""pos"":""n."",""zh"":""团结, 团结一致, 共同一致"",""en"":""n. a union of interests or purposes or sympathies among members of a group""},{""pos"":"""",""zh"":""[法] 团结, 共同责任"",""en"":""""}]","{""plural"":""solidarities""}","[""cet6""]",6213,B2,HARD,ecdict
prone,prone,prәun,,"[""a.""]","[{""pos"":""a."",""zh"":""俯伏的, 面向下的, 有...倾向的"",""en"":""s. having a tendency (to); often used in combination""},{""pos"":"""",""zh"":""[医] 旋前的, 伏的, 俯的"",""en"":""s. lying face downward""}]",{},"[""cet6""]",6224,B2,HARD,ecdict
hose,hose,hәuz,,"[""n."",""vt.""]","[{""pos"":""n."",""zh"":""水管, 橡皮软管, 长统袜"",""en"":""n. man's close-fitting garment of the 16th and 17th centuries covering the legs and reaching up to the waist; worn with a doublet""},{""pos"":""vt."",""zh"":""用水管浇"",""en"":""n. a flexible pipe for conveying a liquid or gas""}]","{""plural"":""hoses"",""presentParticiple"":""hosing"",""pastParticiple"":""hosed"",""past"":""hosed"",""thirdPerson"":""hoses""}","[""cet6""]",6226,B2,HARD,ecdict
formidable,formidable,'fɒ:midәbl,,"[""a.""]","[{""pos"":""a."",""zh"":""巨大的, 优秀的, 可怕的, 艰难的"",""en"":""s. extremely impressive in strength or excellence""}]",{},"[""cet6""]",6229,B2,HARD,ecdict
burial,burial,'beriәl,,"[""n.""]","[{""pos"":""n."",""zh"":""埋葬, 葬礼"",""en"":""n. the ritual placing of a corpse in a grave""},{""pos"":"""",""zh"":""[法] 埋葬, 葬礼"",""en"":""""}]","{""plural"":""burials""}","[""cet6""]",6234,B2,HARD,ecdict
mobilize,mobilize,'mәubilaiz,,"[""vt."",""vi.""]","[{""pos"":""vt."",""zh"":""动员, 调动, 使流通"",""en"":""v. make ready for action or use""},{""pos"":""vi."",""zh"":""动员"",""en"":""v. get ready for war""}]","{""pastParticiple"":""mobilized"",""presentParticiple"":""mobilizing"",""past"":""mobilized"",""thirdPerson"":""mobilizes""}","[""cet6""]",6235,B2,HARD,ecdict
questionable,questionable,'kwestʃәnәbl,,"[""a.""]","[{""pos"":""a."",""zh"":""可疑的"",""en"":""a. subject to question""},{""pos"":"""",""zh"":""[法] 可疑的, 有问题的, 不可靠的"",""en"":""s. able to be refuted""}]",{},"[""cet6""]",6242,B2,HARD,ecdict
vicious,vicious,'viʃәs,,"[""a.""]","[{""pos"":""a."",""zh"":""邪恶的, 堕落的, 品性不端的, 恶毒的, 恶性的, 有错误的"",""en"":""s (of persons or their actions) able or disposed to inflict pain or suffering""},{""pos"":"""",""zh"":""[医] 缺点的, 恶的"",""en"":""s having the nature of vice""}]",{},"[""cet6""]",6247,B2,HARD,ecdict
wedge,wedge,wedʒ,,"[""n."",""vt."",""vi.""]","[{""pos"":""n."",""zh"":""楔子, 楔形物, 起因, 导致分裂的东西"",""en"":""n. any shape that is triangular in cross section""},{""pos"":""vt."",""zh"":""楔住, 挤进, 楔入"",""en"":""n. (golf) an iron with considerable loft and a broad sole""},{""pos"":""vi."",""zh"":""楔入, 挤进"",""en"":""n. something solid that is usable as an inclined plane (shaped like a V) that can be pushed between two things to separate them""}]","{""plural"":""wedges"",""pastParticiple"":""wedged"",""past"":""wedged"",""presentParticiple"":""wedging"",""thirdPerson"":""wedges""}","[""cet6""]",6257,B2,HARD,ecdict
coffin,coffin,'kɒfin,,"[""n."",""vt.""]","[{""pos"":""n."",""zh"":""棺材, 灵柩"",""en"":""n. box in which a corpse is buried or cremated""},{""pos"":""vt."",""zh"":""把...装进棺材"",""en"":""v. place into a coffin""}]","{""plural"":""coffins"",""presentParticiple"":""coffining"",""past"":""coffined"",""thirdPerson"":""coffins"",""pastParticiple"":""coffined""}","[""cet6""]",6258,B2,HARD,ecdict
disturbance,disturbance,dis'tә:bәns,,"[""n.""]","[{""pos"":""n."",""zh"":""扰乱, 不安, 忧虑"",""en"":""n. an unhappy and worried mental state""},{""pos"":"""",""zh"":""[化] 扰动; 干扰; 失调"",""en"":""n. a disorderly outburst or tumult""}]","{""plural"":""disturbances""}","[""cet6""]",6265,B2,HARD,ecdict
prototype,prototype,'prәutәtaip,,"[""n.""]","[{""pos"":""n."",""zh"":""原型"",""en"":""n. a standard or typical example""},{""pos"":"""",""zh"":""[计] 样机; 原型"",""en"":""""}]","{""plural"":""prototypes""}","[""cet6""]",6270,B2,HARD,ecdict
vegetation,vegetation,.vedʒi'teiʃәn,,"[""n.""]","[{""pos"":""n."",""zh"":""植物"",""en"":""n. all the plant life in a particular region or period""},{""pos"":"""",""zh"":""[医] 贽生物, 贽疣, 增殖体; 生长, 增殖"",""en"":""n. the process of growth in plants""}]",{},"[""cet6""]",6271,B2,HARD,ecdict
module,module,'mɒdju:l,,"[""n.""]","[{""pos"":""n."",""zh"":""组件, 模数"",""en"":""n. detachable compartment of a spacecraft""},{""pos"":"""",""zh"":""[计] 模块"",""en"":""n. computer circuit consisting of an assembly of electronic components (as of computer hardware)""}]","{""plural"":""modules""}","[""cet6""]",6287,B2,HARD,ecdict
ample,ample,'æmpl,,"[""a.""]","[{""pos"":""a."",""zh"":""大量的, 充足的, 丰富的"",""en"":""a. more than enough in size or scope or capacity""}]","{""comparative"":""ampler""}","[""cet6""]",6289,B2,HARD,ecdict
dentist,dentist,'dentist,,"[""n.""]","[{""pos"":""n."",""zh"":""牙科医生"",""en"":""n. a person qualified to practice dentistry""},{""pos"":"""",""zh"":""[医] 牙医师"",""en"":""""}]","{""plural"":""dentists""}","[""cet6""]",6301,B2,HARD,ecdict
oyster,oyster,'ɒistә,,"[""n.""]","[{""pos"":""n."",""zh"":""牡蛎, 蚝, 沉默者"",""en"":""n. marine mollusks having a rough irregular shell; found on the sea bed mostly in coastal waters""}]","{""plural"":""oysters"",""presentParticiple"":""oystering"",""past"":""oystered"",""thirdPerson"":""oysters"",""pastParticiple"":""oystered""}","[""cet6""]",6305,B2,HARD,ecdict
adverse,adverse,'ædvә:s,,"[""a.""]","[{""pos"":""a."",""zh"":""不利的, 敌对的, 相反的, 逆的"",""en"":""s. contrary to your interests or welfare""},{""pos"":"""",""zh"":""[法] 相反的, 敌对的, 逆的"",""en"":""s. in an opposing direction""}]",{},"[""cet6""]",6307,B2,HARD,ecdict
decisive,decisive,di'saisiv,,"[""a.""]","[{""pos"":""a."",""zh"":""决定性的, 坚定的, 果断的"",""en"":""a. determining or having the power to determine an outcome""}]",{},"[""cet6""]",6316,B2,HARD,ecdict
reactor,reactor,ri'æktә,,"[""n.""]","[{""pos"":""n."",""zh"":""反应者, 反应器, 反应堆, 电抗器"",""en"":""n. an electrical device used to introduce reactance into a circuit""},{""pos"":"""",""zh"":""[化] 反应釜; 反应锅"",""en"":""""}]","{""plural"":""reactors""}","[""cet6""]",6317,B2,HARD,ecdict
molecular,molecular,mә'lekjulә,,"[""a.""]","[{""pos"":""a."",""zh"":""分子的, 由分子组成的"",""en"":""a. relating to or produced by or consisting of molecules""},{""pos"":"""",""zh"":""[医] 分子的"",""en"":""a. relating to simple or elementary organization""}]",{},"[""cet6""]",6323,B2,HARD,ecdict
greeting,greeting,'gri:tiŋ,,"[""n.""]","[{""pos"":""n."",""zh"":""祝贺, 问候"",""en"":""n. (usually plural) an acknowledgment or expression of good will (especially on meeting)""}]","{""lemmaOf"":""greet"",""lemma"":""i"",""plural"":""greetings"",""presentParticiple"":""greeting""}","[""cet4"",""cet6""]",6324,B2,HARD,ecdict
arch,arch,ɑ:tʃ,,"[""n."",""vt."",""vi."",""a.""]","[{""pos"":""n."",""zh"":""拱门, 拱形, 足弓"",""en"":""n. a curved shape in the vertical plane that spans an opening""},{""pos"":""vt."",""zh"":""使成弓形"",""en"":""n. a curved bony structure supporting or enclosing organs (especially the inner sides of the feet)""},{""pos"":""vi."",""zh"":""拱起, 成弓形"",""en"":""n. a passageway under a curved masonry construction""},{""pos"":""a."",""zh"":""主要的, 调皮的, 傲慢无礼的, 狡猾的"",""en"":""n. (architecture) a masonry construction (usually curved) for spanning an opening and supporting the weight above it""}]","{""plural"":""arches"",""past"":""arched"",""presentParticiple"":""arching"",""pastParticiple"":""arched"",""thirdPerson"":""arches""}","[""cet6""]",6326,B2,HARD,ecdict
pasture,pasture,'pæstʃә,,"[""n."",""vt."",""vi.""]","[{""pos"":""n."",""zh"":""牧场, 草地, 牧草"",""en"":""n. a field covered with grass or herbage and suitable for grazing by livestock""},{""pos"":""vt."",""zh"":""放牧"",""en"":""""},{""pos"":""vi."",""zh"":""吃草"",""en"":""""}]","{""plural"":""pastures"",""pastParticiple"":""pastured"",""presentParticiple"":""pasturing"",""past"":""pastured"",""thirdPerson"":""pastures""}","[""cet6""]",6330,B2,HARD,ecdict
rebellion,rebellion,ri'beljәn,,"[""n.""]","[{""pos"":""n."",""zh"":""谋反, 叛乱, 反抗"",""en"":""n. refusal to accept some authority or code or convention""},{""pos"":"""",""zh"":""[法] 造反, 反叛, 叛乱"",""en"":""n. organized opposition to authority; a conflict in which one faction tries to wrest control from another""}]","{""plural"":""rebellions""}","[""cet4"",""cet6""]",6331,B2,HARD,ecdict
swamp,swamp,swɒmp,,"[""n."",""vt."",""vi.""]","[{""pos"":""n."",""zh"":""沼泽, 进退两难的困境"",""en"":""n. low land that is seasonally flooded; has more woody plants than a marsh and better drainage than a bog""},{""pos"":""vt."",""zh"":""淹没, 击溃, 清除, 使陷于沼泽"",""en"":""n. a situation fraught with difficulties and imponderables""},{""pos"":""vi."",""zh"":""陷于沼泽, 淹没"",""en"":""v. drench or submerge or be drenched or submerged""}]","{""pastParticiple"":""swamped"",""plural"":""swamps"",""past"":""swamped"",""presentParticiple"":""swamping"",""thirdPerson"":""swamps""}","[""cet4"",""cet6""]",6335,B2,HARD,ecdict
dash,dash,dæʃ,,"[""n."",""vi."",""vt.""]","[{""pos"":""n."",""zh"":""冲撞, 破折号, 短跑"",""en"":""n. distinctive and stylish elegance""},{""pos"":""vi."",""zh"":""猛冲, 冲撞"",""en"":""n. a quick run""},{""pos"":""vt."",""zh"":""泼溅, 使猛撞, 搀和, 使破灭, 使沮丧"",""en"":""n. a footrace run at top speed""}]","{""past"":""dashed"",""pastParticiple"":""dashed"",""presentParticiple"":""dashing"",""plural"":""dashes"",""thirdPerson"":""dashes""}","[""cet4"",""cet6""]",6336,B2,HARD,ecdict
deliberate,deliberate,di'libәrәt,,"[""a."",""v.""]","[{""pos"":""a."",""zh"":""深思熟虑的, 故意的, 从容的"",""en"":""s. carefully thought out in advance""},{""pos"":""v."",""zh"":""仔细考虑"",""en"":""""}]","{""presentParticiple"":""deliberating"",""past"":""deliberated"",""pastParticiple"":""deliberated"",""thirdPerson"":""deliberates""}","[""cet4"",""cet6""]",6343,B2,HARD,ecdict
bait,bait,beit,,"[""n."",""vt."",""vi.""]","[{""pos"":""n."",""zh"":""饵"",""en"":""n. anything that serves as an enticement""},{""pos"":""vt."",""zh"":""以饵引诱, 欺负"",""en"":""n. something used to lure fish or other animals into danger so they can be trapped or killed""},{""pos"":""vi."",""zh"":""中途休息"",""en"":""v. lure, entice, or entrap with bait""}]","{""plural"":""baits"",""presentParticiple"":""baiting"",""pastParticiple"":""baited"",""past"":""baited"",""thirdPerson"":""baits""}","[""cet6""]",6346,B2,HARD,ecdict
usage,usage,'ju:sidʒ,,"[""n.""]","[{""pos"":""n."",""zh"":""用法, 使用, 习惯, 惯用法, 习惯法"",""en"":""n. the customary manner in which a language (or a form of a language) is spoken or written""},{""pos"":"""",""zh"":""[经] 使用情况, 使用用途, 惯例"",""en"":""""}]","{""plural"":""usages""}","[""cet4"",""cet6""]",6347,B2,HARD,ecdict
sore,sore,sɒ:,,"[""a."",""n.""]","[{""pos"":""a."",""zh"":""悲伤的, 痛的, 引起痛苦的"",""en"":""n. an open skin infection""},{""pos"":""n."",""zh"":""痛处, 溃疡, 疮"",""en"":""""}]","{""plural"":""sores"",""comparative"":""sorer""}","[""cet4"",""cet6""]",6349,B2,HARD,ecdict
reef,reef,ri:f,,"[""n."",""v.""]","[{""pos"":""n."",""zh"":""暗礁, 礁, 缩帆"",""en"":""n. a submerged ridge of rock or coral near the surface of the water""},{""pos"":""v."",""zh"":""缩(帆)"",""en"":""n. one of several strips across a sail that can be taken in or rolled up to lessen the area of the sail that is exposed to the wind""}]","{""plural"":""reefs"",""presentParticiple"":""reefing"",""pastParticiple"":""reefed"",""past"":""reefed"",""thirdPerson"":""reefs""}","[""cet6""]",6352,B2,HARD,ecdict
oath,oath,әuθ,,"[""n.""]","[{""pos"":""n."",""zh"":""誓约, 誓言, 咒骂"",""en"":""n. a commitment to tell the truth (especially in a court of law); to lie under oath is to become subject to prosecution for perjury""},{""pos"":"""",""zh"":""[法] 誓言, 誓约, 宣誓"",""en"":""n. a solemn promise, usually invoking a divine witness, regarding your future acts or behavior""}]","{""plural"":""oaths""}","[""cet6""]",6353,B2,HARD,ecdict
erect,erect,i'rekt,,"[""a."",""vt."",""vi.""]","[{""pos"":""a."",""zh"":""直立的, 竖立的, 笔直的"",""en"":""a. upright in position or posture""},{""pos"":""vt."",""zh"":""使竖立, 使直立, 树立, 建立"",""en"":""""},{""pos"":""vi."",""zh"":""勃起"",""en"":""""}]","{""pastParticiple"":""erected"",""past"":""erected"",""presentParticiple"":""erecting"",""thirdPerson"":""erects""}","[""cet4"",""cet6""]",6356,B2,HARD,ecdict
deficiency,deficiency,di'fiʃәnsi,,"[""n.""]","[{""pos"":""n."",""zh"":""缺乏, 不足"",""en"":""n the state of needing something that is absent or unavailable""},{""pos"":"""",""zh"":""[医] 缺乏, 不足"",""en"":""n lack of an adequate quantity or number""}]","{""plural"":""deficiencies""}","[""cet6""]",6360,B2,HARD,ecdict
nephew,nephew,'nefju:,,"[""n.""]","[{""pos"":""n."",""zh"":""侄子, 外甥"",""en"":""n. a son of your brother or sister""}]","{""plural"":""nephews""}","[""cet4"",""cet6""]",6362,B2,HARD,ecdict
blur,blur,blә:,,"[""vt."",""vi.""]","[{""pos"":""vt."",""zh"":""使模糊, 弄脏"",""en"":""n. a hazy or indistinct representation""},{""pos"":""vi."",""zh"":""弄脏, 模糊"",""en"":""v. to make less distinct or clear""}]","{""pastParticiple"":""blurred"",""past"":""blurred"",""presentParticiple"":""blurring"",""thirdPerson"":""blurs"",""plural"":""blurs""}","[""cet6""]",6364,B2,HARD,ecdict
fertilizer,fertilizer,'fә:tilaizә,,"[""n.""]","[{""pos"":""n."",""zh"":""肥料, 促进发展者, 受精媒介物"",""en"":""n. any substance such as manure or a mixture of nitrates used to make soil more fertile""},{""pos"":"""",""zh"":""[化] 肥料"",""en"":""""}]","{""plural"":""fertilizers""}","[""cet4"",""cet6""]",6367,B2,HARD,ecdict
altitude,altitude,'æltitju:d,,"[""n.""]","[{""pos"":""n."",""zh"":""高度, 海拔, 高处"",""en"":""n. elevation especially above sea level or above the earth's surface""},{""pos"":"""",""zh"":""[电] 高度"",""en"":""n. the perpendicular distance from the base of a geometric figure to the opposite vertex (or side if parallel)""}]","{""plural"":""altitudes""}","[""cet4"",""cet6""]",6370,B2,HARD,ecdict
glare,glare,glєә,,"[""n."",""vi."",""vt.""]","[{""pos"":""n."",""zh"":""闪耀光, 刺眼"",""en"":""n. a light within the field of vision that is brighter than the brightness to which the eyes are adapted""},{""pos"":""vi."",""zh"":""发眩光, 瞪视"",""en"":""n. an angry stare""},{""pos"":""vt."",""zh"":""瞪眼表示"",""en"":""v. be sharply reflected""}]","{""past"":""glared"",""presentParticiple"":""glaring"",""thirdPerson"":""glares"",""plural"":""glares"",""pastParticiple"":""glared""}","[""cet4"",""cet6""]",6371,B2,HARD,ecdict
recruitment,recruitment,ri'kru:tmәnt,,"[""n.""]","[{""pos"":""n."",""zh"":""新兵征召"",""en"":""n. the act of getting recruits; enlisting people for the army (or for a job or a cause etc.)""},{""pos"":"""",""zh"":""[医] 募集[反应], 募集[现象](生理), 复聪(耳科)"",""en"":""""}]","{""plural"":""recruitments""}","[""cet6""]",6379,B2,HARD,ecdict
handy,handy,'hændi,,"[""a.""]","[{""pos"":""a."",""zh"":""便利的, 敏捷的, 容易取得的"",""en"":""n. United States blues musician who transcribed and published traditional blues music (1873-1958)""},{""pos"":"""",""zh"":""[化] 便于使用的; 易操作的"",""en"":""s. easy to reach""}]","{""comparative"":""handier"",""plural"":""handies""}","[""cet4"",""cet6""]",6380,B2,HARD,ecdict
collaborate,collaborate,kә'læbәreit,,"[""vi.""]","[{""pos"":""vi."",""zh"":""合作, 勾结"",""en"":""v. work together on a common enterprise of project""},{""pos"":"""",""zh"":""[法] 合作, 合著, 通敌"",""en"":""v. cooperate as a traitor""}]","{""presentParticiple"":""collaborating"",""past"":""collaborated"",""pastParticiple"":""collaborated"",""thirdPerson"":""collaborates""}","[""cet4"",""cet6""]",6388,B2,HARD,ecdict
succession,succession,sәk'seʃәn,,"[""n.""]","[{""pos"":""n."",""zh"":""连续, 继承权, 继位, 演替, 地层次序"",""en"":""n. a group of people or things arranged or following in order""},{""pos"":"""",""zh"":""[法] 继承, 继承权, 继位"",""en"":""n. the action of following in order""}]","{""plural"":""successions""}","[""cet4"",""cet6""]",6389,B2,HARD,ecdict
waitress,waitress,'weitris,,"[""n.""]","[{""pos"":""n."",""zh"":""女侍者, 女服务员"",""en"":""n. a woman waiter""}]","{""plural"":""waitresses"",""presentParticiple"":""waitressing"",""pastParticiple"":""waitressed"",""thirdPerson"":""waitresses"",""past"":""waitressed""}","[""cet6""]",6390,B2,HARD,ecdict
remnant,remnant,'remnәnt,,"[""n."",""a.""]","[{""pos"":""n."",""zh"":""剩余, 零料, 遗迹"",""en"":""n a small part or portion that remains after the main part no longer exists""},{""pos"":""a."",""zh"":""剩余的, 残余的"",""en"":""n a piece of cloth that is left over after the rest has been used or sold""}]","{""plural"":""remnants""}","[""cet6""]",6394,B2,HARD,ecdict
cement,cement,si'ment,,"[""n."",""vt."",""vi.""]","[{""pos"":""n."",""zh"":""水泥, 胶结剂"",""en"":""n. concrete pavement is sometimes referred to as cement""},{""pos"":""vt."",""zh"":""胶合, 用水泥涂"",""en"":""n. a building material that is a powder made of a mixture of calcined limestone and clay; used with water and sand or gravel to make concrete and mortar""},{""pos"":""vi."",""zh"":""黏牢"",""en"":""n. something that hardens to act as adhesive material""}]","{""plural"":""cements"",""pastParticiple"":""cemented"",""past"":""cemented"",""presentParticiple"":""cementing"",""thirdPerson"":""cements""}","[""cet4"",""cet6""]",6395,B2,HARD,ecdict
recite,recite,ri'sait,,"[""v.""]","[{""pos"":""v."",""zh"":""背诵, 朗读, 叙述"",""en"":""v. repeat aloud from memory""}]","{""presentParticiple"":""reciting"",""past"":""recited"",""pastParticiple"":""recited"",""thirdPerson"":""recites""}","[""cet4"",""cet6""]",6397,B2,HARD,ecdict
wrestle,wrestle,'resl,,"[""n."",""vi."",""vt.""]","[{""pos"":""n."",""zh"":""摔跤, 角力, 扭斗"",""en"":""n. the act of engaging in close hand-to-hand combat""},{""pos"":""vi."",""zh"":""摔跤, 搏斗, 斗争, 斟酌"",""en"":""v. combat to overcome an opposing tendency or force""},{""pos"":""vt."",""zh"":""与(对手)摔跤"",""en"":""v. engage in deep thought, consideration, or debate""}]","{""past"":""wrestled"",""presentParticiple"":""wrestling"",""pastParticiple"":""wrestled"",""thirdPerson"":""wrestles""}","[""cet6""]",6407,B2,HARD,ecdict
interference,interference,.intә'fiәrәns,,"[""n.""]","[{""pos"":""n."",""zh"":""冲突, 干涉"",""en"":""n. (American football) blocking a player's path with your body""},{""pos"":"""",""zh"":""[计] 干扰"",""en"":""""}]","{""plural"":""interferences""}","[""cet4"",""cet6""]",6409,B2,HARD,ecdict
underestimate,underestimate,.ʌndәr'estimeit,,"[""n."",""vt.""]","[{""pos"":""n."",""zh"":""低估"",""en"":""n. an estimation that is too low; an estimate that is less than the true or actual value""},{""pos"":""vt."",""zh"":""低估, 看轻"",""en"":""v. make too low an estimate of""}]","{""pastParticiple"":""underestimated"",""presentParticiple"":""underestimating"",""past"":""underestimated"",""thirdPerson"":""underestimates"",""plural"":""underestimates""}","[""cet6""]",6410,B2,HARD,ecdict
spoil,spoil,spɒil,,"[""n."",""vt."",""vi.""]","[{""pos"":""n."",""zh"":""战利品, 赃物, 奖品, 变质, 次品"",""en"":""n. (usually plural) valuables taken by violence (especially in war)""},{""pos"":""vt."",""zh"":""损坏, 破坏, 溺爱"",""en"":""n. the act of spoiling something by causing damage to it""},{""pos"":""vi."",""zh"":""腐坏, 掠夺"",""en"":""n. the act of stripping and taking by force""}]","{""pastParticiple"":""spoiled"",""presentParticiple"":""spoiling"",""plural"":""spoils"",""thirdPerson"":""spoils"",""past"":""spoiled""}","[""cet4"",""cet6""]",6411,B2,HARD,ecdict
bacon,bacon,'beikәn,,"[""n.""]","[{""pos"":""n."",""zh"":""熏猪肉"",""en"":""n. back and sides of a hog salted and dried or smoked; usually sliced thin and fried""},{""pos"":"""",""zh"":""[机] 腌肉"",""en"":""n. English scientist and Franciscan monk who stressed the importance of experimentation; first showed that air is required for combustion and first used lenses to correct vision (1220-1292)""}]","{""plural"":""bacons""}","[""cet6""]",6412,B2,HARD,ecdict
maturity,maturity,mә'tjuәriti,,"[""n.""]","[{""pos"":""n."",""zh"":""成熟, 完备, 到期"",""en"":""n. state of being mature; full development""},{""pos"":"""",""zh"":""[医] 成熟, 成熟期, 发育期"",""en"":""n. the date on which an obligation must be repaid""}]","{""plural"":""maturities""}","[""cet6""]",6413,B2,HARD,ecdict
robust,robust,rәu'bʌst,,"[""a.""]","[{""pos"":""a."",""zh"":""健康的, 强健的, 要用力气的, 坚定的, 粗野的"",""en"":""a. sturdy and strong in form, constitution, or construction""},{""pos"":"""",""zh"":""[计] 健壮性"",""en"":""s. strong enough to withstand or overcome intellectual challenges or adversity""}]","{""comparative"":""robuster""}","[""cet6""]",6419,B2,HARD,ecdict
bulletin,bulletin,'bulitin,,"[""n.""]","[{""pos"":""n."",""zh"":""公告, 布告, 公报"",""en"":""n. a brief report (especially an official statement issued for immediate publication or broadcast)""},{""pos"":"""",""zh"":""[电] 电子布告栏"",""en"":""v. make public by bulletin""}]","{""plural"":""bulletins"",""presentParticiple"":""bulletining"",""past"":""bulletined"",""thirdPerson"":""bulletins"",""pastParticiple"":""bulletined""}","[""cet6""]",6424,B2,HARD,ecdict
ecology,ecology,i:'kɒlәdʒi,,"[""n.""]","[{""pos"":""n."",""zh"":""生态学, 社会生态学"",""en"":""n. the environment as it relates to living organisms""},{""pos"":"""",""zh"":""[化] 生态学"",""en"":""n. the branch of biology concerned with the relations between organisms and their environment""}]","{""plural"":""ecologies""}","[""cet6""]",6425,B2,HARD,ecdict
accessory,accessory,әk'sesәri,,"[""n."",""a.""]","[{""pos"":""n."",""zh"":""附件, 零件, 附加物, 从犯, 同谋"",""en"":""n. clothing that is worn or carried, but not part of your main clothing""},{""pos"":""a."",""zh"":""附属的, 补充的, 同谋的, 帮凶的, 非主要的, 副的"",""en"":""n. a supplementary component that improves capability""},{""pos"":"""",""zh"":""[计] 附件"",""en"":""n. someone who helps another person commit a crime""}]","{""plural"":""accessories""}","[""cet4"",""cet6""]",6429,B2,HARD,ecdict
resent,resent,ri'zent,,"[""vt.""]","[{""pos"":""vt."",""zh"":""愤恨, 憎恶, 怨恨"",""en"":""v. feel bitter or indignant about""}]","{""past"":""resented"",""pastParticiple"":""resented"",""presentParticiple"":""resenting"",""thirdPerson"":""resents"",""lemmaOf"":""resent"",""lemma"":""dp""}","[""cet6""]",6430,B2,HARD,ecdict
terrace,terrace,'terәs,,"[""n."",""a."",""vt.""]","[{""pos"":""n."",""zh"":""阶地, 梯田, 房屋之平顶, 阳台, 沿岸防地, 露台"",""en"":""n. a level shelf of land interrupting a declivity (with steep slopes above and below)""},{""pos"":""a."",""zh"":""叠层式的"",""en"":""n. a row of houses built in a similar style and having common dividing walls (or the street on which they face)""},{""pos"":""vt."",""zh"":""使成梯田, 使成有平台屋顶"",""en"":""v. provide (a house) with a terrace""}]","{""plural"":""terraces"",""presentParticiple"":""terracing"",""past"":""terraced"",""thirdPerson"":""terraces"",""pastParticiple"":""terraced""}","[""cet6""]",6431,B2,HARD,ecdict
indirect,indirect,.indi'rekt,,"[""a.""]","[{""pos"":""a."",""zh"":""间接的, 非直截了当的, 不坦率的"",""en"":""s. having intervening factors or persons or influences""},{""pos"":"""",""zh"":""[医] 间接的"",""en"":""a. not direct in spatial dimension; not leading by a straight line or course to a destination""}]",{},"[""cet4"",""cet6""]",6433,B2,HARD,ecdict
petty,petty,'peti,,"[""a.""]","[{""pos"":""a."",""zh"":""琐碎的, 小规模的, 小气的, 委琐的"",""en"":""s. contemptibly narrow in outlook""},{""pos"":"""",""zh"":""[经] 小额的, 微小的, 小规模的"",""en"":""""}]","{""comparative"":""pettier"",""plural"":""pettys"",""superlative"":""pettiest""}","[""cet6""]",6435,B2,HARD,ecdict
temper,temper,'tempә,,"[""n."",""vt."",""vi.""]","[{""pos"":""n."",""zh"":""(钢等的)硬度, 脾气, 心情, 中和剂, 倾向, 回火"",""en"":""n. a characteristic (habitual or relatively temporary) state of feeling""},{""pos"":""vt."",""zh"":""使回火, 锻炼, 调和, 使缓和"",""en"":""n. a disposition to exhibit uncontrolled anger""},{""pos"":""vi."",""zh"":""回火"",""en"":""n. the elasticity and hardness of a metal object; its ability to absorb considerable energy before cracking""}]","{""pastParticiple"":""tempered"",""plural"":""tempers"",""past"":""tempered"",""presentParticiple"":""tempering"",""thirdPerson"":""tempers""}","[""cet4"",""cet6""]",6436,B2,HARD,ecdict
blossom,blossom,'blɒsәm,,"[""n."",""vi.""]","[{""pos"":""n."",""zh"":""花, 花开的状态, 兴旺期"",""en"":""v. develop or come to a promising stage""},{""pos"":""vi."",""zh"":""开花, 兴旺, 发展"",""en"":""""}]","{""plural"":""blossoms"",""past"":""blossomed"",""pastParticiple"":""blossomed"",""thirdPerson"":""blossoms"",""presentParticiple"":""blossoming""}","[""cet4"",""cet6""]",6437,B2,HARD,ecdict
spacecraft,spacecraft,'speiskræft,,"[""n.""]","[{""pos"":""n."",""zh"":""航天飞船"",""en"":""n. a craft capable of traveling in outer space; technically, a satellite around the sun""}]","{""plural"":""spacecrafts""}","[""cet4"",""cet6""]",6442,B2,HARD,ecdict
marathon,marathon,'mærәθәn,,"[""n.""]","[{""pos"":""n."",""zh"":""马拉松, 耐力的考验"",""en"":""n. any long and arduous undertaking""}]","{""plural"":""marathons""}","[""cet6""]",6448,B2,HARD,ecdict
icy,icy,'aisi,,"[""a.""]","[{""pos"":""a."",""zh"":""冰的, 冰冷的, 冷淡的, 滑溜的"",""en"":""s. covered with or containing or consisting of ice""}]","{""comparative"":""icier""}","[""cet6""]",6454,B2,HARD,ecdict
massacre,massacre,'mæsәkә,,"[""n."",""vt.""]","[{""pos"":""n."",""zh"":""大屠杀"",""en"":""v. kill a large number of people indiscriminately""},{""pos"":""vt."",""zh"":""大屠杀, 残杀"",""en"":""""}]","{""plural"":""massacres"",""thirdPerson"":""massacres"",""presentParticiple"":""massacring"",""past"":""massacred"",""pastParticiple"":""massacred""}","[""cet6""]",6457,B2,HARD,ecdict
spur,spur,spә:,,"[""n."",""vt."",""vi.""]","[{""pos"":""n."",""zh"":""马刺, 刺激物, 鼓舞"",""en"":""n. any sharply pointed projection""},{""pos"":""vt."",""zh"":""刺激, 激励, 用马刺策(马)前进"",""en"":""n. tubular extension at the base of the corolla in some flowers""},{""pos"":""vi."",""zh"":""用马刺驱马, 疾驰"",""en"":""n. a sharp prod fixed to a rider's heel and used to urge a horse onward""}]","{""pastParticiple"":""spurred"",""past"":""spurred"",""presentParticiple"":""spurring"",""thirdPerson"":""spurs"",""plural"":""spurs""}","[""cet4"",""cet6""]",6458,B2,HARD,ecdict
trench,trench,trentʃ,,"[""n."",""vt."",""vi.""]","[{""pos"":""n."",""zh"":""渠, 沟渠, 战壕"",""en"":""n. a ditch dug as a fortification having a parapet of the excavated earth""},{""pos"":""vt."",""zh"":""在...开沟, 挖战壕于, 用战壕围住"",""en"":""n. a long steep-sided depression in the ocean floor""},{""pos"":""vi."",""zh"":""挖战壕, 开沟"",""en"":""n. any long ditch cut in the ground""}]","{""plural"":""trenches"",""presentParticiple"":""trenching"",""past"":""trenched"",""pastParticiple"":""trenched"",""thirdPerson"":""trenches""}","[""cet6""]",6459,B2,HARD,ecdict
deviation,deviation,.di:vi'eiʃәn,,"[""n.""]","[{""pos"":""n."",""zh"":""背离"",""en"":""n. a variation that deviates from the standard or norm""},{""pos"":"""",""zh"":""[化] 偏差; 误差; 偏斜"",""en"":""n. the difference between an observed value and the expected value of a variable or function""}]","{""plural"":""deviations""}","[""cet6""]",6460,B2,HARD,ecdict
whistle,whistle,'hwisl,,"[""n."",""vi."",""vt.""]","[{""pos"":""n."",""zh"":""口哨, 汽笛, 啸啸声, 口哨声"",""en"":""n. the sound made by something moving rapidly or by steam coming out of a small aperture""},{""pos"":""vi."",""zh"":""吹口哨, 鸣汽笛, 发嘘嘘声"",""en"":""n. the act of signalling (e.g., summoning) by whistling or blowing a whistle""},{""pos"":""vt."",""zh"":""用口哨或吹哨传意, 用口哨演奏"",""en"":""n. a small wind instrument that produces a whistling sound by blowing into it""}]","{""past"":""whistled"",""presentParticiple"":""whistling"",""plural"":""whistles"",""thirdPerson"":""whistles"",""pastParticiple"":""whistled""}","[""cet4"",""cet6""]",6463,B2,HARD,ecdict
devotion,devotion,di'vәuʃәn,,"[""n.""]","[{""pos"":""n."",""zh"":""热爱, 投入"",""en"":""n. feelings of ardent love""}]","{""plural"":""devotions""}","[""cet6""]",6466,B2,HARD,ecdict
diesel,diesel,'di:zәl,,"[""n.""]","[{""pos"":""n."",""zh"":""内燃机, 柴油机, 柴油"",""en"":""n. German engineer (born in France) who invented the diesel engine (1858-1913)""}]","{""plural"":""diesels""}","[""cet6""]",6468,B2,HARD,ecdict
astronomy,astronomy,ә'strɒnәmi,,"[""n.""]","[{""pos"":""n."",""zh"":""天文学"",""en"":""n. the branch of physics that studies celestial bodies and the universe as a whole""}]",{},"[""cet6""]",6469,B2,HARD,ecdict
insane,insane,in'sein,,"[""a.""]","[{""pos"":""a."",""zh"":""患精神病的, 极愚蠢的"",""en"":""a. afflicted with or characteristic of mental derangement""},{""pos"":"""",""zh"":""[医] 神经错乱的"",""en"":""""}]",{},"[""cet6""]",6471,B2,HARD,ecdict
unpleasant,unpleasant,.ʌn'pleznt,,"[""a.""]","[{""pos"":""a."",""zh"":""使人不愉快的, 使人厌恶的, 煞风景的"",""en"":""a. disagreeable to the senses, to the mind, or feelings""}]",{},"[""cet4"",""cet6""]",6472,B2,HARD,ecdict
skeleton,skeleton,'skelәtn,,"[""n."",""a.""]","[{""pos"":""n."",""zh"":""骨骼, 骨瘦如柴的人, 梗概, 骨干, 残骸"",""en"":""n. something reduced to its minimal form""},{""pos"":""a."",""zh"":""骨骼的, 概略的, 基层的, 骨干的"",""en"":""n. a scandal that is kept secret""},{""pos"":"""",""zh"":""[计] 骨架"",""en"":""n. the internal supporting structure that gives an artifact its shape""}]","{""plural"":""skeletons""}","[""cet6""]",6474,B2,HARD,ecdict
sew,sew,sәu,,"[""vt."",""vi.""]","[{""pos"":""vt."",""zh"":""缝纫, 缝合, 缝"",""en"":""v. fasten by sewing; do needlework""},{""pos"":""vi."",""zh"":""缝纫"",""en"":""v. create (clothes) with cloth""}]","{""pastParticiple"":""sewn"",""presentParticiple"":""sewing"",""past"":""sewed"",""thirdPerson"":""sews""}","[""cet4"",""cet6""]",6478,B2,HARD,ecdict
inflict,inflict,in'flikt,,"[""vt.""]","[{""pos"":""vt."",""zh"":""施以, 加害, 使承受"",""en"":""v. impose something unpleasant""},{""pos"":"""",""zh"":""[法] 处, 加, 予以"",""en"":""""}]","{""pastParticiple"":""inflicted"",""presentParticiple"":""inflicting"",""past"":""inflicted"",""thirdPerson"":""inflicts""}","[""cet6""]",6479,B2,HARD,ecdict
muddy,muddy,'mʌdi,,"[""a."",""vt.""]","[{""pos"":""a."",""zh"":""泥泞的, 浑浊的, 模糊的"",""en"":""v. dirty with mud""},{""pos"":""vt."",""zh"":""使污浊, 使沾上泥污"",""en"":""v. cause to become muddy""}]","{""pastParticiple"":""muddied"",""plural"":""muddies"",""presentParticiple"":""muddying"",""past"":""muddied"",""comparative"":""muddier"",""superlative"":""muddiest"",""thirdPerson"":""muddies""}","[""cet4"",""cet6""]",6484,B2,HARD,ecdict
turtle,turtle,'tә:tl,,"[""n.""]","[{""pos"":""n."",""zh"":""海龟"",""en"":""n. any of various aquatic and land reptiles having a bony shell and flipper-like limbs for swimming""}]","{""plural"":""turtles"",""presentParticiple"":""turtling"",""past"":""turtled"",""thirdPerson"":""turtles"",""pastParticiple"":""turtled""}","[""cet6""]",6490,B2,HARD,ecdict
ferry,ferry,'feri,,"[""n.""]","[{""pos"":""n."",""zh"":""渡船, 渡口"",""en"":""n. a boat that transports people or vehicles across a body of water and operates on a regular schedule""},{""pos"":"""",""zh"":""[法] 摆渡营业权, 轮渡"",""en"":""n. transport by boat or aircraft""}]","{""plural"":""ferries"",""pastParticiple"":""ferried"",""presentParticiple"":""ferrying"",""past"":""ferried"",""thirdPerson"":""ferries""}","[""cet6""]",6492,B2,HARD,ecdict
sticky,sticky,'stiki,,"[""a.""]","[{""pos"":""a."",""zh"":""粘的, 有粘性的, 顽固的"",""en"":""s. moist as with undried perspiration and with clothing sticking to the body""}]","{""superlative"":""stickiest"",""comparative"":""stickier"",""pastParticiple"":""stickied"",""plural"":""stickies""}","[""cet4"",""cet6""]",6495,B2,HARD,ecdict
thereafter,thereafter,.ðєәr'æftә,,"[""adv.""]","[{""pos"":""adv."",""zh"":""其后, 从那时以后"",""en"":""r. from that time on""}]",{},"[""cet6""]",6497,B2,HARD,ecdict
turmoil,turmoil,'tә:mɒil,,"[""n.""]","[{""pos"":""n."",""zh"":""骚动, 混乱"",""en"":""n a violent disturbance""}]","{""plural"":""turmoils"",""past"":""turmoiled""}","[""cet6""]",6502,B2,HARD,ecdict
migrate,migrate,'maigreit,,"[""vi.""]","[{""pos"":""vi."",""zh"":""移动, 移往, 随季节而移居"",""en"":""v. move from one country or region to another and settle there""},{""pos"":"""",""zh"":""[计] 迁移程序"",""en"":""v. move periodically or seasonally""}]","{""presentParticiple"":""migrating"",""pastParticiple"":""migrated"",""past"":""migrated"",""thirdPerson"":""migrates""}","[""cet6""]",6504,B2,HARD,ecdict
perfection,perfection,pә'fekʃәn,,"[""n.""]","[{""pos"":""n."",""zh"":""完美, 完成, 极端"",""en"":""n. the state of being without a flaw or defect""},{""pos"":"""",""zh"":""[经] 完整性"",""en"":""n. the act of making something perfect""}]","{""plural"":""perfections""}","[""cet6""]",6505,B2,HARD,ecdict
keen,keen,ki:n,,"[""a."",""n."",""v.""]","[{""pos"":""a."",""zh"":""锋利的, 敏锐的, 强烈的, 敏捷的, 热心的, 渴望的"",""en"":""n. a funeral lament sung with loud wailing""},{""pos"":""n."",""zh"":""挽歌, 痛哭"",""en"":""s. having a sharp cutting edge or point""},{""pos"":""v."",""zh"":""唱挽歌, 痛哭"",""en"":""""}]","{""comparative"":""keener"",""superlative"":""keenest"",""presentParticiple"":""keening"",""past"":""keened"",""thirdPerson"":""keens"",""pastParticiple"":""keened""}","[""cet4"",""cet6""]",6508,B2,HARD,ecdict
offspring,offspring,'ɒ:fspriŋ,,"[""n.""]","[{""pos"":""n."",""zh"":""子孙, 后代, 产物"",""en"":""n. the immediate descendants of a person""},{""pos"":"""",""zh"":""[法] 后辈, 子孙, 后裔"",""en"":""n. something that comes into existence as a result""}]","{""plural"":""offsprings""}","[""cet6""]",6511,B2,HARD,ecdict
mathematical,mathematical,.mæθә'mætikl,,"[""a.""]","[{""pos"":""a."",""zh"":""数学的, 精确的"",""en"":""a. of or pertaining to or of the nature of mathematics""},{""pos"":"""",""zh"":""[机] 数学上的"",""en"":""s. beyond question""}]",{},"[""cet4"",""cet6""]",6512,B2,HARD,ecdict
imaginary,imaginary,i'mædʒinәri,,"[""a.""]","[{""pos"":""a."",""zh"":""想像的, 虚构的, 假想的"",""en"":""n (mathematics) a number of the form a+bi where a and b are real numbers and i is the square root of -1""}]",{},"[""cet4"",""cet6""]",6513,B2,HARD,ecdict
orient,orient,'ɒ:riәnt,,"[""n."",""a."",""vi."",""vt.""]","[{""pos"":""n."",""zh"":""东方, 东方诸国"",""en"":""v. be oriented""},{""pos"":""a."",""zh"":""东方的"",""en"":""v. determine one's position with reference to another point""},{""pos"":""vi."",""zh"":""向东"",""en"":""v. cause to point""},{""pos"":""vt."",""zh"":""使朝东, 使适应, 确定方向"",""en"":""v. familiarize (someone) with new surroundings or circumstances""}]","{""past"":""oriented"",""pastParticiple"":""oriented"",""presentParticiple"":""orienting"",""thirdPerson"":""orients""}","[""cet4"",""cet6""]",6514,B2,HARD,ecdict
adhere,adhere,әd'hiә,,"[""vi."",""vt.""]","[{""pos"":""vi."",""zh"":""依附, 粘着, 坚持, 追随, 拥护"",""en"":""v. be compatible or in accordance with""},{""pos"":""vt."",""zh"":""使粘附"",""en"":""v. follow through or carry out a plan without deviation""}]","{""pastParticiple"":""adhered"",""presentParticiple"":""adhering"",""past"":""adhered"",""thirdPerson"":""adheres""}","[""cet4"",""cet6""]",6516,B2,HARD,ecdict
pillar,pillar,'pilә,,"[""n.""]","[{""pos"":""n."",""zh"":""柱子, 栋梁, 台柱, 重要的支持者"",""en"":""n. a fundamental principle or practice""},{""pos"":"""",""zh"":""[医] 柱, 脚"",""en"":""n. a prominent supporter""}]","{""plural"":""pillars""}","[""cet4"",""cet6""]",6521,B2,HARD,ecdict
underwear,underwear,'ʌndәwєә,,"[""n.""]","[{""pos"":""n."",""zh"":""内衣"",""en"":""n. undergarment worn next to the skin and under the outer garments""}]",{},"[""cet6""]",6524,B2,HARD,ecdict
contamination,contamination,kәn.tæmi'neiʃәn,,"[""n.""]","[{""pos"":""n."",""zh"":""污染, 污物"",""en"":""n. the state of being contaminated""},{""pos"":"""",""zh"":""[化] 污染; 沾污"",""en"":""n. the act of contaminating or polluting; including (either intentionally or accidentally) unwanted substances or factors""}]","{""plural"":""contaminations""}","[""cet6""]",6525,B2,HARD,ecdict
uneasy,uneasy,.ʌn'i:zi,,"[""a.""]","[{""pos"":""a."",""zh"":""心神不安的, 不自在的, 不稳定的, 不舒服的"",""en"":""a. lacking a sense of security or affording no ease or reassurance""}]",{},"[""cet4"",""cet6""]",6528,B2,HARD,ecdict
disappearance,disappearance,.disә'piәrәns,,"[""n.""]","[{""pos"":""n."",""zh"":""看不见, 失踪, 消失"",""en"":""n. the act of leaving secretly or without explanation""}]","{""plural"":""disappearances""}","[""cet6""]",6530,B2,HARD,ecdict
carriage,carriage,'kæridʒ,,"[""n.""]","[{""pos"":""n."",""zh"":""马车, 客车, 举止, 运输"",""en"":""n. a vehicle with wheels drawn by one or more horses""},{""pos"":"""",""zh"":""[经] 搬运费, 运费"",""en"":""n. characteristic way of bearing one's body""}]","{""plural"":""carriages""}","[""cet4"",""cet6""]",6534,B2,HARD,ecdict
fox,fox,fɒks,,"[""n."",""vi."",""vt.""]","[{""pos"":""n."",""zh"":""狐狸, 狡猾的人"",""en"":""n. alert carnivorous mammal with pointed muzzle and ears and a bushy tail; most are predators that do not hunt in packs""},{""pos"":""vi."",""zh"":""奸狡地行动, (书页)生斑, 变酸"",""en"":""n. the grey or reddish-brown fur of a fox""},{""pos"":""vt."",""zh"":""欺骗, 使变酸, 为(鞋等)换面, 使生黄斑"",""en"":""n. English statesman who supported American independence and the French Revolution (1749-1806)""}]","{""plural"":""foxes"",""pastParticiple"":""foxed"",""past"":""foxed"",""presentParticiple"":""foxing"",""thirdPerson"":""foxes""}","[""cet4"",""cet6""]",6537,B2,HARD,ecdict
messenger,messenger,'mesindʒә,,"[""n.""]","[{""pos"":""n."",""zh"":""报信者, 使者"",""en"":""n. a person who carries a message""},{""pos"":"""",""zh"":""[经] 使者, 送信者, 通信员"",""en"":""""}]","{""plural"":""messengers""}","[""cet4"",""cet6""]",6537,B2,HARD,ecdict
pavement,pavement,'peivmәnt,,"[""n.""]","[{""pos"":""n."",""zh"":""路面, 人行道, 铺面路, 铺路材料"",""en"":""n. the paved surface of a thoroughfare""}]","{""plural"":""pavements""}","[""cet4"",""cet6""]",6540,B2,HARD,ecdict
moist,moist,mɒist,,"[""a.""]","[{""pos"":""a."",""zh"":""潮湿的, 多雨的, 感伤的, 含泪的"",""en"":""s slightly wet""},{""pos"":"""",""zh"":""[医] 湿的"",""en"":""""}]","{""comparative"":""moister""}","[""cet4"",""cet6""]",6541,B2,HARD,ecdict
retention,retention,ri'tenʃәn,,"[""n.""]","[{""pos"":""n."",""zh"":""保持, 留置, 保留, 保持力, 保留物, 记忆, 停滞, 固位"",""en"":""n. the act of retaining something""},{""pos"":"""",""zh"":""[计] 保贸, 保持"",""en"":""""}]","{""plural"":""retentions""}","[""cet6""]",6542,B2,HARD,ecdict
postpone,postpone,pәust'pәun,,"[""vt."",""vi.""]","[{""pos"":""vt."",""zh"":""延迟, 使延期, 缓办, 搁延"",""en"":""v. hold back to a later time""},{""pos"":""vi."",""zh"":""延缓, 延缓发作"",""en"":""""}]","{""pastParticiple"":""postponed"",""past"":""postponed"",""thirdPerson"":""postpones"",""presentParticiple"":""postponing""}","[""cet4"",""cet6""]",6545,B2,HARD,ecdict
tractor,tractor,'træktә,,"[""n.""]","[{""pos"":""n."",""zh"":""牵引器, 拖拉机, 拉纸器"",""en"":""n. a wheeled vehicle with large wheels; used in farming and other applications""},{""pos"":"""",""zh"":""[计] 进纸器"",""en"":""n. a truck that has a cab but no body; used for pulling large trailers or vans""}]","{""plural"":""tractors""}","[""cet4"",""cet6""]",6548,B2,HARD,ecdict
beneficiary,beneficiary,.beni'fiʃәri,,"[""n."",""a.""]","[{""pos"":""n."",""zh"":""受惠者, 受益人"",""en"":""n. the recipient of funds or other benefits""},{""pos"":""a."",""zh"":""受封的"",""en"":""a. having or arising from a benefice""}]","{""plural"":""beneficiaries""}","[""cet6""]",6549,B2,HARD,ecdict
helpless,helpless,'helplis,,"[""a.""]","[{""pos"":""a."",""zh"":""无助的, 无能为力的, 无依无靠的"",""en"":""s. lacking in or deprived of strength or power""}]",{},"[""cet4"",""cet6""]",6550,B2,HARD,ecdict
ballet,ballet,'bælei,,"[""n.""]","[{""pos"":""n."",""zh"":""芭蕾舞"",""en"":""n. a theatrical representation of a story that is performed to music by trained dancers""}]","{""plural"":""ballets""}","[""cet6""]",6552,B2,HARD,ecdict
velocity,velocity,vi'lɒsәti,,"[""n.""]","[{""pos"":""n."",""zh"":""速度, 迅速"",""en"":""n distance travelled per unit time""},{""pos"":"""",""zh"":""[化] 速度"",""en"":""""}]","{""plural"":""velocities""}","[""cet4"",""cet6""]",6557,B2,HARD,ecdict
reconcile,reconcile,'rekәnsail,,"[""vt.""]","[{""pos"":""vt."",""zh"":""使和解, 调停, 使和谐, 使一致, 使听从"",""en"":""v. come to terms""},{""pos"":"""",""zh"":""[经] 对帐, 使一致"",""en"":""""}]","{""pastParticiple"":""reconciled"",""presentParticiple"":""reconciling"",""thirdPerson"":""reconciles"",""past"":""reconciled""}","[""cet6""]",6560,B2,HARD,ecdict
noisy,noisy,'nɒizi,,"[""a.""]","[{""pos"":""a."",""zh"":""嘈杂的, 喧闹的"",""en"":""a. full of or characterized by loud and nonmusical sounds""},{""pos"":"""",""zh"":""[机] 噪声的, 嘈杂的"",""en"":""s. attracting attention by showiness or bright colors""}]","{""comparative"":""noisier"",""superlative"":""noisiest""}","[""cet4"",""cet6""]",6565,B2,HARD,ecdict
insult,insult,'insʌlt,,"[""n."",""vt.""]","[{""pos"":""n."",""zh"":""侮辱, 无礼, 损害"",""en"":""n. a deliberately offensive act or something producing the effect of deliberate disrespect""},{""pos"":""vt."",""zh"":""损害, 侮辱, 攻击"",""en"":""""}]","{""plural"":""insults"",""pastParticiple"":""insulted"",""presentParticiple"":""insulting"",""past"":""insulted"",""thirdPerson"":""insults""}","[""cet4"",""cet6""]",6568,B2,HARD,ecdict
fury,fury,'fjuri,,"[""n.""]","[{""pos"":""n."",""zh"":""愤怒, 狂暴, 狂怒的人"",""en"":""n. a feeling of intense anger""},{""pos"":"""",""zh"":""[医] 狂乱, 狂暴, 狂怒"",""en"":""n. (classical mythology) the hideous snake-haired monsters (usually three in number) who pursued unpunished criminals""}]","{""plural"":""furies""}","[""cet6""]",6574,B2,HARD,ecdict
embark,embark,im'bɑ:k,,"[""vi."",""vt.""]","[{""pos"":""vi."",""zh"":""乘船, 着手, 从事, 上飞机"",""en"":""v. go on board""},{""pos"":""vt."",""zh"":""使上船, 使上飞机, 使从事"",""en"":""v. set out on (an enterprise or subject of study)""}]","{""presentParticiple"":""embarking"",""pastParticiple"":""embarked"",""past"":""embarked"",""thirdPerson"":""embarks""}","[""cet6""]",6575,B2,HARD,ecdict
spontaneous,spontaneous,spɒn'teiniәs,,"[""a.""]","[{""pos"":""a."",""zh"":""自然的, 自发的, 未经琢磨的"",""en"":""a. happening or arising without apparent external cause""},{""pos"":"""",""zh"":""[医] 自发的, 特发的, 自生的"",""en"":""""}]",{},"[""cet4"",""cet6""]",6576,B2,HARD,ecdict
slender,slender,'slendә,,"[""a.""]","[{""pos"":""a."",""zh"":""苗条的, 纤弱的, 微少的, 微薄的"",""en"":""s. being of delicate or slender build""},{""pos"":"""",""zh"":""[机] 细的, 纤细的"",""en"":""s. very narrow""}]","{""presentParticiple"":""slendering""}","[""cet4"",""cet6""]",6578,B2,HARD,ecdict
bloom,bloom,blu:m,,"[""n."",""vi."",""vt.""]","[{""pos"":""n."",""zh"":""花, 开花, 青春, 钢块"",""en"":""n. the best time of youth""},{""pos"":""vi."",""zh"":""开花, 焕发青春, 茂盛"",""en"":""n. a rosy color (especially in the cheeks) taken as a sign of good health""},{""pos"":""vt."",""zh"":""使茂盛, 把...轧成钢坯"",""en"":""v. produce or yield flowers""}]","{""plural"":""blooms"",""past"":""bloomed"",""presentParticiple"":""blooming"",""pastParticiple"":""bloomed"",""thirdPerson"":""blooms""}","[""cet4"",""cet6""]",6582,B2,HARD,ecdict
necklace,necklace,'neklis,,"[""n.""]","[{""pos"":""n."",""zh"":""项链"",""en"":""n. jewelry consisting of a cord or chain (often bearing gems) worn about the neck as an ornament (especially by women)""}]","{""plural"":""necklaces"",""past"":""necklaced"",""presentParticiple"":""necklacing""}","[""cet4"",""cet6""]",6583,B2,HARD,ecdict
perimeter,perimeter,pә'rimitә,,"[""n.""]","[{""pos"":""n."",""zh"":""周长, 周界, 边缘"",""en"":""n. a line enclosing a plane areas""},{""pos"":"""",""zh"":""[医] 周, 周边, 周界线; 周长; 视野计"",""en"":""""}]","{""plural"":""perimeters""}","[""cet6""]",6584,B2,HARD,ecdict
blouse,blouse,blauz,,"[""n.""]","[{""pos"":""n."",""zh"":""宽松的上衣"",""en"":""n. a top worn by women""}]","{""plural"":""blouses"",""past"":""bloused"",""presentParticiple"":""blousing""}","[""cet6""]",6586,B2,HARD,ecdict
proximity,proximity,prɒk'simiti,,"[""n.""]","[{""pos"":""n."",""zh"":""接近, 亲近"",""en"":""n. the property of being close together""}]","{""plural"":""proximities""}","[""cet6""]",6588,B2,HARD,ecdict
inn,inn,in,,"[""n."",""vi.""]","[{""pos"":""n."",""zh"":""旅馆, 客栈"",""en"":""n a hotel providing overnight lodging for travelers""},{""pos"":""vi."",""zh"":""住旅馆"",""en"":""""}]","{""plural"":""inns""}","[""cet4"",""cet6""]",6591,B2,HARD,ecdict
brace,brace,breis,,"[""n."",""vt."",""vi.""]","[{""pos"":""n."",""zh"":""支柱, 曲柄, 支撑, 一对"",""en"":""n. a support that steadies or strengthens something else""},{""pos"":""vt."",""zh"":""紧缚, 支撑, 激励"",""en"":""n. either of two punctuation marks ({ or }) used to enclose textual material""},{""pos"":""vi."",""zh"":""打起精神"",""en"":""n. a rope on a square-rigged ship that is used to swing a yard about and secure it""},{""pos"":"""",""zh"":""[计] 花括号"",""en"":""n. elastic straps that hold trousers up (usually used in the plural)""}]","{""plural"":""braces"",""past"":""braced"",""presentParticiple"":""bracing"",""pastParticiple"":""braced"",""thirdPerson"":""braces""}","[""cet6""]",6591,B2,HARD,ecdict
perfume,perfume,'pә:fju:m,,"[""n."",""vt.""]","[{""pos"":""n."",""zh"":""香水, 香气, (悦人的)气氛, 美名"",""en"":""n. a toiletry that emits and diffuses a fragrant odor""},{""pos"":""vt."",""zh"":""洒香水于, 薰香, 使充满香气"",""en"":""v. fill or impregnate with an odor""}]","{""plural"":""perfumes"",""pastParticiple"":""perfumed"",""presentParticiple"":""perfuming"",""thirdPerson"":""perfumes"",""past"":""perfumed""}","[""cet4"",""cet6""]",6592,B2,HARD,ecdict
colonel,colonel,'kә:nәl,,"[""n.""]","[{""pos"":""n."",""zh"":""陆军上校, 长官"",""en"":""n. a commissioned military officer in the United States Army or Air Force or Marines who ranks above a lieutenant colonel and below a brigadier general""}]","{""plural"":""colonels""}","[""cet4"",""cet6""]",6593,B2,HARD,ecdict
flock,flock,flɒk,,"[""n."",""vi."",""vt.""]","[{""pos"":""n."",""zh"":""兽群, 鸟群, 一群人, 大量, 棉束"",""en"":""n. a church congregation guided by a pastor""},{""pos"":""vi."",""zh"":""成群而行, 聚集"",""en"":""n. a group of birds""},{""pos"":""vt."",""zh"":""用棉束填满"",""en"":""n. a group of sheep or goats""}]","{""plural"":""flocks"",""past"":""flocked"",""presentParticiple"":""flocking"",""pastParticiple"":""flocked"",""thirdPerson"":""flocks""}","[""cet4"",""cet6""]",6596,B2,HARD,ecdict
sermon,sermon,'sә:mәn,,"[""n.""]","[{""pos"":""n."",""zh"":""说教, 启示, 布道"",""en"":""n. an address of a religious nature (usually delivered during a church service)""}]","{""plural"":""sermons""}","[""cet6""]",6599,B2,HARD,ecdict
refine,refine,ri'fain,,"[""vt."",""vi.""]","[{""pos"":""vt."",""zh"":""精炼, 净化, 使优雅, 使精炼"",""en"":""v. treat or prepare so as to put in a usable condition""},{""pos"":""vi."",""zh"":""被精炼, 被净化"",""en"":""v. reduce to a fine, unmixed, or pure state; separate from extraneous matter or cleanse from impurities""}]","{""presentParticiple"":""refining"",""pastParticiple"":""refined"",""past"":""refined"",""thirdPerson"":""refines""}","[""cet4"",""cet6""]",6600,B2,HARD,ecdict
oval,oval,'әuvәl,,"[""n."",""a.""]","[{""pos"":""n."",""zh"":""椭圆形"",""en"":""n a closed plane curve resulting from the intersection of a circular cone and a plane cutting completely through it""},{""pos"":""a."",""zh"":""卵形的, 椭圆形的"",""en"":""s rounded like an egg""}]","{""plural"":""ovals""}","[""cet4"",""cet6""]",6604,B2,HARD,ecdict
rigorous,rigorous,'rigәrәs,,"[""a.""]","[{""pos"":""a."",""zh"":""严厉的, 严酷的, 严格的, 苛刻的, 严密的, 精确的"",""en"":""s. rigidly accurate; allowing no deviation from a standard""}]",{},"[""cet6""]",6606,B2,HARD,ecdict
canoe,canoe,kә'nu:,,"[""n."",""vi."",""vt.""]","[{""pos"":""n."",""zh"":""独木舟, 轻舟"",""en"":""n. small and light boat; pointed at both ends; propelled with a paddle""},{""pos"":""vi."",""zh"":""乘独木舟"",""en"":""v. travel by canoe""},{""pos"":""vt."",""zh"":""用独木舟运"",""en"":""""}]","{""plural"":""canoes"",""presentParticiple"":""canoeing"",""past"":""canoed"",""pastParticiple"":""canoed"",""thirdPerson"":""canoes""}","[""cet4"",""cet6""]",6612,B2,HARD,ecdict
sturdy,sturdy,'stә:di,,"[""a.""]","[{""pos"":""a."",""zh"":""强健的, 健全的"",""en"":""s. substantially made or constructed""},{""pos"":"""",""zh"":""[医] 羊晕倒病, 羊蹒跚病"",""en"":""""}]","{""comparative"":""sturdier"",""superlative"":""sturdiest""}","[""cet6""]",6613,B2,HARD,ecdict
broaden,broaden,'brɒ:dn,,"[""vi."",""vt.""]","[{""pos"":""vi."",""zh"":""变宽, 扩大"",""en"":""v. make broader""},{""pos"":""vt."",""zh"":""放宽, 使扩大"",""en"":""v. become broader""}]","{""pastParticiple"":""broadened"",""presentParticiple"":""broadening"",""thirdPerson"":""broadens"",""past"":""broadened""}","[""cet6""]",6614,B2,HARD,ecdict
propel,propel,prәu'pel,,"[""vt.""]","[{""pos"":""vt."",""zh"":""推进, 驱使"",""en"":""v. cause to move forward with force""},{""pos"":"""",""zh"":""[机] 推进"",""en"":""""}]","{""pastParticiple"":""propelled"",""past"":""propelled"",""presentParticiple"":""propelling"",""thirdPerson"":""propels"",""plural"":""propels""}","[""cet6""]",6618,B2,HARD,ecdict
voyage,voyage,'vɒiidʒ,,"[""n."",""vi."",""vt.""]","[{""pos"":""n."",""zh"":""航行, 航海, 航程, 旅行, 航空"",""en"":""n. a journey to some distant place""},{""pos"":""vi."",""zh"":""航海, 航行"",""en"":""v. travel on water propelled by wind or by other means""},{""pos"":""vt."",""zh"":""航行越过, 飞过"",""en"":""""}]","{""plural"":""voyages"",""presentParticiple"":""voyaging"",""past"":""voyaged"",""thirdPerson"":""voyages"",""pastParticiple"":""voyaged""}","[""cet4"",""cet6""]",6619,B2,HARD,ecdict
distort,distort,dis'tɒ:t,,"[""vt.""]","[{""pos"":""vt."",""zh"":""扭曲, 歪曲"",""en"":""v make false by mutilation or addition; as of a message or story""},{""pos"":"""",""zh"":""[法] 歪区, 曲解, 纂改"",""en"":""v form into a spiral shape""}]","{""pastParticiple"":""distorted"",""thirdPerson"":""distorts"",""presentParticiple"":""distorting"",""past"":""distorted""}","[""cet6""]",6622,B2,HARD,ecdict
swift,swift,swift,,"[""n."",""a."",""adv.""]","[{""pos"":""n."",""zh"":""褐雨燕, 快速爬行的小蜥蜴, 蝙蝠蛾, 大滚筒"",""en"":""n. United States meat-packer who began the use of refrigerated railroad cars (1839-1903)""},{""pos"":""a."",""zh"":""迅速的, 快的, 敏捷的, 立刻的"",""en"":""n. an English satirist born in Ireland (1667-1745)""},{""pos"":""adv."",""zh"":""迅速地, 敏捷地"",""en"":""n. a small bird that resembles a swallow and is noted for its rapid flight""}]","{""plural"":""swifts"",""comparative"":""swifter"",""superlative"":""swiftest""}","[""cet4"",""cet6""]",6627,B2,HARD,ecdict
undo,undo,.ʌn'du:,,"[""vt."",""vi.""]","[{""pos"":""vt."",""zh"":""解开, 取消, 破坏, 毁灭, 扰乱"",""en"":""v. cancel, annul, or reverse an action or its effect""},{""pos"":""vi."",""zh"":""松开"",""en"":""v. cause the ruin or downfall of""},{""pos"":"""",""zh"":""[计] 撤消"",""en"":""""}]","{""pastParticiple"":""undone"",""past"":""undid"",""presentParticiple"":""undoing"",""thirdPerson"":""undoes""}","[""cet4"",""cet6""]",6632,B2,HARD,ecdict
stalk,stalk,stɒ:k,,"[""n."",""vi."",""vt.""]","[{""pos"":""n."",""zh"":""茎, 追踪, 高视阔步"",""en"":""n. a slender or elongated structure that supports a plant or fungus or a plant part or plant organ""},{""pos"":""vi."",""zh"":""悄悄靠近, 蹑手蹑脚地走近, 蔓延, 高视阔步"",""en"":""n. a hunt for game carried on by following it stealthily or waiting in ambush""},{""pos"":""vt."",""zh"":""追踪, 搜索"",""en"":""n. the act of following prey stealthily""}]","{""plural"":""stalks"",""past"":""stalked"",""presentParticiple"":""stalking"",""thirdPerson"":""stalks"",""pastParticiple"":""stalked""}","[""cet6""]",6634,B2,HARD,ecdict
intimidate,intimidate,in'timideit,,"[""vt.""]","[{""pos"":""vt."",""zh"":""威胁, 恐吓"",""en"":""v. make timid or fearful""},{""pos"":"""",""zh"":""[法] 恐吓, 威胁, 使恐惧"",""en"":""v. to compel or deter by or as if by threats""}]","{""pastParticiple"":""intimidated"",""past"":""intimidated"",""thirdPerson"":""intimidates"",""presentParticiple"":""intimidating""}","[""cet4"",""cet6""]",6635,B2,HARD,ecdict
goddess,goddess,'gɒdis,,"[""n.""]","[{""pos"":""n."",""zh"":""女神, 美女, 受崇拜的女性"",""en"":""n. a female deity""}]","{""plural"":""goddesses""}","[""cet6""]",6636,B2,HARD,ecdict
verge,verge,vә:dʒ,,"[""n."",""vi.""]","[{""pos"":""n."",""zh"":""边缘, 边界, 起始点"",""en"":""n. the limit beyond which something happens or changes""},{""pos"":""vi."",""zh"":""处在边缘, 接近, 下沉, 趋向"",""en"":""n. a grass border along a road""}]","{""presentParticiple"":""verging"",""plural"":""verges"",""past"":""verged"",""thirdPerson"":""verges"",""pastParticiple"":""verged""}","[""cet6""]",6637,B2,HARD,ecdict
plague,plague,pleig,,"[""n."",""vt.""]","[{""pos"":""n."",""zh"":""瘟疫, 天罚, 麻烦, 灾祸"",""en"":""n. a serious (sometimes fatal) infection of rodents caused by Yersinia pestis and accidentally transmitted to humans by the bite of a flea that has bitten an infected animal""},{""pos"":""vt."",""zh"":""折磨, 使苦恼, 使得灾祸"",""en"":""n. any epidemic disease with a high death rate""}]","{""pastParticiple"":""plagued"",""plural"":""plagues"",""past"":""plagued"",""presentParticiple"":""plaguing"",""thirdPerson"":""plagues""}","[""cet6""]",6638,B2,HARD,ecdict
batch,batch,bætʃ,,"[""n."",""v.""]","[{""pos"":""n."",""zh"":""一次所烘的面包, 一次所制之量, 一组, 批, 成批, 分批"",""en"":""n. all the loaves of bread baked at the same time""},{""pos"":""v."",""zh"":""成批, 分批处理"",""en"":""n. (often followed by `of') a large number or amount or extent""},{""pos"":"""",""zh"":""[计] 一批"",""en"":""n. a collection of things or persons to be handled together""}]","{""plural"":""batches"",""presentParticiple"":""batching"",""pastParticiple"":""batched"",""past"":""batched"",""thirdPerson"":""batches""}","[""cet6""]",6640,B2,HARD,ecdict
grandson,grandson,'grændsʌn,,"[""n.""]","[{""pos"":""n."",""zh"":""孙子, 外孙"",""en"":""n. a male grandchild""}]","{""plural"":""grandsons""}","[""cet4"",""cet6""]",6641,B2,HARD,ecdict
lace,lace,leis,,"[""n."",""vt."",""vi.""]","[{""pos"":""n."",""zh"":""饰带, 花边, 缎带, 鞋带"",""en"":""n. a cord that is drawn through eyelets or around hooks in order to draw together two edges (as of a shoe or garment)""},{""pos"":""vt."",""zh"":""结带子, 饰以花边"",""en"":""n. a delicate decorative fabric woven in an open web of symmetrical patterns""},{""pos"":""vi."",""zh"":""系带子"",""en"":""v. do lacework""},{""pos"":"""",""zh"":""[计] 全穿孔"",""en"":""v. draw through eyes or holes""}]","{""plural"":""laces"",""pastParticiple"":""laced"",""past"":""laced"",""presentParticiple"":""lacing"",""thirdPerson"":""laces""}","[""cet4"",""cet6""]",6642,B2,HARD,ecdict
expire,expire,ik'spaiә,,"[""vi."",""vt.""]","[{""pos"":""vi."",""zh"":""期满, 呼气, 断气"",""en"":""v lose validity""},{""pos"":""vt."",""zh"":""呼出"",""en"":""v pass from physical life and lose all bodily attributes and functions necessary to sustain life""}]","{""past"":""expired"",""thirdPerson"":""expires"",""pastParticiple"":""expired"",""presentParticiple"":""expiring""}","[""cet6""]",6647,B2,HARD,ecdict
catastrophe,catastrophe,kә'tæstrәfi,,"[""n.""]","[{""pos"":""n."",""zh"":""大灾难, 大祸"",""en"":""n. a state of extreme (usually irremediable) ruin and misfortune""},{""pos"":"""",""zh"":""[化] 突变"",""en"":""n. a sudden violent change in the earth's surface""}]","{""plural"":""catastrophes""}","[""cet6""]",6648,B2,HARD,ecdict
adjacent,adjacent,ә'dʒeisәnt,,"[""a.""]","[{""pos"":""a."",""zh"":""毗连的, 邻近的, 连接的"",""en"":""s. nearest in space or position; immediately adjoining without intervening space""},{""pos"":"""",""zh"":""[机] 相邻的, 邻位的, 交界的"",""en"":""s. having a common boundary or edge; abutting; touching; Massachusetts and Conncecticut\""""}]",{},"[""cet6""]",6649,B2,HARD,ecdict
withhold,withhold,wið'hәuld,,"[""vt."",""vi.""]","[{""pos"":""vt."",""zh"":""使停止, 扣留, 保留, 拒给"",""en"":""v. hold back; refuse to hand over or share""},{""pos"":""vi."",""zh"":""克制, 忍住"",""en"":""v. retain and refrain from disbursing; of payments""}]","{""pastParticiple"":""withheld"",""presentParticiple"":""withholding"",""past"":""withheld"",""thirdPerson"":""withholds""}","[""cet6""]",6650,B2,HARD,ecdict
ivory,ivory,'aivәri,,"[""n."",""a.""]","[{""pos"":""n."",""zh"":""象牙, 乳白色"",""en"":""n. a hard smooth ivory colored dentine that makes up most of the tusks of elephants and walruses""},{""pos"":""a."",""zh"":""象牙制的, 乳白色的"",""en"":""""}]","{""plural"":""ivories""}","[""cet6""]",6654,B2,HARD,ecdict
coincide,coincide,.kәuin'said,,"[""vi.""]","[{""pos"":""vi."",""zh"":""一致, 符合"",""en"":""v. go with, fall together""},{""pos"":"""",""zh"":""[化] 重合"",""en"":""v. be the same""}]","{""past"":""coincided"",""thirdPerson"":""coincides"",""presentParticiple"":""coinciding"",""pastParticiple"":""coincided""}","[""cet6""]",6656,B2,HARD,ecdict
diagnostic,diagnostic,daiәg'nɒstik,,"[""a."",""n.""]","[{""pos"":""a."",""zh"":""诊断的, 有助于诊断的, 特征的"",""en"":""a. concerned with diagnosis; used for furthering diagnosis""},{""pos"":""n."",""zh"":""诊断, 病的征候, 诊断法"",""en"":""s. characteristic or indicative of a disease""},{""pos"":"""",""zh"":""[计] 诊断的"",""en"":""""}]",{},"[""cet6""]",6657,B2,HARD,ecdict
decorative,decorative,'dekәreitiv,,"[""a.""]","[{""pos"":""a."",""zh"":""装饰性的"",""en"":""s serving an esthetic rather than a useful purpose""}]",{},"[""cet6""]",6658,B2,HARD,ecdict
transcend,transcend,træn'send,,"[""vt.""]","[{""pos"":""vt."",""zh"":""超越, 胜过"",""en"":""v be greater in scope or size than some standard""}]","{""thirdPerson"":""transcends"",""past"":""transcended"",""presentParticiple"":""transcending"",""pastParticiple"":""transcended""}","[""cet6""]",6661,B2,HARD,ecdict
rag,rag,ræg,,"[""n."",""vt."",""vi.""]","[{""pos"":""n."",""zh"":""碎布, 抹布, 碎片, 碎屑, 少量, 破旧衣服"",""en"":""n. a small piece of cloth or paper""},{""pos"":""vt."",""zh"":""责骂, 揶揄, 戏弄"",""en"":""n. a week at British universities during which side-shows and processions of floats are organized to raise money for charities""},{""pos"":""vi."",""zh"":""喧闹"",""en"":""n. a boisterous practical joke (especially by college students)""}]","{""plural"":""rags"",""pastParticiple"":""ragged"",""presentParticiple"":""ragging"",""past"":""ragged"",""thirdPerson"":""rags""}","[""cet4"",""cet6""]",6662,B2,HARD,ecdict
resistant,resistant,ri'zistәnt,,"[""n."",""a.""]","[{""pos"":""n."",""zh"":""抵抗者, 反抗者"",""en"":""s. impervious to being affected""},{""pos"":""a."",""zh"":""抵抗的, 反抗的, 耐...的"",""en"":""""}]",{},"[""cet4"",""cet6""]",6664,B2,HARD,ecdict
violin,violin,.vaiә'lin,,"[""n.""]","[{""pos"":""n."",""zh"":""小提琴"",""en"":""n. bowed stringed instrument that is the highest member of the violin family; this instrument has four strings and a hollow body and an unfretted fingerboard and is played with a bow""}]","{""plural"":""violins""}","[""cet4"",""cet6""]",6665,B2,HARD,ecdict
promptly,promptly,'prɒmptli,,"[""adv.""]","[{""pos"":""adv."",""zh"":""敏捷地, 迅速地"",""en"":""r. with little or no delay""}]",{},"[""cet6""]",6666,B2,HARD,ecdict
escort,escort,'eskɒ:t,,"[""n."",""vt.""]","[{""pos"":""n."",""zh"":""护送者, 护卫者, 护航舰"",""en"":""n. the act of accompanying someone or something in order to protect them""},{""pos"":""vt."",""zh"":""护卫, 护送"",""en"":""n. an attendant who is employed to accompany someone""}]","{""pastParticiple"":""escorted"",""past"":""escorted"",""presentParticiple"":""escorting"",""plural"":""escorts"",""thirdPerson"":""escorts""}","[""cet6""]",6668,B2,HARD,ecdict
stall,stall,stɒ:l,,"[""n."",""vt."",""vi.""]","[{""pos"":""n."",""zh"":""厩, 停车处, 牧师职位, 货摊, 托辞, 拖延"",""en"":""n. a compartment in a stable where a single animal is confined and fed""},{""pos"":""vt."",""zh"":""关入厩, 停顿, 推托, 支吾, 使陷于泥中"",""en"":""n. a booth where articles are displayed for sale""},{""pos"":""vi."",""zh"":""被关在厩内, 陷于泥中, 停止, 支吾"",""en"":""n. a malfunction in the flight of an aircraft in which there is a sudden loss of lift that results in a downward plunge""}]","{""plural"":""stalls"",""pastParticiple"":""stalled"",""presentParticiple"":""stalling"",""past"":""stalled"",""thirdPerson"":""stalls""}","[""cet6""]",6674,B2,HARD,ecdict
liar,liar,'laiә,,"[""n.""]","[{""pos"":""n."",""zh"":""说谎者"",""en"":""n. a person who has lied or who lies repeatedly""}]","{""plural"":""liars""}","[""cet4"",""cet6""]",6677,B2,HARD,ecdict
elicit,elicit,i'lisit,,"[""vt.""]","[{""pos"":""vt."",""zh"":""引出, 推导出, 引起"",""en"":""v. derive by reason""}]","{""pastParticiple"":""elicited"",""presentParticiple"":""eliciting"",""past"":""elicited"",""thirdPerson"":""elicits""}","[""cet6""]",6680,B2,HARD,ecdict
hull,hull,hʌl,,"[""n."",""vt.""]","[{""pos"":""n."",""zh"":""壳, 皮, 船体"",""en"":""n. dry outer covering of a fruit or seed or nut""},{""pos"":""vt."",""zh"":""去壳"",""en"":""n. persistent enlarged calyx at base of e.g. a strawberry or raspberry""}]","{""plural"":""hulls"",""past"":""hulled"",""presentParticiple"":""hulling"",""thirdPerson"":""hulls"",""pastParticiple"":""hulled""}","[""cet6""]",6683,B2,HARD,ecdict
oblige,oblige,ә'blaidʒ,,"[""vt."",""vi.""]","[{""pos"":""vt."",""zh"":""强制, 施恩惠于, 使感激"",""en"":""v. bind by an obligation; cause to be indebted""},{""pos"":""vi."",""zh"":""施恩惠, 帮忙"",""en"":""v. provide a service or favor for someone""}]","{""pastParticiple"":""obliged"",""past"":""obliged"",""thirdPerson"":""obliges"",""presentParticiple"":""obliging""}","[""cet4"",""cet6""]",6685,B2,HARD,ecdict
vest,vest,vest,,"[""n."",""vt."",""vi.""]","[{""pos"":""n."",""zh"":""背心, 汗背心"",""en"":""n. a man's sleeveless garment worn underneath a coat""},{""pos"":""vt."",""zh"":""使穿衣服, 授予"",""en"":""v. place (authority, property, or rights) in the control of a person or group of persons""},{""pos"":""vi."",""zh"":""穿衣服, 归属"",""en"":""v. become legally vested""}]","{""pastParticiple"":""vested"",""plural"":""vests"",""presentParticiple"":""vesting"",""past"":""vested"",""thirdPerson"":""vests""}","[""cet4"",""cet6""]",6686,B2,HARD,ecdict
inquire,inquire,in'kwaiә,,"[""v.""]","[{""pos"":""v."",""zh"":""询问, 问明, 查究"",""en"":""v inquire about""}]","{""past"":""inquired"",""presentParticiple"":""inquiring"",""pastParticiple"":""inquired"",""thirdPerson"":""inquires""}","[""cet4"",""cet6""]",6687,B2,HARD,ecdict
signify,signify,'signifai,,"[""vt."",""vi.""]","[{""pos"":""vt."",""zh"":""象征, 预示"",""en"":""v. convey or express a meaning""},{""pos"":""vi."",""zh"":""要紧, 重要"",""en"":""v. make known with a word or signal""}]","{""thirdPerson"":""signifies"",""past"":""signified"",""presentParticiple"":""signifying"",""pastParticiple"":""signified""}","[""cet6""]",6690,B2,HARD,ecdict
prestige,prestige,pre'sti:ʒ,,"[""n.""]","[{""pos"":""n."",""zh"":""声望, 威望, 威信"",""en"":""n. a high standing achieved through success or influence or wealth etc.""},{""pos"":"""",""zh"":""[经] 商誉, 声誉"",""en"":""""}]",{},"[""cet6""]",6691,B2,HARD,ecdict
elevation,elevation,.eli'veiʃәn,,"[""n.""]","[{""pos"":""n."",""zh"":""海拔, 提高, 仰角"",""en"":""n. the event of something being raised upward""},{""pos"":"""",""zh"":""[计] 仰角"",""en"":""n. angular distance above the horizon (especially of a celestial object)""}]","{""plural"":""elevations""}","[""cet6""]",6693,B2,HARD,ecdict
linguistic,linguistic,liŋ'^wistik,,"[""a.""]","[{""pos"":""a."",""zh"":""语言的, 语言学的"",""en"":""a. consisting of or related to language""},{""pos"":"""",""zh"":""[计] 语言的, 语言学的"",""en"":""a. of or relating to the scientific study of language""}]",{},"[""cet6""]",6695,B2,HARD,ecdict
splash,splash,splæʃ,,"[""n."",""vi."",""vt.""]","[{""pos"":""n."",""zh"":""飞溅, 污点, 一点儿, 溅泼声, 色斑"",""en"":""n. the sound like water splashing""},{""pos"":""vi."",""zh"":""溅湿, 溅开, 飞溅"",""en"":""n. a patch of bright color""},{""pos"":""vt."",""zh"":""溅, 泼, 使溅起水, 洒, 使成斑驳状"",""en"":""n. the act of scattering water about haphazardly""}]","{""presentParticiple"":""splashing"",""past"":""splashed"",""pastParticiple"":""splashed"",""plural"":""splashes"",""thirdPerson"":""splashes""}","[""cet4"",""cet6""]",6696,B2,HARD,ecdict
stain,stain,stein,,"[""n."",""vt."",""vi.""]","[{""pos"":""n."",""zh"":""污染, 污点, 着色剂"",""en"":""n. a soiled or discolored appearance""},{""pos"":""vt."",""zh"":""沾染, 染污, 着色"",""en"":""n. (microscopy) a dye or other coloring material that is used in microscopy to make structures visible""},{""pos"":""vi."",""zh"":""变脏"",""en"":""v. color with a liquid dye or tint""}]","{""pastParticiple"":""stained"",""presentParticiple"":""staining"",""plural"":""stains"",""past"":""stained"",""thirdPerson"":""stains""}","[""cet4"",""cet6""]",6708,B2,HARD,ecdict
foil,foil,fɒil,,"[""n."",""vt.""]","[{""pos"":""n."",""zh"":""箔, 烘托, 衬托"",""en"":""n. a piece of thin and flexible sheet metal""},{""pos"":""vt."",""zh"":""贴箔于, 衬托, 阻止, 挡开, 挫败"",""en"":""n. anything that serves by contrast to call attention to another thing's good qualities""}]","{""pastParticiple"":""foiled"",""past"":""foiled"",""plural"":""foils"",""thirdPerson"":""foils"",""presentParticiple"":""foiling""}","[""cet6""]",6713,B2,HARD,ecdict
geographical,geographical,dʒiә'græfikl,,"[""a.""]","[{""pos"":""a."",""zh"":""地理学的, 地理的"",""en"":""a of or relating to the science of geography""}]",{},"[""cet6""]",6716,B2,HARD,ecdict
rude,rude,ru:d,,"[""a.""]","[{""pos"":""a."",""zh"":""粗鲁无礼的, 粗陋的, 粗暴的, 原始的, 未开化的, 大略的, 崎岖不平的, 狂暴的"",""en"":""s socially incorrect in behavior""}]","{""comparative"":""ruder"",""superlative"":""rudest""}","[""cet4"",""cet6""]",6718,B2,HARD,ecdict
bearing,bearing,'bєәriŋ,,"[""n.""]","[{""pos"":""n."",""zh"":""举止, 轴承, 忍受, 关系, 意义, 方向, 生育"",""en"":""n. relevant relation or interconnection""},{""pos"":"""",""zh"":""[化] 轴承"",""en"":""n. the direction or path along which something moves or along which it lies""}]","{""lemmaOf"":""bear"",""lemma"":""i"",""plural"":""bearings"",""presentParticiple"":""bearing""}","[""cet6""]",6720,B2,HARD,ecdict
clap,clap,klæp,,"[""n."",""v.""]","[{""pos"":""n."",""zh"":""拍手, 拍手声, 霹雳声, 花柳病"",""en"":""v. put quickly or forcibly""},{""pos"":""v."",""zh"":""鼓掌, (使)啪地关上"",""en"":""v. cause to strike the air in flight""}]","{""past"":""clapped"",""presentParticiple"":""clapping"",""pastParticiple"":""clapped"",""thirdPerson"":""claps"",""plural"":""claps""}","[""cet4"",""cet6""]",6723,B2,HARD,ecdict
landlord,landlord,'lændlɒ:d,,"[""n.""]","[{""pos"":""n."",""zh"":""房东, 地主"",""en"":""n. a landowner who leases to others""},{""pos"":"""",""zh"":""[经] 业主, 地主, 房东"",""en"":""""}]","{""plural"":""landlords""}","[""cet4"",""cet6""]",6724,B2,HARD,ecdict
deepen,deepen,'dipәn,,"[""vi."",""vt.""]","[{""pos"":""vi."",""zh"":""深化"",""en"":""v. make deeper""},{""pos"":""vt."",""zh"":""使加深, 使强烈"",""en"":""v. become deeper in tone""}]","{""past"":""deepened"",""pastParticiple"":""deepened"",""thirdPerson"":""deepens"",""presentParticiple"":""deepening""}","[""cet4"",""cet6""]",6730,B2,HARD,ecdict
amusement,amusement,ә'mju:zmәnt,,"[""n.""]","[{""pos"":""n."",""zh"":""兴味, 娱乐, 消遣"",""en"":""n. a feeling of delight at being entertained""},{""pos"":"""",""zh"":""[法] 娱乐, 娱乐活动"",""en"":""""}]","{""plural"":""amusements""}","[""cet6""]",6732,B2,HARD,ecdict
curb,curb,kә:b,,"[""n."",""vt.""]","[{""pos"":""n."",""zh"":""抑制, 勒马绳, 边石"",""en"":""n. an edge between a sidewalk and a roadway consisting of a line of curbstones (usually forming part of a gutter)""},{""pos"":""vt."",""zh"":""抑制, 束缚, 勒住"",""en"":""n. a horse's bit with an attached chain or strap to check the horse""}]","{""presentParticiple"":""curbing"",""thirdPerson"":""curbs"",""pastParticiple"":""curbed"",""plural"":""curbs"",""past"":""curbed""}","[""cet6""]",6733,B2,HARD,ecdict
implicit,implicit,im'plisit,,"[""a.""]","[{""pos"":""a."",""zh"":""暗示的, 含蓄的, 固有的, 绝对的"",""en"":""a. implied though not directly expressed; inherent in the nature of something""},{""pos"":"""",""zh"":""[经] 不讲明的, 含蓄的"",""en"":""s. being without doubt or reserve""}]",{},"[""cet6""]",6734,B2,HARD,ecdict
conquer,conquer,'kɒŋkә,,"[""vt."",""vi.""]","[{""pos"":""vt."",""zh"":""克服, 征服, 战胜"",""en"":""v. overcome by conquest""},{""pos"":""vi."",""zh"":""得胜"",""en"":""""}]","{""pastParticiple"":""conquered"",""past"":""conquered"",""presentParticiple"":""conquering"",""thirdPerson"":""conquers""}","[""cet4"",""cet6""]",6737,B2,HARD,ecdict
dictator,dictator,'dikteitә,,"[""n.""]","[{""pos"":""n."",""zh"":""命令者, 独裁者"",""en"":""n. a speaker who dictates to a secretary or a recording machine""}]","{""plural"":""dictators""}","[""cet6""]",6740,B2,HARD,ecdict
composite,composite,kәm'pɒzit,,"[""a."",""n.""]","[{""pos"":""a."",""zh"":""合成的, 混合成的, 菊科的"",""en"":""n. considered the most highly evolved dicotyledonous plants, characterized by florets arranged in dense heads that resemble single flowers""},{""pos"":""n."",""zh"":""合成物, 复合材料, 菊科"",""en"":""s. consisting of separate interconnected parts""}]","{""plural"":""composites""}","[""cet6""]",6741,B2,HARD,ecdict
unlimited,unlimited,.ʌn'limitid,,"[""a.""]","[{""pos"":""a."",""zh"":""无限的, 不受限制的, 无条件的"",""en"":""a. having no limits in range or scope""},{""pos"":"""",""zh"":""[经] 无限的, 不定的"",""en"":""""}]",{},"[""cet6""]",6742,B2,HARD,ecdict
fetch,fetch,fetʃ,,"[""n."",""vt."",""vi.""]","[{""pos"":""n."",""zh"":""取得, 拿, 诡计, 魂"",""en"":""n. the action of fetching""},{""pos"":""vt."",""zh"":""接来, 取来, 售得, 带来, 推出, 引出, 杀死, 吸引, 到达"",""en"":""v. be sold for a certain price""},{""pos"":""vi."",""zh"":""取物, 前进"",""en"":""v. take away or remove""},{""pos"":"""",""zh"":""[计] 取"",""en"":""""}]","{""past"":""fetched"",""pastParticiple"":""fetched"",""presentParticiple"":""fetching"",""thirdPerson"":""fetches""}","[""cet4"",""cet6""]",6744,B2,HARD,ecdict
forthcoming,forthcoming,'fɒ:θ'kʌmɑŋ,,"[""a."",""n.""]","[{""pos"":""a."",""zh"":""即将来临的"",""en"":""s. available when required or as promised""},{""pos"":""n."",""zh"":""来临"",""en"":""""}]",{},"[""cet6""]",6748,B2,HARD,ecdict
circular,circular,'sә:kjulә,,"[""a.""]","[{""pos"":""a."",""zh"":""圆形的, 循环的, 间接的"",""en"":""n. an advertisement (usually printed on a page or in a leaflet) intended for wide distribution""},{""pos"":"""",""zh"":""[医] 环状的, 循环的"",""en"":""s. describing a circle; moving in a circle""}]","{""plural"":""circulars""}","[""cet4"",""cet6""]",6749,B2,HARD,ecdict
siren,siren,'saiәrin,,"[""n."",""a."",""vi.""]","[{""pos"":""n."",""zh"":""女海妖, 妖女, 警报器, 汽笛, 迷人的美女"",""en"":""n. a sea nymph (part woman and part bird) supposed to lure sailors to destruction on the rocks where the nymphs lived""},{""pos"":""a."",""zh"":""诱惑的"",""en"":""n. a warning signal that is a loud wailing sound""},{""pos"":""vi."",""zh"":""响着警报器前进"",""en"":""n. an acoustic device producing a loud often wailing sound as a signal or warning""}]","{""plural"":""sirens""}","[""cet6""]",6750,B2,HARD,ecdict
vacant,vacant,'veikәnt,,"[""a.""]","[{""pos"":""a."",""zh"":""空的, 空白的, 空虚的, 空闲的, 茫然的, 空缺的"",""en"":""s. void of thought or knowledge""},{""pos"":"""",""zh"":""[法] 空的, 空虚的, 闲暇的"",""en"":""s. without an occupant or incumbent""}]",{},"[""cet4"",""cet6""]",6751,B2,HARD,ecdict
width,width,widθ,,"[""n.""]","[{""pos"":""n."",""zh"":""宽度, 宽广, 广博"",""en"":""n. the extent of something from side to side""},{""pos"":"""",""zh"":""[医] 宽度"",""en"":""""}]","{""plural"":""widths""}","[""cet4"",""cet6""]",6752,B2,HARD,ecdict
greed,greed,gri:d,,"[""n.""]","[{""pos"":""n."",""zh"":""贪欲, 贪婪"",""en"":""n. excessive desire to acquire or possess more (especially more material wealth) than one needs or deserves""}]","{""plural"":""greeds""}","[""cet6""]",6753,B2,HARD,ecdict
hillside,hillside,'hilsaid,,"[""n.""]","[{""pos"":""n."",""zh"":""山坡, 山腹"",""en"":""n. the side or slope of a hill""}]","{""plural"":""hillsides""}","[""cet4"",""cet6""]",6756,B2,HARD,ecdict
complement,complement,'kɒmplimәnt,,"[""n."",""vt.""]","[{""pos"":""n."",""zh"":""补足物, 补语, 补数"",""en"":""n. a word or phrase used to complete a grammatical construction""},{""pos"":""vt."",""zh"":""补充, 补足"",""en"":""n. a complete number or quantity""},{""pos"":"""",""zh"":""[计] 补码; 反相器; 补数"",""en"":""n. number needed to make up a whole force""}]","{""pastParticiple"":""complemented"",""thirdPerson"":""complements"",""presentParticiple"":""complementing"",""past"":""complemented"",""plural"":""complements""}","[""cet6""]",6760,B2,HARD,ecdict
weary,weary,'wiәri,,"[""a."",""vt."",""vi.""]","[{""pos"":""a."",""zh"":""疲倦的, 萎靡的, 厌倦的, 厌烦的"",""en"":""v exhaust or get tired through overuse or great strain or stress""},{""pos"":""vt."",""zh"":""使疲倦, 使厌烦"",""en"":""v lose interest or become bored with something or somebody""},{""pos"":""vi."",""zh"":""疲乏, 生厌, 不耐烦"",""en"":""s physically and mentally fatigued""}]","{""pastParticiple"":""wearied"",""presentParticiple"":""wearying"",""past"":""wearied"",""comparative"":""wearier"",""plural"":""wearies"",""superlative"":""weariest"",""thirdPerson"":""wearies""}","[""cet4"",""cet6""]",6761,B2,HARD,ecdict
allocate,allocate,'ælәukeit,,"[""vt.""]","[{""pos"":""vt."",""zh"":""分派, 分配"",""en"":""v. distribute according to a plan or set apart for a special purpose""},{""pos"":"""",""zh"":""[计] 分配"",""en"":""""}]","{""pastParticiple"":""allocated"",""presentParticiple"":""allocating"",""thirdPerson"":""allocates"",""past"":""allocated""}","[""cet6""]",6763,B2,HARD,ecdict
probable,probable,'prɒbәbl,,"[""a."",""n.""]","[{""pos"":""a."",""zh"":""很可能的, 大概的, 可信的"",""en"":""n. an applicant likely to be chosen""},{""pos"":""n."",""zh"":""很有希望的候选人, 很可能的事情"",""en"":""a. likely but not certain to be or become true or real""}]","{""plural"":""probables""}","[""cet4"",""cet6""]",6767,B2,HARD,ecdict
mourn,mourn,mɒ:n,,"[""v.""]","[{""pos"":""v."",""zh"":""哀悼, 忧伤, 服丧"",""en"":""v. feel sadness""}]","{""presentParticiple"":""mourning"",""past"":""mourned"",""pastParticiple"":""mourned"",""thirdPerson"":""mourns""}","[""cet4"",""cet6""]",6768,B2,HARD,ecdict
millionaire,millionaire,.miljә'nєә,,"[""n.""]","[{""pos"":""n."",""zh"":""百万富翁, 大富豪"",""en"":""n. a person whose material wealth is valued at more than a million dollars""},{""pos"":"""",""zh"":""[经] 大资本家, 巨富, 百万富翁"",""en"":""""}]","{""plural"":""millionaires""}","[""cet6""]",6769,B2,HARD,ecdict
scarce,scarce,skɑ:s,,"[""a.""]","[{""pos"":""a."",""zh"":""难得的, 稀罕的, 缺乏的"",""en"":""a. deficient in quantity or number compared with the demand""}]","{""comparative"":""scarcer"",""superlative"":""scarcest""}","[""cet4"",""cet6""]",6771,B2,HARD,ecdict
siege,siege,si:dʒ,,"[""n."",""vt.""]","[{""pos"":""n."",""zh"":""包围, 围攻, 再三的努力"",""en"":""n. the action of an armed force that surrounds a fortified place and isolates it while continuing to attack""},{""pos"":""vt."",""zh"":""包围, 围攻"",""en"":""""}]","{""plural"":""sieges""}","[""cet6""]",6774,B2,HARD,ecdict
paradox,paradox,'pærәdɒks,,"[""n.""]","[{""pos"":""n."",""zh"":""似非而是的论点, 自相矛盾的话, 悖论, 怪人怪事"",""en"":""n. (logic) a statement that contradicts itself""},{""pos"":"""",""zh"":""[化] 佯谬"",""en"":""""}]","{""plural"":""paradoxes""}","[""cet6""]",6775,B2,HARD,ecdict
prevailing,prevailing,pri'veiliŋ,,"[""a.""]","[{""pos"":""a."",""zh"":""盛行很广的, 优势的, 主要的, 普遍的"",""en"":""s. most frequent or common""},{""pos"":"""",""zh"":""[法] 占优势的, 盛行的, 通行的"",""en"":""""}]","{""lemmaOf"":""prevail"",""lemma"":""i"",""presentParticiple"":""prevailing""}","[""cet6""]",6777,B2,HARD,ecdict
definite,definite,'definit,,"[""a.""]","[{""pos"":""a."",""zh"":""明确的, 一定的"",""en"":""a. precise; explicit and clearly defined""},{""pos"":"""",""zh"":""[法] 明确的, 确切的, 一定的"",""en"":""s. known for certain""}]","{""plural"":""definites""}","[""cet4"",""cet6""]",6780,B2,HARD,ecdict
preside,preside,pri'zaid,,"[""vi.""]","[{""pos"":""vi."",""zh"":""统辖, 当主人, 主持"",""en"":""v. act as president""},{""pos"":"""",""zh"":""[法] 主持, 负责, 指挥"",""en"":""""}]","{""past"":""presided"",""presentParticiple"":""presiding"",""pastParticiple"":""presided"",""thirdPerson"":""presides""}","[""cet6""]",6781,B2,HARD,ecdict
trademark,trademark,'treidmɑ:k,,"[""n.""]","[{""pos"":""n."",""zh"":""商标"",""en"":""n. a formally registered symbol identifying the manufacturer or distributor of a product""},{""pos"":"""",""zh"":""[法] 商标"",""en"":""v. register the trademark of""}]","{""plural"":""trademarks"",""presentParticiple"":""trademarking""}","[""cet6""]",6787,B2,HARD,ecdict
nowadays,nowadays,'nauәdeiz,,"[""n."",""adv.""]","[{""pos"":""n."",""zh"":""现在, 现时, 当今"",""en"":""r. in these times""},{""pos"":""adv."",""zh"":""时下, 现今"",""en"":""""}]",{},"[""cet4"",""cet6""]",6788,B2,HARD,ecdict
displace,displace,dis'pleis,,"[""vt.""]","[{""pos"":""vt."",""zh"":""移置, 替换, 转移"",""en"":""v. cause to move, usually with force or pressure""}]","{""pastParticiple"":""displaced"",""presentParticiple"":""displacing"",""past"":""displaced"",""thirdPerson"":""displaces"",""plural"":""displaces""}","[""cet6""]",6789,B2,HARD,ecdict
catalogue,catalogue,'kætәlɒg,,"[""n."",""vt.""]","[{""pos"":""n."",""zh"":""目录, 大学情况一览"",""en"":""v. make an itemized list or catalog of; classify""},{""pos"":""vt."",""zh"":""编入目录"",""en"":""v. make a catalogue, compile a catalogue""}]","{""plural"":""catalogues"",""pastParticiple"":""catalogued"",""presentParticiple"":""cataloguing"",""past"":""catalogued"",""thirdPerson"":""catalogues""}","[""cet6""]",6793,B2,HARD,ecdict
marsh,marsh,mɑ:ʃ,,"[""n."",""a.""]","[{""pos"":""n."",""zh"":""沼泽, 湿地"",""en"":""n. low-lying wet land with grassy vegetation; usually is a transition zone between land and water""},{""pos"":""a."",""zh"":""沼泽的"",""en"":""n. United States painter (1898-1954)""}]","{""plural"":""marshes""}","[""cet6""]",6794,B2,HARD,ecdict
polar,polar,'pәulә,,"[""a."",""n.""]","[{""pos"":""a."",""zh"":""两极的, 极地的, 正好相反的, 极性的"",""en"":""s. having a pair of equal and opposite charges""},{""pos"":""n."",""zh"":""极线, 极面"",""en"":""a. located at or near or coming from the earth's poles""}]","{""plural"":""polars""}","[""cet6""]",6795,B2,HARD,ecdict
gradual,gradual,'grædʒuәl,,"[""a."",""n.""]","[{""pos"":""a."",""zh"":""逐渐的, 渐增的"",""en"":""n. (Roman Catholic Church) an antiphon (usually from the Book of Psalms) immediately after the epistle at Mass""},{""pos"":""n."",""zh"":""弥撒升阶圣歌"",""en"":""a. proceeding in small stages""}]",{},"[""cet4"",""cet6""]",6796,B2,HARD,ecdict
solitary,solitary,'sɒlitәri,,"[""n."",""a.""]","[{""pos"":""n."",""zh"":""独居者"",""en"":""n confinement of a prisoner in isolation from other prisoners""},{""pos"":""a."",""zh"":""孤独的, 独居的"",""en"":""n one who lives in solitude""}]","{""plural"":""solitaries""}","[""cet6""]",6798,B2,HARD,ecdict
puppy,puppy,'pʌpi,,"[""n.""]","[{""pos"":""n."",""zh"":""小狗, 小动物, 自负的年轻人"",""en"":""n. a young dog""}]","{""plural"":""puppies""}","[""cet6""]",6801,B2,HARD,ecdict
remainder,remainder,ri'meindә,,"[""n."",""v."",""a.""]","[{""pos"":""n."",""zh"":""剩余物, 其他人, 残余, 余数"",""en"":""n. something left after other parts have been taken away""},{""pos"":""v."",""zh"":""削价出售(图书)"",""en"":""n. the part of the dividend that is left over when the dividend is not evenly divisible by the divisor""},{""pos"":""a."",""zh"":""剩余的, 出售削价剩书的"",""en"":""n. the number that remains after subtraction; the number that when added to the subtrahend gives the minuend""},{""pos"":"""",""zh"":""[计] 余数"",""en"":""v. sell cheaply as remainders""}]","{""plural"":""remainders"",""pastParticiple"":""remaindered"",""presentParticiple"":""remaindering"",""past"":""remaindered"",""thirdPerson"":""remainders""}","[""cet6""]",6805,B2,HARD,ecdict
prohibition,prohibition,.prәuhi'biʃәn,,"[""n.""]","[{""pos"":""n."",""zh"":""禁令, 禁止"",""en"":""n. a law forbidding the sale of alcoholic beverages""}]","{""plural"":""prohibitions""}","[""cet6""]",6807,B2,HARD,ecdict
dislike,dislike,dis'laik,,"[""n."",""vt.""]","[{""pos"":""n."",""zh"":""嫌恶"",""en"":""n. a feeling of aversion or antipathy""},{""pos"":""vt."",""zh"":""讨厌, 不喜欢"",""en"":""v. have or feel a dislike or distaste for""}]","{""past"":""disliked"",""pastParticiple"":""disliked"",""thirdPerson"":""dislikes"",""presentParticiple"":""disliking"",""plural"":""dislikes""}","[""cet4"",""cet6""]",6813,B2,HARD,ecdict
badge,badge,bædʒ,,"[""n.""]","[{""pos"":""n."",""zh"":""徽章, 标记"",""en"":""n. an emblem (a small piece of plastic or cloth or metal) that signifies your status (rank or membership or affiliation etc.)""},{""pos"":"""",""zh"":""[计] 标记"",""en"":""n. any feature that is regarded as a sign of status (a particular power or quality or rank)""}]","{""plural"":""badges"",""presentParticiple"":""badging"",""past"":""badged"",""pastParticiple"":""badged""}","[""cet6""]",6814,B2,HARD,ecdict
void,void,vɒid,,"[""n."",""a.""]","[{""pos"":""n."",""zh"":""空虚, 空间, 空白, 空隙, 空虚感"",""en"":""n. an empty area or space""},{""pos"":""a."",""zh"":""空的, 无效的, 无人的, 没有的, 无用的"",""en"":""v. clear (a room, house, place) of occupants or empty or clear (a place or receptacle) of something""},{""pos"":"""",""zh"":""[计] 脱墨; 空白点"",""en"":""s. containing nothing""}]","{""plural"":""voids"",""pastParticiple"":""voided"",""past"":""voided"",""presentParticiple"":""voiding"",""thirdPerson"":""voids"",""comparative"":""voider""}","[""cet6""]",6815,B2,HARD,ecdict
paradise,paradise,'pærәdais,,"[""n.""]","[{""pos"":""n."",""zh"":""天堂, 乐园, 伊甸园"",""en"":""n. (Christianity) the abode of righteous souls after death""}]","{""plural"":""paradises""}","[""cet4"",""cet6""]",6816,B2,HARD,ecdict
granite,granite,'grænit,,"[""n.""]","[{""pos"":""n."",""zh"":""花岗岩"",""en"":""n. plutonic igneous rock having visibly crystalline texture; generally composed of feldspar and mica and quartz""},{""pos"":"""",""zh"":""[化] 花岗岩"",""en"":""n. something having the quality of granite (unyielding firmness)""}]","{""plural"":""granites""}","[""cet6""]",6819,B2,HARD,ecdict
hum,hum,hʌm,,"[""n."",""vi."",""vt.""]","[{""pos"":""n."",""zh"":""嗡嗡声, 哼声, 杂声"",""en"":""n. a humming noise""},{""pos"":""vi."",""zh"":""发低哼声"",""en"":""v. sing with closed lips""},{""pos"":""vt."",""zh"":""哼, 用哼声表示"",""en"":""v. be noisy with activity""},{""pos"":"""",""zh"":""interj. 哼, 嗯"",""en"":""v. sound with a monotonous hum""}]","{""presentParticiple"":""humming"",""past"":""hummed"",""thirdPerson"":""hums"",""plural"":""hums"",""pastParticiple"":""hummed""}","[""cet6""]",6823,B2,HARD,ecdict
synthetic,synthetic,sin'θetik,,"[""n."",""a.""]","[{""pos"":""n."",""zh"":""合成物质"",""en"":""n. a compound made artificially by chemical reactions""},{""pos"":""a."",""zh"":""综合(性)的, 人造的, 合成的"",""en"":""a. involving or of the nature of synthesis (combining separate elements to form a coherent whole) as opposed to analysis""}]","{""plural"":""synthetics""}","[""cet4"",""cet6""]",6824,B2,HARD,ecdict
restrain,restrain,ri'strein,,"[""vt.""]","[{""pos"":""vt."",""zh"":""抑制, 阻止, 束缚"",""en"":""v. keep under control; keep in check""},{""pos"":"""",""zh"":""[法] 抑制, 遏制, 制止"",""en"":""v. to close within bounds, limit or hold back from movement""}]","{""pastParticiple"":""restrained"",""presentParticiple"":""restraining"",""past"":""restrained"",""thirdPerson"":""restrains""}","[""cet4"",""cet6""]",6825,B2,HARD,ecdict
qualification,qualification,.kwɒlifi'keiʃәn,,"[""n.""]","[{""pos"":""n."",""zh"":""资格, 条件, 限制"",""en"":""n. an attribute that must be met or complied with and that fits a person for something""},{""pos"":"""",""zh"":""[计] 限定"",""en"":""n. the act of modifying or changing the strength of some idea""}]","{""plural"":""qualifications""}","[""cet6""]",6828,B2,HARD,ecdict
wholly,wholly,'hәuli,,"[""adv.""]","[{""pos"":""adv."",""zh"":""完全地, 整个, 统统, 全部"",""en"":""r. to a complete degree or to the full or entire extent (`whole' is often used informally for `wholly')""},{""pos"":"""",""zh"":""[法] 完全地, 统统地"",""en"":""""}]",{},"[""cet4"",""cet6""]",6835,B2,HARD,ecdict
pierce,pierce,piәs,,"[""vt."",""vi.""]","[{""pos"":""vt."",""zh"":""刺穿, 穿透, 打眼于, 洞悉, (声音)响彻, (亮光)照进, 深深地打动"",""en"":""n. 14th President of the United States (1804-1869)""},{""pos"":""vi."",""zh"":""刺入, 穿入, 透入, 进入"",""en"":""v. cut or make a way through""}]","{""pastParticiple"":""pierced"",""past"":""pierced"",""presentParticiple"":""piercing"",""thirdPerson"":""pierces"",""plural"":""pierces""}","[""cet4"",""cet6""]",6839,B2,HARD,ecdict
indulge,indulge,in'dʌldʒ,,"[""vt."",""vi.""]","[{""pos"":""vt."",""zh"":""纵情于, 使高兴, 放任, 迁就"",""en"":""v. give free rein to""},{""pos"":""vi."",""zh"":""沉溺"",""en"":""v. enjoy to excess""}]","{""presentParticiple"":""indulging"",""pastParticiple"":""indulged"",""past"":""indulged"",""thirdPerson"":""indulges""}","[""cet6""]",6841,B2,HARD,ecdict
pest,pest,pest,,"[""n.""]","[{""pos"":""n."",""zh"":""令人讨厌之物, 有害之物, 害虫, 瘟疫"",""en"":""n. a persistently annoying person""},{""pos"":"""",""zh"":""[医] 鼠疫, 瘟疫"",""en"":""n. any unwanted and destructive insect or other animal that attacks food or crops or livestock etc.""}]","{""plural"":""pests""}","[""cet6""]",6842,B2,HARD,ecdict
lodge,lodge,lɒdʒ,,"[""n."",""vi."",""vt.""]","[{""pos"":""n."",""zh"":""小屋, 门房, 支部, 旅舍, 分会"",""en"":""n. English physicist who studied electromagnetic radiation and was a pioneer of radiotelegraphy (1851-1940)""},{""pos"":""vi."",""zh"":""临时住宿, 倒伏, 寄宿, 投宿"",""en"":""n. small house at the entrance to the grounds of a country mansion; usually occupied by a gatekeeper or gardener""},{""pos"":""vt."",""zh"":""安顿, 容纳, 提出, 把...射入, 存放"",""en"":""n. a small (rustic) house used as a temporary shelter""}]","{""pastParticiple"":""lodged"",""presentParticiple"":""lodging"",""past"":""lodged"",""plural"":""lodges"",""thirdPerson"":""lodges""}","[""cet4"",""cet6""]",6843,B2,HARD,ecdict
interim,interim,'intәrim,,"[""a."",""n.""]","[{""pos"":""a."",""zh"":""暂时的, 临时的, 间歇的"",""en"":""n. the time between one event, process, or period and another""},{""pos"":""n."",""zh"":""过渡时期"",""en"":""s. serving during an intermediate interval of time""}]","{""plural"":""interims""}","[""cet6""]",6845,B2,HARD,ecdict
prairie,prairie,'prєәri,,"[""n.""]","[{""pos"":""n."",""zh"":""大草原, 草甸"",""en"":""n. a treeless grassy plain""}]",{},"[""cet6""]",6846,B2,HARD,ecdict
atmospheric,atmospheric,ætmәs'ferik,,"[""a.""]","[{""pos"":""a."",""zh"":""大气的"",""en"":""a. relating to or located in the atmosphere""},{""pos"":"""",""zh"":""[医] 大气的; 大气压的"",""en"":""""}]","{""plural"":""atmospherics""}","[""cet4"",""cet6""]",6847,B2,HARD,ecdict
dwarf,dwarf,dwɒ:f,,"[""n."",""v.""]","[{""pos"":""n."",""zh"":""矮子, 侏儒"",""en"":""n. a person who is markedly small""},{""pos"":""v."",""zh"":""(使)变矮小"",""en"":""n. a plant or animal that is atypically small""}]","{""plural"":""dwarfs"",""pastParticiple"":""dwarfed"",""past"":""dwarfed"",""thirdPerson"":""dwarfs"",""presentParticiple"":""dwarfing""}","[""cet6""]",6855,B2,HARD,ecdict
pear,pear,pєә,,"[""n.""]","[{""pos"":""n."",""zh"":""梨子, 梨树, 梨木"",""en"":""n. sweet juicy gritty-textured fruit available in many varieties""},{""pos"":"""",""zh"":""[机] 梨木"",""en"":""n. Old World tree having sweet gritty-textured juicy fruit; widely cultivated in many varieties""}]","{""plural"":""pears""}","[""cet4"",""cet6""]",6857,B2,HARD,ecdict
surpass,surpass,sә'pɑ:s,,"[""vt.""]","[{""pos"":""vt."",""zh"":""超越, 凌驾, 胜过"",""en"":""v. be or do something to a greater degree""}]","{""pastParticiple"":""surpassed"",""past"":""surpassed"",""thirdPerson"":""surpasses"",""presentParticiple"":""surpassing"",""plural"":""surpasses""}","[""cet6""]",6859,B2,HARD,ecdict
infinite,infinite,'infinit,,"[""n."",""a.""]","[{""pos"":""n."",""zh"":""无限, 神"",""en"":""a. having no limits or boundaries in time or space or extent or magnitude""},{""pos"":""a."",""zh"":""无穷的, 无限的, 极大的"",""en"":""a. of verbs; having neither person nor number nor mood (as a participle or gerund or infinitive)""}]",{},"[""cet4"",""cet6""]",6860,B2,HARD,ecdict
gossip,gossip,'gɒsip,,"[""n."",""vi.""]","[{""pos"":""n."",""zh"":""闲聊, 随笔, 流言, 爱讲闲话的人"",""en"":""n. a report (often malicious) about the behavior of other people""},{""pos"":""vi."",""zh"":""说闲话, 闲聊"",""en"":""n. a person given to gossiping and divulging personal information about others""}]","{""presentParticiple"":""gossiping"",""plural"":""gossips"",""thirdPerson"":""gossips"",""past"":""gossipped"",""pastParticiple"":""gossipped""}","[""cet6""]",6861,B2,HARD,ecdict
contradict,contradict,.kɒntrә'dikt,,"[""vt."",""vi.""]","[{""pos"":""vt."",""zh"":""反驳, 与...抵触, 与...矛盾"",""en"":""v. be in contradiction with""},{""pos"":""vi."",""zh"":""反驳"",""en"":""v. deny the truth of""}]","{""thirdPerson"":""contradicts"",""pastParticiple"":""contradicted"",""past"":""contradicted"",""presentParticiple"":""contradicting""}","[""cet6""]",6863,B2,HARD,ecdict
muscular,muscular,'mʌskjulә,,"[""a.""]","[{""pos"":""a."",""zh"":""强壮的, 肌肉发达的, 有力的"",""en"":""a. of or relating to or consisting of muscle""},{""pos"":"""",""zh"":""[医] 肌的; 肌肉发达的"",""en"":""s. having or suggesting great physical power or force""}]",{},"[""cet6""]",6864,B2,HARD,ecdict
commute,commute,kә'mju:t,,"[""vt."",""vi.""]","[{""pos"":""vt."",""zh"":""交换, 折偿, 减轻"",""en"":""n. a regular journey of some distance to and from your place of work""},{""pos"":""vi."",""zh"":""代偿, 经常乘车来往"",""en"":""v. exchange positions without a change in value""}]","{""presentParticiple"":""commuting"",""pastParticiple"":""commuted"",""past"":""commuted"",""thirdPerson"":""commutes""}","[""cet6""]",6867,B2,HARD,ecdict
pluck,pluck,plʌk,,"[""n."",""vt."",""vi.""]","[{""pos"":""n."",""zh"":""勇气, 猛拉, 动物内脏"",""en"":""n. the act of pulling and releasing a taut cord""},{""pos"":""vt."",""zh"":""摘, 猛拉, 拔, 拉, 扯, 采"",""en"":""v. pull or pull out sharply""},{""pos"":""vi."",""zh"":""拉, 拽"",""en"":""v. pull lightly but sharply with a plucking motion""}]","{""past"":""plucked"",""pastParticiple"":""plucked"",""presentParticiple"":""plucking"",""thirdPerson"":""plucks"",""plural"":""plucks""}","[""cet4"",""cet6""]",6870,B2,HARD,ecdict
lunar,lunar,'lu:nә,,"[""a.""]","[{""pos"":""a."",""zh"":""阴历的, 月的, 微亮的(指光)"",""en"":""a. of or relating to or associated with the moon""},{""pos"":"""",""zh"":""[医] 月的, 银的"",""en"":""""}]",{},"[""cet4"",""cet6""]",6871,B2,HARD,ecdict
discrepancy,discrepancy,dis'krepәnsi,,"[""n.""]","[{""pos"":""n."",""zh"":""不符合, 差异, 不相符之处"",""en"":""n. a difference between conflicting facts or claims or opinions""},{""pos"":"""",""zh"":""[化] 不符值; 偏差值"",""en"":""n. an event that departs from expectations""}]","{""plural"":""discrepancies""}","[""cet6""]",6872,B2,HARD,ecdict
utter,utter,'ʌtә,,"[""a."",""vt.""]","[{""pos"":""a."",""zh"":""全然的, 绝对的, 完全的"",""en"":""v. express audibly; utter sounds (not necessarily words)""},{""pos"":""vt."",""zh"":""发出声音, 做声, 发表, 发射, 流通"",""en"":""v. put into circulation""}]","{""past"":""uttered"",""pastParticiple"":""uttered"",""presentParticiple"":""uttering"",""thirdPerson"":""utters""}","[""cet4"",""cet6""]",6873,B2,HARD,ecdict
sincere,sincere,sin'siә,,"[""a.""]","[{""pos"":""a."",""zh"":""诚实的, 正直的, 真挚的, 纯净的"",""en"":""a. open and genuine; not deceitful""}]","{""superlative"":""sincerest"",""comparative"":""sincerer""}","[""cet4"",""cet6""]",6875,B2,HARD,ecdict
intermediate,intermediate,.intә'mi:diәt,,"[""n."",""a."",""vi.""]","[{""pos"":""n."",""zh"":""中间物, 调停者, 中级"",""en"":""n. a substance formed during a chemical process before the desired product is obtained""},{""pos"":""a."",""zh"":""中间的, 中级的"",""en"":""a. lying between two extremes in time or space or state""},{""pos"":""vi."",""zh"":""起媒介作用"",""en"":""""},{""pos"":"""",""zh"":""[计] 中级"",""en"":""""}]","{""plural"":""intermediates"",""past"":""intermediated""}","[""cet4"",""cet6""]",6876,B2,HARD,ecdict
enrich,enrich,in'ritʃ,,"[""vt.""]","[{""pos"":""vt."",""zh"":""使富足, 使肥沃"",""en"":""v. make better or improve in quality""}]","{""pastParticiple"":""enriched"",""presentParticiple"":""enriching"",""thirdPerson"":""enriches"",""past"":""enriched""}","[""cet6""]",6879,B2,HARD,ecdict
submarine,submarine,'sʌbmәri:n,,"[""n."",""a."",""vt."",""vi.""]","[{""pos"":""n."",""zh"":""潜水艇, 海底生物"",""en"":""n. a submersible warship usually armed with torpedoes""},{""pos"":""a."",""zh"":""海中的, 生长在海中的"",""en"":""v. move forward or under in a sliding motion""},{""pos"":""vt."",""zh"":""用潜水艇攻击"",""en"":""v. throw with an underhand motion""},{""pos"":""vi."",""zh"":""在下疾行, 在下滑动"",""en"":""v. bring down with a blow to the legs""}]","{""plural"":""submarines"",""presentParticiple"":""submarining"",""past"":""submarined"",""thirdPerson"":""submarines"",""pastParticiple"":""submarined""}","[""cet4"",""cet6""]",6881,B2,HARD,ecdict
premature,premature,.premә'tjuә,,"[""a."",""n.""]","[{""pos"":""a."",""zh"":""早产的, 过早的, 不成熟的"",""en"":""a. born after a gestation period of less than the normal time""},{""pos"":""n."",""zh"":""早产儿, 过早发生的事物"",""en"":""s. uncommonly early or before the expected time""}]",{},"[""cet6""]",6883,B2,HARD,ecdict
exploitation,exploitation,.eksplɒi'teiʃәn,,"[""n.""]","[{""pos"":""n."",""zh"":""开发, 开采, 剥削"",""en"":""n. the act of making some area of land or water more profitable or productive or useful""},{""pos"":"""",""zh"":""[经] 开发, 剥削, 宜传"",""en"":""n. an act that exploits or victimizes someone (treats them unfairly)""}]","{""plural"":""exploitations""}","[""cet6""]",6888,B2,HARD,ecdict
clown,clown,klaun,,"[""n.""]","[{""pos"":""n."",""zh"":""小丑, 乡下人"",""en"":""n. a rude or vulgar fool""}]","{""plural"":""clowns"",""presentParticiple"":""clowning"",""past"":""clowned"",""thirdPerson"":""clowns"",""pastParticiple"":""clowned""}","[""cet6""]",6889,B2,HARD,ecdict
ditch,ditch,ditʃ,,"[""n."",""vt."",""vi.""]","[{""pos"":""n."",""zh"":""沟渠"",""en"":""n. a long narrow excavation in the earth""},{""pos"":""vt."",""zh"":""在...开沟"",""en"":""n. any small natural waterway""},{""pos"":""vi."",""zh"":""开沟"",""en"":""v. forsake""}]","{""plural"":""ditches"",""pastParticiple"":""ditched"",""presentParticiple"":""ditching"",""past"":""ditched"",""thirdPerson"":""ditches""}","[""cet4"",""cet6""]",6890,B2,HARD,ecdict
secondly,secondly,'sekәndli,,"[""adv.""]","[{""pos"":""adv."",""zh"":""第二, 其次"",""en"":""r in the second place""}]",{},"[""cet4"",""cet6""]",6891,B2,HARD,ecdict
loaf,loaf,lәuf,,"[""n."",""v.""]","[{""pos"":""n."",""zh"":""一条面包, 块, 游荡"",""en"":""n. a quantity of food (other than bread) formed in a particular shape""},{""pos"":""v."",""zh"":""游手好闲, 虚度光阴"",""en"":""""}]","{""plural"":""loaves"",""presentParticiple"":""loafing"",""past"":""loafed"",""thirdPerson"":""loafs"",""pastParticiple"":""loafed""}","[""cet4"",""cet6""]",6892,B2,HARD,ecdict
cushion,cushion,'kuʃәn,,"[""n."",""vt.""]","[{""pos"":""n."",""zh"":""垫子, 橡皮软垫"",""en"":""n. the layer of air that supports a hovercraft or similar vehicle""},{""pos"":""vt."",""zh"":""加垫褥, 缓冲, 掩盖"",""en"":""n. a soft bag filled with air or a mass of padding such as feathers or foam rubber etc.""}]","{""plural"":""cushions"",""pastParticiple"":""cushioned"",""past"":""cushioned"",""presentParticiple"":""cushioning"",""thirdPerson"":""cushions""}","[""cet4"",""cet6""]",6893,B2,HARD,ecdict
twilight,twilight,'twailait,,"[""n."",""a.""]","[{""pos"":""n."",""zh"":""暮光, 曙光, 黎明, 黄昏, 微光, 朦胧状态"",""en"":""n. the time of day immediately following sunset""},{""pos"":""a."",""zh"":""微明的"",""en"":""n. the diffused light from the sky when the sun is below the horizon but its rays are refracted by the atmosphere of the earth""}]","{""plural"":""twilights""}","[""cet6""]",6896,B2,HARD,ecdict
comprehend,comprehend,.kɒmpri'hend,,"[""vt.""]","[{""pos"":""vt."",""zh"":""理解, 包括"",""en"":""v get the meaning of something""}]","{""pastParticiple"":""comprehended"",""presentParticiple"":""comprehending"",""past"":""comprehended"",""thirdPerson"":""comprehends""}","[""cet6""]",6899,B2,HARD,ecdict
dispose,dispose,dis'pәuz,,"[""vt."",""vi.""]","[{""pos"":""vt."",""zh"":""处理, 排列, 布置"",""en"":""v. give, sell, or transfer to another""},{""pos"":""vi."",""zh"":""处置"",""en"":""v. make receptive or willing towards an action or attitude or belief""}]","{""presentParticiple"":""disposing"",""pastParticiple"":""disposed"",""past"":""disposed"",""thirdPerson"":""disposes""}","[""cet4"",""cet6""]",6900,B2,HARD,ecdict
unlock,unlock,.ʌn'lɒk,,"[""vt."",""vi.""]","[{""pos"":""vt."",""zh"":""开...的锁, 开启, 表露, 放出"",""en"":""v. open the lock of""},{""pos"":""vi."",""zh"":""被开启, 揭开, 解放"",""en"":""v. set free or release""},{""pos"":"""",""zh"":""[计] 解出锁定"",""en"":""v. become unlocked""}]","{""past"":""unlocked"",""pastParticiple"":""unlocked"",""presentParticiple"":""unlocking"",""thirdPerson"":""unlocks""}","[""cet6""]",6901,B2,HARD,ecdict
squirrel,squirrel,'skwә:rәl,,"[""n."",""vt.""]","[{""pos"":""n."",""zh"":""松鼠, 松鼠毛皮"",""en"":""n. a kind of arboreal rodent having a long bushy tail""},{""pos"":""vt."",""zh"":""贮藏"",""en"":""n. the fur of a squirrel""}]","{""plural"":""squirrels"",""presentParticiple"":""squirrelling"",""past"":""squirrelled"",""pastParticiple"":""squirrelled""}","[""cet4"",""cet6""]",6904,B2,HARD,ecdict
destine,destine,'destin,,"[""vt.""]","[{""pos"":""vt."",""zh"":""注定, 预定"",""en"":""v. decree or designate beforehand""}]","{""pastParticiple"":""destined"",""past"":""destined"",""presentParticiple"":""destining"",""thirdPerson"":""destines""}","[""cet6""]",6906,B2,HARD,ecdict
royalty,royalty,'rɒiәlti,,"[""n.""]","[{""pos"":""n."",""zh"":""皇室, 王族成员, 王权, 特权阶层, 庄严"",""en"":""n. payment to the holder of a patent or copyright or resource for the right to use their property""},{""pos"":"""",""zh"":""[经] 特许权, 使用费, 使用税"",""en"":""n. royal persons collectively""}]","{""plural"":""royalties""}","[""cet6""]",6908,B2,HARD,ecdict
superb,superb,sju'pә:b,,"[""a.""]","[{""pos"":""a."",""zh"":""极度的, 华丽的, 极好的"",""en"":""s. surpassingly good""}]",{},"[""cet6""]",6911,B2,HARD,ecdict
loosely,loosely,'lu:sli,,"[""adv.""]","[{""pos"":""adv."",""zh"":""松弛地, 宽松地, 不紧"",""en"":""r. in a relaxed manner; not rigid""}]",{},"[""cet6""]",6916,B2,HARD,ecdict
evacuate,evacuate,i'vækjueit,,"[""v.""]","[{""pos"":""v."",""zh"":""疏散, 撤出, 排泄"",""en"":""v. move out of an unsafe location into safety""}]","{""pastParticiple"":""evacuated"",""presentParticiple"":""evacuating"",""past"":""evacuated"",""thirdPerson"":""evacuates""}","[""cet4"",""cet6""]",6917,B2,HARD,ecdict
hardship,hardship,'hɑ:dʃip,,"[""n.""]","[{""pos"":""n."",""zh"":""艰难, 辛苦, 苦难"",""en"":""n. something that causes or entails suffering""},{""pos"":"""",""zh"":""[法] 受苦, 吃苦, 苦难"",""en"":""""}]","{""plural"":""hardships""}","[""cet4"",""cet6""]",6922,B2,HARD,ecdict
squash,squash,skwɒʃ,,"[""n."",""vt."",""vi.""]","[{""pos"":""n."",""zh"":""挤压, 压碎的东西, 南瓜属植物, 拥挤的人群"",""en"":""n. any of numerous annual trailing plants of the genus Cucurbita grown for their fleshy edible fruits""},{""pos"":""vt."",""zh"":""压扁, 镇压, 压制"",""en"":""n. edible fruit of a squash plant; eaten as a vegetable""},{""pos"":""vi."",""zh"":""被压扁, 发溅泼声, 挤入"",""en"":""n. a game played in an enclosed court by two or four players who strike the ball with long-handled rackets""}]","{""pastParticiple"":""squashed"",""presentParticiple"":""squashing"",""past"":""squashed"",""plural"":""squashes"",""thirdPerson"":""squashes""}","[""cet6""]",6923,B2,HARD,ecdict
instability,instability,.instә'biliti,,"[""n.""]","[{""pos"":""n."",""zh"":""不安定, 不稳定"",""en"":""n. an unstable order""},{""pos"":"""",""zh"":""[医] 不稳定性"",""en"":""n. unreliability attributable to being unstable""}]","{""plural"":""instabilities""}","[""cet6""]",6926,B2,HARD,ecdict
gulf,gulf,gʌlf,,"[""n."",""vt.""]","[{""pos"":""n."",""zh"":""海湾, 深渊, 漩涡, 隔阂"",""en"":""n. an arm of a sea or ocean partly enclosed by land; larger than a bay""},{""pos"":""vt."",""zh"":""吞没"",""en"":""n. an unbridgeable disparity (as from a failure of understanding)""}]","{""plural"":""gulfs""}","[""cet4"",""cet6""]",6929,B2,HARD,ecdict
affiliate,affiliate,ә'filieit,,"[""vt."",""vi.""]","[{""pos"":""vt."",""zh"":""使紧密联系, 使附属, 接纳, 收养"",""en"":""n. a subordinate or subsidiary associate; a person who is affiliated with another or with an organization""},{""pos"":""vi."",""zh"":""发生联系, 参加"",""en"":""n. a subsidiary or subordinate organization that is affiliated with another organization""}]","{""pastParticiple"":""affiliated"",""plural"":""affiliates"",""presentParticiple"":""affiliating"",""past"":""affiliated"",""thirdPerson"":""affiliates""}","[""cet6""]",6929,B2,HARD,ecdict
claw,claw,klɒ:,,"[""n."",""v.""]","[{""pos"":""n."",""zh"":""爪, 螯, 抓伤"",""en"":""n. sharp curved horny process on the toe of a bird or some mammals or reptiles""},{""pos"":""v."",""zh"":""用爪抓, 挖, 搜刮"",""en"":""n. a grasping structure on the limb of a crustacean or other arthropods""}]","{""plural"":""claws"",""past"":""clawed"",""presentParticiple"":""clawing"",""pastParticiple"":""clawed"",""thirdPerson"":""claws""}","[""cet4"",""cet6""]",6934,B2,HARD,ecdict
mercury,mercury,'mә:kjuri,,"[""n.""]","[{""pos"":""n."",""zh"":""水银, 汞, 使者"",""en"":""n. a heavy silvery toxic univalent and bivalent metallic element; the only metal that is liquid at ordinary temperatures""},{""pos"":"""",""zh"":""[化] 汞Hg"",""en"":""n. (Roman mythology) messenger of Jupiter and god of commerce; counterpart of Greek Hermes""}]",{},"[""cet4"",""cet6""]",6937,B2,HARD,ecdict
incomplete,incomplete,.inkәm'pli:t,,"[""a.""]","[{""pos"":""a."",""zh"":""不完全的, 未完成的, 不完善的"",""en"":""a. not complete or total; not completed""},{""pos"":"""",""zh"":""[机] 不完全的"",""en"":""s. not yet finished""}]",{},"[""cet6""]",6938,B2,HARD,ecdict
immunity,immunity,i'mju:niti,,"[""n.""]","[{""pos"":""n."",""zh"":""免疫, 免疫性, 免除"",""en"":""n. (medicine) the condition in which an organism can resist disease""},{""pos"":"""",""zh"":""[化] 免疫性"",""en"":""n. the quality of being unaffected by something""}]","{""plural"":""immunities""}","[""cet6""]",6941,B2,HARD,ecdict
reliance,reliance,ri'laiәns,,"[""n.""]","[{""pos"":""n."",""zh"":""信任, 信赖, 受信赖的人(或事)"",""en"":""n. certainty based on past experience""},{""pos"":"""",""zh"":""[法] 信任, 信赖, 信心"",""en"":""n. the state of relying on something""}]",{},"[""cet4"",""cet6""]",6942,B2,HARD,ecdict
nucleus,nucleus,'nju:kliәs,,"[""n.""]","[{""pos"":""n."",""zh"":""核心, 核子, 原子核, 起点"",""en"":""n. a part of the cell containing DNA and RNA and responsible for growth and reproduction""},{""pos"":"""",""zh"":""[计] 核心程序"",""en"":""n. the positively charged dense center of an atom""}]","{""plural"":""nuclei""}","[""cet4"",""cet6""]",6944,B2,HARD,ecdict
cater,cater,'keitә,,"[""v.""]","[{""pos"":""v."",""zh"":""提供饮食及服务, 投合, 迎合"",""en"":""v. supply food ready to eat; for parties and banquets""}]","{""presentParticiple"":""catering"",""pastParticiple"":""catered"",""thirdPerson"":""caters"",""past"":""catered""}","[""cet6""]",6945,B2,HARD,ecdict
chess,chess,tʃes,,"[""n.""]","[{""pos"":""n."",""zh"":""国际象棋"",""en"":""n. weedy annual native to Europe but widely distributed as a weed especially in wheat""},{""pos"":"""",""zh"":""[建] 雀麦"",""en"":""n. a board game for two players who move their 16 pieces according to specific rules; the object is to checkmate the opponent's king""}]",{},"[""cet4"",""cet6""]",6948,B2,HARD,ecdict
camel,camel,'kæml,,"[""n.""]","[{""pos"":""n."",""zh"":""骆驼, 打捞浮筒"",""en"":""n. cud-chewing mammal used as a draft or saddle animal in desert regions""}]","{""plural"":""camels""}","[""cet4"",""cet6""]",6953,B2,HARD,ecdict
conform,conform,kәn'fɒ:m,,"[""vt."",""vi.""]","[{""pos"":""vt."",""zh"":""使一致, 使遵守, 使符合"",""en"":""v. be similar, be in line with""},{""pos"":""vi."",""zh"":""一致, 符合, 适应"",""en"":""""}]","{""thirdPerson"":""conforms"",""presentParticiple"":""conforming"",""past"":""conformed"",""pastParticiple"":""conformed""}","[""cet6""]",6957,B2,HARD,ecdict
worthwhile,worthwhile,'wә:θ'hwail,,"[""a.""]","[{""pos"":""a."",""zh"":""值得花时间的, 值得做的, 有真实价值的"",""en"":""s. sufficiently valuable to justify the investment of time or interest""}]",{},"[""cet4"",""cet6""]",6958,B2,HARD,ecdict
bud,bud,bʌd,,"[""n."",""vi."",""vt.""]","[{""pos"":""n."",""zh"":""芽, 花蕾"",""en"":""n. a partially opened flower""},{""pos"":""vi."",""zh"":""发芽, 萌芽"",""en"":""n. a swelling on a plant stem consisting of overlapping immature leaves or petals""},{""pos"":""vt."",""zh"":""使发芽"",""en"":""v. develop buds""}]","{""plural"":""buds"",""presentParticiple"":""budding"",""pastParticiple"":""budded"",""past"":""budded"",""thirdPerson"":""buds""}","[""cet4"",""cet6""]",6961,B2,HARD,ecdict
shipment,shipment,'ʃipmәnt,,"[""n.""]","[{""pos"":""n."",""zh"":""装船, 出货"",""en"":""n goods carried by a large vehicle""},{""pos"":"""",""zh"":""[经] 运送, 运送(寄出)货物, 装载"",""en"":""n the act of sending off something""}]","{""plural"":""shipments""}","[""cet6""]",6962,B2,HARD,ecdict
admiration,admiration,.ædmә'reiʃәn,,"[""n.""]","[{""pos"":""n."",""zh"":""赞赏, 钦佩, 引人赞赏的对象"",""en"":""n. a feeling of delighted approval and liking""}]","{""plural"":""admirations""}","[""cet6""]",6964,B2,HARD,ecdict
withstand,withstand,wið'stænd,,"[""vt.""]","[{""pos"":""vt."",""zh"":""抵住, 顶住, 经得起"",""en"":""v resist or confront with resistance""}]","{""pastParticiple"":""withstood"",""presentParticiple"":""withstanding"",""past"":""withstood"",""thirdPerson"":""withstands""}","[""cet4"",""cet6""]",6972,B2,HARD,ecdict
irrigation,irrigation,.iri'geiʃәn,,"[""n.""]","[{""pos"":""n."",""zh"":""灌溉, 冲洗"",""en"":""n. supplying dry land with water by means of ditches etc""},{""pos"":"""",""zh"":""[医] 冲洗法, 灌溉"",""en"":""n. (medicine) cleaning a wound or body organ by flushing or washing out with water or a medicated solution""}]","{""plural"":""irrigations""}","[""cet6""]",6974,B2,HARD,ecdict
expel,expel,ik'spel,,"[""vt.""]","[{""pos"":""vt."",""zh"":""驱逐, 逐出, 排出, 开除"",""en"":""v. force to leave or move out""},{""pos"":"""",""zh"":""[医] 排除, 迫出"",""en"":""""}]","{""pastParticiple"":""expelled"",""past"":""expelled"",""presentParticiple"":""expelling"",""thirdPerson"":""expels""}","[""cet4"",""cet6""]",6975,B2,HARD,ecdict
extinction,extinction,ik'stiŋkʃәn,,"[""n.""]","[{""pos"":""n."",""zh"":""消失, 消灭, 废止"",""en"":""n. no longer active; extinguished""},{""pos"":"""",""zh"":""[化] 消光; 熄灭"",""en"":""n. no longer in existence""}]","{""plural"":""extinctions""}","[""cet6""]",6977,B2,HARD,ecdict
apparatus,apparatus,.æpә'reitәs,,"[""n.""]","[{""pos"":""n."",""zh"":""装置, 器具, 器官"",""en"":""n. equipment designed to serve a specific function""},{""pos"":"""",""zh"":""[化] 仪器; 器械"",""en"":""n. (anatomy) a group of body parts that work together to perform a given function""}]",{},"[""cet4"",""cet6""]",6978,B2,HARD,ecdict
scarcely,scarcely,'skɑ:sli,,"[""adv.""]","[{""pos"":""adv."",""zh"":""简直不, 一定不, 仅仅"",""en"":""r only a very short time before""}]",{},"[""cet4"",""cet6""]",6981,B2,HARD,ecdict
slack,slack,slæk,,"[""n."",""a."",""adv."",""vt."",""vi.""]","[{""pos"":""n."",""zh"":""松弛, 松懈, 淡季, 闲散, 家常裤"",""en"":""n. dust consisting of a mixture of small coal fragments and coal dust and dirt that sifts out when coal is passed over a sieve""},{""pos"":""a."",""zh"":""松弛的, 不流畅的, 疏忽的, 无力的, 呆滞的, 软弱的, 漏水的"",""en"":""n. a stretch of water without current or movement""},{""pos"":""adv."",""zh"":""马虎地, 缓慢地"",""en"":""n. the quality of being loose (not taut)""},{""pos"":""vt."",""zh"":""放松, 使缓慢"",""en"":""n. a cord or rope or cable that is hanging loosely""},{""pos"":""vi."",""zh"":""松懈, 减弱, 松弛"",""en"":""""}]","{""plural"":""slacks"",""comparative"":""slacker"",""presentParticiple"":""slacking"",""superlative"":""slackest"",""past"":""slacked"",""thirdPerson"":""slacks"",""pastParticiple"":""slacked""}","[""cet6""]",6983,B2,HARD,ecdict
lumber,lumber,'lʌmbә,,"[""n."",""vt."",""vi.""]","[{""pos"":""n."",""zh"":""木材, 破旧家俱, 废物, 隆隆声"",""en"":""n. the wood of trees cut and prepared for use as building material""},{""pos"":""vt."",""zh"":""砍伐木材, 乱堆"",""en"":""v. move heavily or clumsily""},{""pos"":""vi."",""zh"":""笨拙地移动, 喧闹地向前走, 隆隆地移动"",""en"":""""}]","{""past"":""lumbered"",""pastParticiple"":""lumbered"",""presentParticiple"":""lumbering"",""thirdPerson"":""lumbers"",""plural"":""lumbers""}","[""cet4"",""cet6""]",6984,B2,HARD,ecdict
prevalent,prevalent,'prevәlәnt,,"[""a.""]","[{""pos"":""a."",""zh"":""普遍的, 流行的"",""en"":""s most frequent or common""}]",{},"[""cet6""]",6987,B2,HARD,ecdict
benign,benign,bi'nain,,"[""a.""]","[{""pos"":""a."",""zh"":""善良的, 良性的"",""en"":""a. not dangerous to health; not recurrent or progressive (especially of a tumor)""},{""pos"":"""",""zh"":""[医] 良性的"",""en"":""a. pleasant and beneficial in nature or influence""}]",{},"[""cet6""]",6988,B2,HARD,ecdict
kidnap,kidnap,'kidnæp,,"[""vt.""]","[{""pos"":""vt."",""zh"":""绑架, 诱拐, 拐骗"",""en"":""v. take away to an undisclosed location against their will and usually in order to extract a ransom""},{""pos"":"""",""zh"":""[法] 拐带, 诱拐, 绑架"",""en"":""""}]","{""pastParticiple"":""kidnapped"",""past"":""kidnapped"",""presentParticiple"":""kidnapping"",""thirdPerson"":""kidnaps"",""plural"":""kidnaps""}","[""cet6""]",6993,B2,HARD,ecdict
apt,apt,æpt,,"[""a.""]","[{""pos"":""a."",""zh"":""有...倾向的, 易于的, 恰当的, 聪明的"",""en"":""s. (usually followed by `to') naturally disposed toward""},{""pos"":"""",""zh"":""[计] 自动数控语言, 自动图象传输, 自动程序控制, 自动程序设计工具"",""en"":""s. at risk of or subject to experiencing something usually unpleasant""}]","{""plural"":""apts"",""comparative"":""apter"",""superlative"":""aptest""}","[""cet6""]",6999,B2,HARD,ecdict
earnest,earnest,'ә:nist,,"[""n."",""a.""]","[{""pos"":""n."",""zh"":""定金, 诚挚, 认真"",""en"":""n. something of value given by one person to another to bind a contract""},{""pos"":""a."",""zh"":""认真的, 热心的, 重要的"",""en"":""s. characterized by a firm and humorless belief in the validity of your opinions""}]","{""plural"":""earnests""}","[""cet4"",""cet6""]",7000,B2,HARD,ecdict
optimal,optimal,'ɒptimәl,,"[""a.""]","[{""pos"":""a."",""zh"":""最佳的, 最理想的"",""en"":""s most desirable possible under a restriction expressed or implied""},{""pos"":"""",""zh"":""[化] 最优的"",""en"":""""}]",{},"[""cet6""]",7002,B2,HARD,ecdict
coherent,coherent,kәu'hiәrәnt,,"[""a.""]","[{""pos"":""a."",""zh"":""互相耦合的, 清晰的, 明了的，凝聚性的, 连贯的"",""en"":""a. marked by an orderly, logical, and aesthetically consistent relation of parts""}]",{},"[""cet6""]",7004,B2,HARD,ecdict
simplicity,simplicity,sim'plisiti,,"[""n.""]","[{""pos"":""n."",""zh"":""单纯, 简朴, 朴素, 坦率, 天真"",""en"":""n. the quality of being simple or uncompounded""},{""pos"":"""",""zh"":""[计] 简明性"",""en"":""n. a lack of penetration or subtlety""}]","{""plural"":""simplicities""}","[""cet4"",""cet6""]",7007,B2,HARD,ecdict
confidential,confidential,.kɒnfi'denʃәl,,"[""a.""]","[{""pos"":""a."",""zh"":""机密的, 获他人信赖的, 易于信任他人的"",""en"":""s. entrusted with private information and the confidence of another""},{""pos"":"""",""zh"":""[经] 秘密件"",""en"":""s. (of information) given in confidence or in secret""}]",{},"[""cet6""]",7010,B2,HARD,ecdict
compatible,compatible,kәm'pætәbl,,"[""a.""]","[{""pos"":""a."",""zh"":""能共处的, 可并立的, 适合的"",""en"":""a. able to exist and perform in harmonious or agreeable combination""},{""pos"":"""",""zh"":""[计] 相容的; 兼容的"",""en"":""a. capable of being used with or connected to other devices or components without modification""}]","{""plural"":""compatibles"",""thirdPerson"":""compatibles""}","[""cet6""]",7017,B2,HARD,ecdict
rinse,rinse,rins,,"[""n."",""vt."",""vi.""]","[{""pos"":""n."",""zh"":""清洗, 染发, 染发剂"",""en"":""n. a liquid preparation used on wet hair to give it a tint""},{""pos"":""vt."",""zh"":""以清水冲洗, 漱, 漂清"",""en"":""n. the removal of soap with clean water in the final stage of washing""},{""pos"":""vi."",""zh"":""被漂净"",""en"":""n. the act of giving a light tint to the hair""}]","{""past"":""rinsed"",""pastParticiple"":""rinsed"",""presentParticiple"":""rinsing"",""plural"":""rinses"",""thirdPerson"":""rinses""}","[""cet6""]",7024,B2,HARD,ecdict
staircase,staircase,'stєәkeis,,"[""n.""]","[{""pos"":""n."",""zh"":""楼梯, 梯子, 楼梯部分"",""en"":""n a way of access (upward and downward) consisting of a set of steps""},{""pos"":"""",""zh"":""[医] 阶梯现象"",""en"":""""}]","{""plural"":""staircases""}","[""cet4"",""cet6""]",7028,B2,HARD,ecdict
susceptible,susceptible,sә'septәbl,,"[""a.""]","[{""pos"":""a."",""zh"":""易受影响的, 易感动的, 容许...的"",""en"":""a. (often followed by `of' or `to') yielding readily to or capable of""},{""pos"":"""",""zh"":""[法] 易感的, 易受影响的, 容许"",""en"":""s. easily impressed emotionally""}]","{""plural"":""susceptibles""}","[""cet6""]",7030,B2,HARD,ecdict
appealing,appealing,ә'pi:liŋ,,"[""a.""]","[{""pos"":""a."",""zh"":""有感染力的, 动人的, 恳求的"",""en"":""a. able to attract interest or draw favorable attention""}]","{""lemmaOf"":""appeal"",""lemma"":""i"",""presentParticiple"":""appealing""}","[""cet6""]",7033,B2,HARD,ecdict
ambiguity,ambiguity,.æmbi'gju:iti,,"[""n.""]","[{""pos"":""n."",""zh"":""不明确, 含糊"",""en"":""n. an expression whose meaning cannot be determined from its context""},{""pos"":"""",""zh"":""[计] 二义性; 多义性"",""en"":""n. unclearness by virtue of having more than one meaning""}]","{""plural"":""ambiguities""}","[""cet6""]",7034,B2,HARD,ecdict
fixture,fixture,'fikstʃә,,"[""n.""]","[{""pos"":""n."",""zh"":""固定(状态), 固定物, 设备"",""en"":""n. an object firmly fixed in place (especially in a household)""},{""pos"":"""",""zh"":""[计] 夹具"",""en"":""""}]","{""plural"":""fixtures"",""presentParticiple"":""fixturing""}","[""cet6""]",7036,B2,HARD,ecdict
vase,vase,veis,,"[""n.""]","[{""pos"":""n."",""zh"":""花瓶, 瓶"",""en"":""n. an open jar of glass or porcelain used as an ornament or to hold flowers""}]","{""plural"":""vases""}","[""cet4"",""cet6""]",7044,B2,HARD,ecdict
merchandise,merchandise,'mә:tʃәndaiz,,"[""n."",""v.""]","[{""pos"":""n."",""zh"":""商品, 货物"",""en"":""n. commodities offered for sale""},{""pos"":""v."",""zh"":""交易, 买卖"",""en"":""""}]","{""presentParticiple"":""merchandising"",""past"":""merchandised""}","[""cet6""]",7045,B2,HARD,ecdict
cynical,cynical,'sinikәl,,"[""a.""]","[{""pos"":""a."",""zh"":""愤世嫉俗的, 讽刺的, 冷嘲的"",""en"":""s. believing the worst of human nature and motives; having a sneering disbelief in e.g. selflessness of others""}]",{},"[""cet6""]",7052,B2,HARD,ecdict
blunt,blunt,blʌnt,,"[""a.""]","[{""pos"":""a."",""zh"":""钝的, 坦率的, 麻痹的"",""en"":""v. make less intense""}]","{""comparative"":""blunter"",""pastParticiple"":""blunted"",""thirdPerson"":""blunts"",""presentParticiple"":""blunting"",""past"":""blunted"",""superlative"":""bluntest""}","[""cet6""]",7053,B2,HARD,ecdict
excel,excel,ik'sel,,"[""vt."",""vi.""]","[{""pos"":""vt."",""zh"":""胜过, 优于, 擅长"",""en"":""v. distinguish oneself""},{""pos"":""vi."",""zh"":""胜过其他"",""en"":""""}]","{""past"":""excelled"",""thirdPerson"":""excels"",""pastParticiple"":""excelled"",""presentParticiple"":""excelling""}","[""cet6""]",7055,B2,HARD,ecdict
gratitude,gratitude,'grætitju:d,,"[""n.""]","[{""pos"":""n."",""zh"":""感激之情"",""en"":""n. a feeling of thankfulness and appreciation""}]",{},"[""cet4"",""cet6""]",7058,B2,HARD,ecdict
emperor,emperor,'empәrә,,"[""n.""]","[{""pos"":""n."",""zh"":""皇帝, 君主"",""en"":""n. the male ruler of an empire""}]","{""plural"":""emperors""}","[""cet4"",""cet6""]",7060,B2,HARD,ecdict
triple,triple,'tripl,,"[""n."",""a."",""vt."",""vi.""]","[{""pos"":""n."",""zh"":""三倍数, 三个一组"",""en"":""n. a base hit at which the batter stops safely at third base""},{""pos"":""a."",""zh"":""三倍的"",""en"":""n. a quantity that is three times as great as another""},{""pos"":""vt."",""zh"":""使增至三倍"",""en"":""v. increase threefold""},{""pos"":""vi."",""zh"":""增至三倍"",""en"":""v. hit a three-base hit""}]","{""pastParticiple"":""tripled"",""past"":""tripled"",""plural"":""triples"",""presentParticiple"":""tripling"",""thirdPerson"":""triples""}","[""cet6""]",7063,B2,HARD,ecdict
postal,postal,'pәustl,,"[""a.""]","[{""pos"":""a."",""zh"":""邮政的, 邮局的"",""en"":""a. of or relating to the system for delivering mail""},{""pos"":"""",""zh"":""[经] 邮政的"",""en"":""""}]","{""plural"":""postals""}","[""cet6""]",7070,B2,HARD,ecdict
ambiguous,ambiguous,æm'bigjuәs,,"[""a.""]","[{""pos"":""a."",""zh"":""不明确的, 模棱两可的"",""en"":""a. having more than one possible meaning""},{""pos"":"""",""zh"":""[法] 意思含糊的, 模棱两可的, 暧昧的"",""en"":""s. having no intrinsic or objective meaning; not organized in conventional patterns""}]",{},"[""cet6""]",7071,B2,HARD,ecdict
cylinder,cylinder,'silindә,,"[""n.""]","[{""pos"":""n."",""zh"":""圆筒, 圆筒状物, 汽缸, 柱面"",""en"":""n. a solid bounded by a cylindrical surface and two parallel planes (the bases)""},{""pos"":"""",""zh"":""[计] 柱面"",""en"":""n. a surface generated by rotating a parallel line around a fixed line""}]","{""plural"":""cylinders""}","[""cet6""]",7075,B2,HARD,ecdict
cafeteria,cafeteria,.kæfi'tiәriә,,"[""n.""]","[{""pos"":""n."",""zh"":""自助餐厅"",""en"":""n. a restaurant where you serve yourself and pay a cashier""},{""pos"":"""",""zh"":""[经] 自助餐厅"",""en"":""""}]","{""plural"":""cafeterias""}","[""cet4"",""cet6""]",7076,B2,HARD,ecdict
preceding,preceding,.pri:'si:diŋ,,"[""a.""]","[{""pos"":""a."",""zh"":""在前的, 前面的"",""en"":""a. existing or coming before""},{""pos"":"""",""zh"":""[法] 在前的, 在先的, 前面的"",""en"":""""}]","{""lemmaOf"":""precede"",""lemma"":""i"",""presentParticiple"":""preceding""}","[""cet4"",""cet6""]",7079,B2,HARD,ecdict
communism,communism,'kɒmjunizm,,"[""n.""]","[{""pos"":""n."",""zh"":""共产主义"",""en"":""n. a form of socialism that abolishes private ownership""}]",{},"[""cet4"",""cet6""]",7085,B2,HARD,ecdict
pave,pave,peiv,,"[""vt.""]","[{""pos"":""vt."",""zh"":""铺设, 安排, 铺满, 为...铺路"",""en"":""n. a setting with precious stones so closely set that no metal shows""},{""pos"":"""",""zh"":""[化] 铺设"",""en"":""v. cover with a material such as stone or concrete to make suitable for vehicle traffic""}]","{""pastParticiple"":""paved"",""presentParticiple"":""paving"",""past"":""paved"",""thirdPerson"":""paves""}","[""cet4"",""cet6""]",7086,B2,HARD,ecdict
heap,heap,hi:p,,"[""n."",""vt.""]","[{""pos"":""n."",""zh"":""堆, 许多, 累积"",""en"":""v. bestow in large quantities""},{""pos"":""vt."",""zh"":""堆积, 装满"",""en"":""v. fill to overflow""},{""pos"":"""",""zh"":""[计] 堆"",""en"":""""}]","{""plural"":""heaps"",""past"":""heaped"",""pastParticiple"":""heaped"",""presentParticiple"":""heaping"",""thirdPerson"":""heaps""}","[""cet4"",""cet6""]",7087,B2,HARD,ecdict
precaution,precaution,pri'kɒ:ʃәn,,"[""n."",""vt.""]","[{""pos"":""n."",""zh"":""预防, 留心, 警戒"",""en"":""n. a precautionary measure warding off impending danger or damage or injury etc.""},{""pos"":""vt."",""zh"":""预先警告"",""en"":""n. the trait of practicing caution in advance""}]","{""plural"":""precautions""}","[""cet4"",""cet6""]",7088,B2,HARD,ecdict
fry,fry,frai,,"[""n."",""v.""]","[{""pos"":""n."",""zh"":""油炸食物, 鱼苗"",""en"":""n. English painter and art critic (1866-1934)""},{""pos"":""v."",""zh"":""油炸, 煎"",""en"":""n. English dramatist noted for his comic verse dramas (born 1907)""}]","{""plural"":""fries"",""presentParticiple"":""frying"",""pastParticiple"":""fried"",""past"":""fried"",""thirdPerson"":""fries""}","[""cet4"",""cet6""]",7089,B2,HARD,ecdict
glide,glide,glaid,,"[""n."",""vi."",""vt.""]","[{""pos"":""n."",""zh"":""滑动, 滑过, 流水"",""en"":""n. the activity of flying a glider""},{""pos"":""vi."",""zh"":""滑动, 滑翔, 溜走, 流逝"",""en"":""v. move smoothly and effortlessly""},{""pos"":""vt."",""zh"":""使滑动"",""en"":""v. fly in or as if in a glider plane""}]","{""presentParticiple"":""gliding"",""past"":""glided"",""thirdPerson"":""glides"",""plural"":""glides"",""pastParticiple"":""glided""}","[""cet4"",""cet6""]",7090,B2,HARD,ecdict
infectious,infectious,in'fekʃәs,,"[""a.""]","[{""pos"":""a."",""zh"":""有传染性的, 易传染的"",""en"":""s. caused by infection or capable of causing infection""},{""pos"":"""",""zh"":""[医] 传染性的"",""en"":""a. easily spread; children catch it from their elders\""- Bertrand Russell""}]",{},"[""cet6""]",7091,B2,HARD,ecdict
unstable,unstable,.ʌn'steibl,,"[""a.""]","[{""pos"":""a."",""zh"":""不稳定的"",""en"":""a. lacking stability or fixity or firmness""}]",{},"[""cet4"",""cet6""]",7097,B2,HARD,ecdict
invariably,invariably,in'vєәriәbli,,"[""adv.""]","[{""pos"":""adv."",""zh"":""不变化地, 恒定地, 始终如一地"",""en"":""r without variation or change, in every case""}]",{},"[""cet6""]",7099,B2,HARD,ecdict
qualitative,qualitative,'kwɒlitәtiv,,"[""a.""]","[{""pos"":""a."",""zh"":""性质的, 质的, 定性的"",""en"":""a. involving distinctions based on qualities""}]",{},"[""cet6""]",7101,B2,HARD,ecdict
scout,scout,skaut,,"[""n."",""vi."",""vt.""]","[{""pos"":""n."",""zh"":""守候, 侦察, 搜索, 侦察员, 侦察机"",""en"":""n. a Boy Scout or Girl Scout""},{""pos"":""vi."",""zh"":""守候, 侦察, 巡视, 嘲笑"",""en"":""n. someone employed to discover and recruit talented persons (especially in the worlds of entertainment or sports)""},{""pos"":""vt."",""zh"":""侦察, 跟踪, 发现, 监视, 嘲弄"",""en"":""n. someone who can find paths through unexplored territory""}]","{""plural"":""scouts"",""presentParticiple"":""scouting"",""past"":""scouted"",""thirdPerson"":""scouts"",""pastParticiple"":""scouted""}","[""cet4"",""cet6""]",7109,B2,HARD,ecdict
insufficient,insufficient,.insә'fiʃәnt,,"[""a.""]","[{""pos"":""a."",""zh"":""不够的, 不能胜任的, 不充足的"",""en"":""a. of a quantity not able to fulfill a need or requirement""},{""pos"":"""",""zh"":""[法] 不足的, 不充分的, 不能胜任的"",""en"":""""}]",{},"[""cet4"",""cet6""]",7113,B2,HARD,ecdict
stew,stew,stju:,,"[""n."",""vi."",""vt.""]","[{""pos"":""n."",""zh"":""炖, 烦恼, 热浴, 妓院, 鱼塘"",""en"":""n. food prepared by stewing especially meat or fish with vegetables""},{""pos"":""vi."",""zh"":""炖, 焖, 忧虑"",""en"":""v. bear a grudge; harbor ill feelings""},{""pos"":""vt."",""zh"":""炖, 焖, 使焦虑"",""en"":""v. cook slowly and for a long time in liquid""}]","{""plural"":""stews"",""past"":""stewed"",""presentParticiple"":""stewing"",""pastParticiple"":""stewed"",""thirdPerson"":""stews""}","[""cet6""]",7118,B2,HARD,ecdict
antenna,antenna,æn'tenә,,"[""n.""]","[{""pos"":""n."",""zh"":""天线, 触须, 触角"",""en"":""n. an electrical device that sends or receives radio or television signals""},{""pos"":"""",""zh"":""[化] 天线"",""en"":""n. sensitivity similar to that of a receptor organ""}]","{""plural"":""antennas""}","[""cet6""]",7121,B2,HARD,ecdict
trousers,trousers,'trauzәz,,"[""pl.""]","[{""pos"":""pl."",""zh"":""裤子, 长裤"",""en"":""n (usually in the plural) a garment extending from the waist to the knee or ankle, covering each leg separately""}]","{""plural"":""trousers"",""lemmaOf"":""trousers"",""lemma"":""s""}","[""cet4"",""cet6""]",7124,B2,HARD,ecdict
plausible,plausible,'plɒ:zibl,,"[""a.""]","[{""pos"":""a."",""zh"":""貌似真实的, 貌似合理的, 说得煞有其事的"",""en"":""a. apparently reasonable and valid, and truthful""},{""pos"":"""",""zh"":""[法] 花言巧语的, 似乎有理的"",""en"":""s. given to or characterized by presenting specious arguments""}]",{},"[""cet6""]",7125,B2,HARD,ecdict
energetic,energetic,.enә'dʒetik,,"[""a.""]","[{""pos"":""a."",""zh"":""精力充沛的, 积极的"",""en"":""a. possessing or exerting or displaying energy""}]","{""plural"":""energetics""}","[""cet6""]",7129,B2,HARD,ecdict
embarrass,embarrass,im'bærәs,,"[""vt.""]","[{""pos"":""vt."",""zh"":""使困窘, 使局促不安, 阻碍"",""en"":""v. cause to be embarrassed; cause to feel self-conscious""}]","{""past"":""embarrassed"",""pastParticiple"":""embarrassed"",""presentParticiple"":""embarrassing"",""thirdPerson"":""embarrasses""}","[""cet4"",""cet6""]",7138,B2,HARD,ecdict
endanger,endanger,in'deindʒә,,"[""vt.""]","[{""pos"":""vt."",""zh"":""危及"",""en"":""v. pose a threat to; present a danger to""},{""pos"":"""",""zh"":""[法] 使危险, 危及"",""en"":""""}]","{""presentParticiple"":""endangering"",""pastParticiple"":""endangered"",""thirdPerson"":""endangers"",""past"":""endangered""}","[""cet6""]",7141,B2,HARD,ecdict
confer,confer,kәn'fә:,,"[""vt."",""vi.""]","[{""pos"":""vt."",""zh"":""授予, 带来"",""en"":""v. have a conference in order to talk something over""},{""pos"":""vi."",""zh"":""协商"",""en"":""v. present""}]","{""pastParticiple"":""conferred"",""thirdPerson"":""confers"",""presentParticiple"":""conferring"",""past"":""conferred""}","[""cet6""]",7144,B2,HARD,ecdict
paralyze,paralyze,'pærәlaiz,,"[""vt.""]","[{""pos"":""vt."",""zh"":""使瘫痪, 使麻痹"",""en"":""v. make powerless and unable to function""},{""pos"":"""",""zh"":""[医] 使麻痹, 使瘫痪"",""en"":""v. cause to be paralyzed and immobile""}]","{""pastParticiple"":""paralyzed"",""thirdPerson"":""paralyzes"",""presentParticiple"":""paralyzing"",""past"":""paralyzed""}","[""cet6""]",7146,B2,HARD,ecdict
thermal,thermal,'θә:ml,,"[""a."",""n.""]","[{""pos"":""a."",""zh"":""热的, 热量的, 温泉的"",""en"":""n. rising current of warm air""},{""pos"":""n."",""zh"":""上升温暖气流"",""en"":""a. relating to or associated with heat""}]","{""plural"":""thermals"",""presentParticiple"":""thermalling""}","[""cet6""]",7148,B2,HARD,ecdict
arouse,arouse,ә'rauz,,"[""vt."",""vi.""]","[{""pos"":""vt."",""zh"":""唤醒, 鼓励, 引起"",""en"":""v. call forth (emotions, feelings, and responses)""},{""pos"":""vi."",""zh"":""醒来"",""en"":""v. to begin moving, \""As the thunder started the sleeping children began to stir\""""}]","{""pastParticiple"":""aroused"",""past"":""aroused"",""presentParticiple"":""arousing"",""thirdPerson"":""arouses""}","[""cet4"",""cet6""]",7151,B2,HARD,ecdict
shrub,shrub,ʃrʌb,,"[""n.""]","[{""pos"":""n."",""zh"":""矮树, 灌木, 果汁甜酒"",""en"":""n. a low woody perennial plant usually having several major stems""}]","{""plural"":""shrubs""}","[""cet6""]",7153,B2,HARD,ecdict
grove,grove,grәuv,,"[""n.""]","[{""pos"":""n."",""zh"":""小树林"",""en"":""n. a small growth of trees without underbrush""}]","{""plural"":""groves""}","[""cet6""]",7155,B2,HARD,ecdict
napkin,napkin,'næpkin,,"[""n.""]","[{""pos"":""n."",""zh"":""餐巾, 餐巾纸, 尿布"",""en"":""n. a small piece of table linen that is used to wipe the mouth and to cover the lap in order to protect clothing""}]","{""plural"":""napkins""}","[""cet6""]",7155,B2,HARD,ecdict
consolidate,consolidate,kәn'sɒlideit,,"[""vt."",""vi.""]","[{""pos"":""vt."",""zh"":""巩固, 使联合, 统一"",""en"":""v. unite into one""},{""pos"":""vi."",""zh"":""巩固"",""en"":""v. make firm or secure; strengthen""},{""pos"":"""",""zh"":""[计] 合并计算"",""en"":""v. bring together into a single whole or system""}]","{""pastParticiple"":""consolidated"",""presentParticiple"":""consolidating"",""past"":""consolidated"",""thirdPerson"":""consolidates""}","[""cet6""]",7157,B2,HARD,ecdict
unload,unload,.ʌn'lәud,,"[""vi."",""vt.""]","[{""pos"":""vi."",""zh"":""卸货"",""en"":""v. take the load off (a container or vehicle)""},{""pos"":""vt."",""zh"":""从...卸下, 摆脱...之负担, 倾销, 卸(货)"",""en"":""""},{""pos"":"""",""zh"":""[计] 卸载"",""en"":""""}]","{""pastParticiple"":""unloaded"",""presentParticiple"":""unloading"",""past"":""unloaded"",""thirdPerson"":""unloads""}","[""cet4"",""cet6""]",7160,B2,HARD,ecdict
cozy,cozy,'kәuzi,,"[""a."",""n."",""vt.""]","[{""pos"":""a."",""zh"":""舒适的, 安逸的, 惬意的"",""en"":""s. enjoying or affording comforting warmth and shelter especially in a small space""},{""pos"":""n."",""zh"":""(茶壶等的)保暖罩, 舒适的座位"",""en"":""s. having or fostering a warm or friendly and informal atmosphere""},{""pos"":""vt."",""zh"":""以假话使安心"",""en"":""s. suggesting connivance""}]","{""presentParticiple"":""cozying"",""comparative"":""cozier""}","[""cet6""]",7168,B2,HARD,ecdict
milky,milky,'milki,,"[""a.""]","[{""pos"":""a."",""zh"":""乳状的, 乳白色的, 柔和的"",""en"":""s. resembling milk in color not clear""}]",{},"[""cet6""]",7173,B2,HARD,ecdict
groan,groan,grәun,,"[""n."",""vi."",""vt.""]","[{""pos"":""n."",""zh"":""呻吟, 叹息"",""en"":""n. an utterance expressing pain or disapproval""},{""pos"":""vi."",""zh"":""呻吟, 抱怨, 受压迫"",""en"":""v. indicate pain, discomfort, or displeasure""},{""pos"":""vt."",""zh"":""呻吟地说"",""en"":""""}]","{""past"":""groaned"",""presentParticiple"":""groaning"",""plural"":""groans"",""thirdPerson"":""groans"",""pastParticiple"":""groaned""}","[""cet4"",""cet6""]",7178,B2,HARD,ecdict
militant,militant,'militәnt,,"[""a.""]","[{""pos"":""a."",""zh"":""好战的"",""en"":""n. a militant reformer""}]","{""plural"":""militants""}","[""cet6""]",7179,B2,HARD,ecdict
dwell,dwell,dwel,,"[""vi.""]","[{""pos"":""vi."",""zh"":""居住, 居住(于), 存在(于)"",""en"":""v. originate (in)""}]","{""pastParticiple"":""dwelt"",""thirdPerson"":""dwells"",""past"":""dwelt"",""presentParticiple"":""dwelling""}","[""cet6""]",7180,B2,HARD,ecdict
torch,torch,tɒ:tʃ,,"[""n.""]","[{""pos"":""n."",""zh"":""火把, 启发之物"",""en"":""n. a light usually carried in the hand; consists of some flammable substance""},{""pos"":"""",""zh"":""[化] 火炬"",""en"":""v. burn maliciously, as by arson""}]","{""plural"":""torches"",""past"":""torched"",""pastParticiple"":""torched"",""presentParticiple"":""torching"",""thirdPerson"":""torches""}","[""cet4"",""cet6""]",7182,B2,HARD,ecdict
hay,hay,hei,,"[""n."",""vt."",""vi.""]","[{""pos"":""n."",""zh"":""干草"",""en"":""n. grass mowed and cured for use as fodder""},{""pos"":""vt."",""zh"":""制干草, 供给干草"",""en"":""v. convert (plant material) into hay""},{""pos"":""vi."",""zh"":""晒干草"",""en"":""""}]","{""plural"":""hays"",""presentParticiple"":""haying"",""past"":""hayed"",""thirdPerson"":""hays"",""pastParticiple"":""hayed""}","[""cet4"",""cet6""]",7184,B2,HARD,ecdict
mistress,mistress,'mistris,,"[""n.""]","[{""pos"":""n."",""zh"":""主妇, 女主人, 情妇"",""en"":""n. an adulterous woman; a woman who has an ongoing extramarital sexual relationship with a man""}]","{""plural"":""mistresses""}","[""cet4"",""cet6""]",7187,B2,HARD,ecdict
terminate,terminate,'tә:mineit,,"[""a."",""vi."",""vt.""]","[{""pos"":""a."",""zh"":""有结尾的, (可)结束的"",""en"":""v bring to an end or halt""},{""pos"":""vi."",""zh"":""结束, 终止, 满期"",""en"":""v have an end, in a temporal, spatial, or quantitative sense; either spatial or metaphorical""},{""pos"":""vt."",""zh"":""使停止, 使结束, 使终止"",""en"":""v be the end of; be the last or concluding part of""},{""pos"":"""",""zh"":""[计] 终止"",""en"":""v terminate the employment of; discharge from an office or position""}]","{""pastParticiple"":""terminated"",""presentParticiple"":""terminating"",""thirdPerson"":""terminates"",""past"":""terminated""}","[""cet6""]",7189,B2,HARD,ecdict
huddle,huddle,'hʌdl,,"[""n."",""vt."",""vi.""]","[{""pos"":""n."",""zh"":""杂乱一团, 混乱, 拥挤"",""en"":""n. (informal) a quick private conference""},{""pos"":""vt."",""zh"":""把...挤在一起, 乱堆, 草率了事, 蜷曲"",""en"":""n. a disorganized and densely packed crowd""},{""pos"":""vi."",""zh"":""挤作一团, 蜷缩"",""en"":""v. crowd or draw together""}]","{""past"":""huddled"",""pastParticiple"":""huddled"",""presentParticiple"":""huddling"",""plural"":""huddles"",""thirdPerson"":""huddles""}","[""cet6""]",7190,B2,HARD,ecdict
beetle,beetle,'bi:tl,,"[""n."",""vi."",""vt.""]","[{""pos"":""n."",""zh"":""甲虫, 大槌"",""en"":""n. insect having biting mouthparts and front wings modified to form horny covers overlying the membranous rear wings""},{""pos"":""vi."",""zh"":""快速移动"",""en"":""v. fly or go in a manner resembling a beetle""},{""pos"":""vt."",""zh"":""捶"",""en"":""v. beat with a beetle""}]","{""plural"":""beetles"",""presentParticiple"":""beetling"",""past"":""beetled"",""thirdPerson"":""beetles"",""pastParticiple"":""beetled""}","[""cet6""]",7196,B2,HARD,ecdict
wreck,wreck,rek,,"[""n."",""vt."",""vi.""]","[{""pos"":""n."",""zh"":""失事, 残骸, 破坏"",""en"":""n. something or someone that has suffered ruin or dilapidation""},{""pos"":""vt."",""zh"":""使失事, 拆毁, 破坏"",""en"":""n. a ship that has been destroyed at sea""},{""pos"":""vi."",""zh"":""(船)失事, 营救失事船只"",""en"":""""}]","{""pastParticiple"":""wrecked"",""past"":""wrecked"",""plural"":""wrecks"",""presentParticiple"":""wrecking"",""thirdPerson"":""wrecks""}","[""cet4"",""cet6""]",7201,B2,HARD,ecdict
pirate,pirate,'paiәrәt,,"[""n."",""vt."",""vi.""]","[{""pos"":""n."",""zh"":""海盗, 盗印者, 侵犯专利权者"",""en"":""n. someone who robs at sea or plunders the land from the sea without having a commission from any sovereign nation""},{""pos"":""vt."",""zh"":""盗印, 掠夺, 翻印"",""en"":""n. a ship that is manned by pirates""},{""pos"":""vi."",""zh"":""做海盗, 从事劫掠"",""en"":""v. copy illegally; of published material""}]","{""plural"":""pirates"",""pastParticiple"":""pirated"",""presentParticiple"":""pirating"",""past"":""pirated"",""thirdPerson"":""pirates""}","[""cet6""]",7206,B2,HARD,ecdict
dusk,dusk,dʌsk,,"[""n."",""a."",""v.""]","[{""pos"":""n."",""zh"":""薄暮, 傍晚, 黄昏"",""en"":""v. become dusk""},{""pos"":""a."",""zh"":""微暗的"",""en"":""""},{""pos"":""v."",""zh"":""(使)微暗"",""en"":""""}]","{""plural"":""dusks"",""presentParticiple"":""dusking"",""past"":""dusked"",""thirdPerson"":""dusks"",""pastParticiple"":""dusked""}","[""cet4"",""cet6""]",7212,B2,HARD,ecdict
masculine,masculine,'mæskjulin,,"[""n."",""a.""]","[{""pos"":""n."",""zh"":""阳性, 男性"",""en"":""n. a gender that refers chiefly (but not exclusively) to males or to objects classified as male""},{""pos"":""a."",""zh"":""男性的, 阳性的, 有丈夫气的"",""en"":""a. of grammatical gender""}]","{""plural"":""masculines""}","[""cet6""]",7215,B2,HARD,ecdict
disposition,disposition,.dispә'ziʃәn,,"[""n.""]","[{""pos"":""n."",""zh"":""性情, 处置, 处理, 布置"",""en"":""n. your usual mood""},{""pos"":"""",""zh"":""[医] 素因, 性情"",""en"":""n. a natural or acquired habit or characteristic tendency in a person or thing""}]","{""plural"":""dispositions""}","[""cet6""]",7219,B2,HARD,ecdict
provocative,provocative,prә'vɒkәtiv,,"[""a."",""n.""]","[{""pos"":""a."",""zh"":""激发感情的, 挑拨的, 刺激的"",""en"":""a. serving or tending to provoke, excite, or stimulate; stimulating discussion or exciting controversy""},{""pos"":""n."",""zh"":""刺激物, 挑拨物, 兴奋剂"",""en"":""s. exciting sexual desire""}]",{},"[""cet6""]",7222,B2,HARD,ecdict
wax,wax,wæks,,"[""n."",""vi."",""vt.""]","[{""pos"":""n."",""zh"":""蜡, 蜡状物, 一阵发怒, 增加, (月亮)渐盈"",""en"":""n. any of various substances of either mineral origin or plant or animal origin; they are solid at normal temperatures and insoluble in water""},{""pos"":""vi."",""zh"":""变大, 增大, 月亮渐满"",""en"":""v. cover with wax""},{""pos"":""vt."",""zh"":""上蜡于"",""en"":""v. go up or advance""}]","{""presentParticiple"":""waxing"",""past"":""waxed"",""plural"":""waxes"",""thirdPerson"":""waxes"",""pastParticiple"":""waxed""}","[""cet4"",""cet6""]",7228,B2,HARD,ecdict
sob,sob,sɒb,,"[""vi."",""vt."",""n.""]","[{""pos"":""vi."",""zh"":""啜泣, 呜咽"",""en"":""n. convulsive gasp made while weeping""},{""pos"":""vt."",""zh"":""哭诉, 哭得使"",""en"":""v. weep convulsively""},{""pos"":""n."",""zh"":""啜泣, 呜咽"",""en"":""""}]","{""presentParticiple"":""sobbing"",""past"":""sobbed"",""plural"":""sobs"",""pastParticiple"":""sobbed"",""thirdPerson"":""sobs""}","[""cet4"",""cet6""]",7230,B2,HARD,ecdict
allegiance,allegiance,ә'li:dʒәns,,"[""n.""]","[{""pos"":""n."",""zh"":""忠贞, 效忠"",""en"":""n. the loyalty that citizens owe to their country (or subjects to their sovereign)""}]","{""plural"":""allegiances""}","[""cet6""]",7232,B2,HARD,ecdict
graceful,graceful,'greisful,,"[""a.""]","[{""pos"":""a."",""zh"":""优美的"",""en"":""a. characterized by beauty of movement, style, form, or execution""}]",{},"[""cet4"",""cet6""]",7236,B2,HARD,ecdict
socialism,socialism,'sәuʃәlizm,,"[""n.""]","[{""pos"":""n."",""zh"":""社会主义, 社会主义运动"",""en"":""n. a political theory advocating state ownership of industry""}]","{""plural"":""socialisms""}","[""cet4"",""cet6""]",7238,B2,HARD,ecdict
disastrous,disastrous,di'zɑ:strәs,,"[""a.""]","[{""pos"":""a."",""zh"":""损失惨重的, 悲伤的"",""en"":""s (of events) having extremely unfortunate or dire consequences; bringing ruin""}]",{},"[""cet6""]",7241,B2,HARD,ecdict
shovel,shovel,'ʃʌvl,,"[""n."",""v.""]","[{""pos"":""n."",""zh"":""铲, 铁铲"",""en"":""n. a hand tool for lifting loose material; consists of a curved container or scoop and a handle""},{""pos"":""v."",""zh"":""铲"",""en"":""n. the quantity a shovel can hold""}]","{""plural"":""shovels"",""presentParticiple"":""shovelling"",""past"":""shovelled"",""pastParticiple"":""shovelled"",""thirdPerson"":""shovels""}","[""cet6""]",7249,B2,HARD,ecdict
puppet,puppet,'pʌpit,,"[""n.""]","[{""pos"":""n."",""zh"":""傀儡, 木偶"",""en"":""n. a small figure of a person operated from above with strings by a puppeteer""},{""pos"":"""",""zh"":""[法] 木偶, 傀儡, 受他人操纵的人"",""en"":""n. a doll with a hollow head of a person or animal and a cloth body; intended to fit over the hand and be manipulated with the fingers""}]","{""plural"":""puppets""}","[""cet4"",""cet6""]",7250,B2,HARD,ecdict
throne,throne,'θrәun,,"[""n.""]","[{""pos"":""n."",""zh"":""王座, 君主"",""en"":""n. the chair of state for a monarch, bishop, etc.""}]","{""plural"":""thrones"",""presentParticiple"":""throning"",""past"":""throned"",""thirdPerson"":""thrones"",""pastParticiple"":""throned""}","[""cet4"",""cet6""]",7253,B2,HARD,ecdict
intricate,intricate,'intrikit,,"[""a.""]","[{""pos"":""a."",""zh"":""复杂的, 错综的, 缠结的, 难懂的"",""en"":""s. having many complexly arranged elements; elaborate""}]","{""presentParticiple"":""intricating""}","[""cet6""]",7255,B2,HARD,ecdict
orchard,orchard,'ɒ:tʃәd,,"[""n.""]","[{""pos"":""n."",""zh"":""果园, 果树林"",""en"":""n garden consisting of a small cultivated wood without undergrowth""}]","{""plural"":""orchards""}","[""cet6""]",7259,B2,HARD,ecdict
renovation,renovation,.renәu'veiʃәn,,"[""n.""]","[{""pos"":""n."",""zh"":""革新, 刷新, 修理"",""en"":""n. the act of improving by renewing and restoring""},{""pos"":"""",""zh"":""[化] 改建"",""en"":""n. the state of being restored to its former good condition""}]","{""plural"":""renovations""}","[""cet6""]",7265,B2,HARD,ecdict
glue,glue,glu:,,"[""n."",""vt.""]","[{""pos"":""n."",""zh"":""胶, 粘性物"",""en"":""n. cement consisting of a sticky substance that is used as an adhesive""},{""pos"":""vt."",""zh"":""粘合, 胶合"",""en"":""v. join or attach with or as if with glue""}]","{""pastParticiple"":""glued"",""past"":""glued"",""plural"":""glues"",""presentParticiple"":""gluing"",""thirdPerson"":""glues""}","[""cet4"",""cet6""]",7268,B2,HARD,ecdict
chord,chord,kɒ:d,,"[""n.""]","[{""pos"":""n."",""zh"":""弦, 和音"",""en"":""n. a straight line connecting two points on a curve""},{""pos"":"""",""zh"":""[医] 索, 带"",""en"":""n. a combination of three or more notes that blend harmoniously when sounded together""}]","{""plural"":""chords"",""presentParticiple"":""chording"",""past"":""chorded"",""thirdPerson"":""chords"",""pastParticiple"":""chorded""}","[""cet6""]",7270,B2,HARD,ecdict
turbine,turbine,'tә:bain,,"[""n.""]","[{""pos"":""n."",""zh"":""涡轮机"",""en"":""n. rotary engine in which the kinetic energy of a moving fluid is converted into mechanical energy by causing a bladed rotor to rotate""},{""pos"":"""",""zh"":""[化] 涡轮机"",""en"":""""}]","{""plural"":""turbines""}","[""cet4"",""cet6""]",7278,B2,HARD,ecdict
incorrect,incorrect,.inkә'rekt,,"[""a.""]","[{""pos"":""a."",""zh"":""不正确的"",""en"":""a. not correct; not in conformity with fact or truth""},{""pos"":"""",""zh"":""[法] 不正确, 错误的, 不适当的"",""en"":""s. (of a word or expression) not agreeing with grammatical principles""}]","{""thirdPerson"":""incorrects""}","[""cet4"",""cet6""]",7280,B2,HARD,ecdict
mankind,mankind,mæn'kaind,,"[""n.""]","[{""pos"":""n."",""zh"":""人类, 男性"",""en"":""n all of the living human inhabitants of the earth""}]",{},"[""cet4"",""cet6""]",7282,B2,HARD,ecdict
veto,veto,'vi:tәu,,"[""n."",""vt.""]","[{""pos"":""n."",""zh"":""否决权"",""en"":""n. a vote that blocks a decision""},{""pos"":""vt."",""zh"":""否决, 禁止"",""en"":""n. the power or right to prohibit or reject a proposed or intended act (especially the power of a chief executive to reject a bill passed by the legislature)""}]","{""pastParticiple"":""vetoed"",""past"":""vetoed"",""presentParticiple"":""vetoing"",""thirdPerson"":""vetoes""}","[""cet6""]",7289,B2,HARD,ecdict
bleak,bleak,bli:k,,"[""a.""]","[{""pos"":""a."",""zh"":""萧瑟的, 荒凉的, 阴冷的"",""en"":""s. unpleasantly cold and damp""}]","{""comparative"":""bleaker"",""superlative"":""bleakest""}","[""cet6""]",7297,B2,HARD,ecdict
setback,setback,'setbæk,,"[""n.""]","[{""pos"":""n."",""zh"":""挫折, 退步, 逆流"",""en"":""n an unfortunate happening that hinders or impedes; something that is thwarting or frustrating""}]","{""plural"":""setbacks""}","[""cet6""]",7298,B2,HARD,ecdict
veil,veil,veil,,"[""n."",""vt."",""vi.""]","[{""pos"":""n."",""zh"":""面纱, 面罩, 借口, 幕, 帐, 遮蔽物"",""en"":""n. a membranous covering attached to the immature fruiting body of certain mushrooms""},{""pos"":""vt."",""zh"":""戴面纱, 隐藏, 遮蔽, 掩饰"",""en"":""v. to obscure, or conceal with or as if with a veil""},{""pos"":""vi."",""zh"":""蒙上面纱"",""en"":""""}]","{""plural"":""veils"",""pastParticiple"":""veiled"",""past"":""veiled"",""presentParticiple"":""veiling"",""thirdPerson"":""veils""}","[""cet4"",""cet6""]",7300,B2,HARD,ecdict
restless,restless,'restlis,,"[""a.""]","[{""pos"":""a."",""zh"":""不安静的, 慌张的, 休息不充分的"",""en"":""s. worried and uneasy""},{""pos"":"""",""zh"":""[医] 不安静的, 不宁的"",""en"":""s. ceaselessly in motion""}]",{},"[""cet4"",""cet6""]",7303,B2,HARD,ecdict
cheerful,cheerful,'tʃiәful,,"[""a.""]","[{""pos"":""a."",""zh"":""快活的, 高兴的, 兴高采烈的"",""en"":""a. being full of or promoting cheer; having or showing good spirits""}]",{},"[""cet4"",""cet6""]",7309,B2,HARD,ecdict
deposition,deposition,.depә'ziʃәn,,"[""n.""]","[{""pos"":""n."",""zh"":""免职, 作证, 沉淀"",""en"":""n. the natural process of laying down a deposit of something""},{""pos"":"""",""zh"":""[化] 沉积"",""en"":""n. (law) a pretrial interrogation of a witness; usually conducted in a lawyer's office""}]","{""plural"":""depositions""}","[""cet6""]",7312,B2,HARD,ecdict
lily,lily,'lili,,"[""n."",""a.""]","[{""pos"":""n."",""zh"":""百合, 百合花"",""en"":""n. any liliaceous plant of the genus Lilium having showy pendulous flowers""},{""pos"":""a."",""zh"":""洁白的, 纯白色的, 纯洁的"",""en"":""""}]","{""plural"":""lilies""}","[""cet6""]",7313,B2,HARD,ecdict
sunrise,sunrise,'sʌnraiz,,"[""n.""]","[{""pos"":""n."",""zh"":""日出, 黎明, 拂晓"",""en"":""n. atmospheric phenomena accompanying the daily appearance of the sun""}]","{""plural"":""sunrises""}","[""cet4"",""cet6""]",7313,B2,HARD,ecdict
extraordinarily,extraordinarily,ik'strɔ:dθnәrili,,"[""adv.""]","[{""pos"":""adv."",""zh"":""非凡, 破例, 特别, 非常, 离奇, 使人惊奇, 惊人, 特命, 特派"",""en"":""r extremely""}]",{},"[""cet6""]",7314,B2,HARD,ecdict
formulation,formulation,.fɒ:mju'leiʃәn,,"[""n.""]","[{""pos"":""n."",""zh"":""系统陈述, 公式化, 配制"",""en"":""n. a substance prepared according to a formula""},{""pos"":"""",""zh"":""[化] 表述; 数学表述; 数式化; 数学表述"",""en"":""n. the style of expressing yourself""}]","{""plural"":""formulations""}","[""cet6""]",7322,B2,HARD,ecdict
diagram,diagram,'daiәɡræm,,"[""n.""]","[{""pos"":""n."",""zh"":""图表；图解"",""en"":""n. a drawing intended to explain how something works; a drawing showing the relation between the parts""}]","{""plural"":""diagrams"",""pastParticiple"":""diagrammed"",""presentParticiple"":""diagramming"",""past"":""diagrammed"",""thirdPerson"":""diagrams""}","[""cet4"",""cet6""]",7324,B2,HARD,ecdict
ginger,ginger,'dʒindʒә,,"[""n."",""a."",""vt.""]","[{""pos"":""n."",""zh"":""姜, 精力, 姜黄色"",""en"":""n. perennial plants having thick branching aromatic rhizomes and leafy reedlike stems""},{""pos"":""a."",""zh"":""姜黄色的"",""en"":""n. dried ground gingerroot""},{""pos"":""vt."",""zh"":""用姜调味, 使活泼, 使有生气"",""en"":""n. pungent rhizome of the common ginger plant; used fresh as a seasoning especially in Asian cookery""}]","{""plural"":""gingers"",""pastParticiple"":""gingered"",""presentParticiple"":""gingering"",""past"":""gingered"",""thirdPerson"":""gingers""}","[""cet6""]",7328,B2,HARD,ecdict
comb,comb,kәum,,"[""n."",""vt."",""vi.""]","[{""pos"":""n."",""zh"":""头梳, 鸡冠"",""en"":""n. a flat device with narrow pointed teeth on one edge; disentangles or arranges hair""},{""pos"":""vt."",""zh"":""梳头发, 梳毛"",""en"":""n. the fleshy red crest on the head of the domestic fowl and other gallinaceous birds""},{""pos"":""vi."",""zh"":""(浪)涌起"",""en"":""n. any of several tools for straightening fibers""}]","{""past"":""combed"",""presentParticiple"":""combing"",""plural"":""combs"",""pastParticiple"":""combed"",""thirdPerson"":""combs""}","[""cet4"",""cet6""]",7329,B2,HARD,ecdict
elimination,elimination,i.limi'neiʃәn,,"[""n.""]","[{""pos"":""n."",""zh"":""除去, 消除, 消灭"",""en"":""n. the act of removing or getting rid of something""},{""pos"":"""",""zh"":""[化] 消去; 脱去"",""en"":""n. the bodily process of discharging waste matter""}]","{""plural"":""eliminations""}","[""cet4"",""cet6""]",7330,B2,HARD,ecdict
hurl,hurl,hә:l,,"[""n."",""vt."",""vi.""]","[{""pos"":""n."",""zh"":""用力的投掷"",""en"":""n. a violent throw""},{""pos"":""vt."",""zh"":""用力投掷, 发射, 愤慨地说出, 丢下"",""en"":""v. throw forcefully""},{""pos"":""vi."",""zh"":""猛投, 猛掷"",""en"":""v. utter with force; utter vehemently""}]","{""past"":""hurled"",""pastParticiple"":""hurled"",""presentParticiple"":""hurling"",""thirdPerson"":""hurls""}","[""cet6""]",7332,B2,HARD,ecdict
luggage,luggage,'lʌgidʒ,,"[""n.""]","[{""pos"":""n."",""zh"":""行李, 皮箱"",""en"":""n cases used to carry belongings when traveling""}]","{""past"":""luggaged""}","[""cet4"",""cet6""]",7333,B2,HARD,ecdict
furnish,furnish,'fә:niʃ,,"[""vt.""]","[{""pos"":""vt."",""zh"":""供给, 提供, 装设"",""en"":""v. provide or equip with furniture""},{""pos"":"""",""zh"":""[化] 供应; 供给; 配料"",""en"":""""}]","{""pastParticiple"":""furnished"",""past"":""furnished"",""presentParticiple"":""furnishing"",""thirdPerson"":""furnishes""}","[""cet4"",""cet6""]",7335,B2,HARD,ecdict
friction,friction,'frikʃәn,,"[""n.""]","[{""pos"":""n."",""zh"":""摩擦, 摩擦治疗, 不和"",""en"":""n. the resistance encountered when one body is moved in contact with another""},{""pos"":"""",""zh"":""[医] 摩擦"",""en"":""n. effort expended in moving one object over another with pressure""}]","{""plural"":""frictions"",""past"":""frictioned""}","[""cet4"",""cet6""]",7336,B2,HARD,ecdict
analytical,analytical,.ænә'litikl,,"[""a.""]","[{""pos"":""a."",""zh"":""分析的, 善于分析的, 解析的"",""en"":""a using or skilled in using analysis (i.e., separating a whole--intellectual or substantial--into its elemental parts or basic principles)""},{""pos"":"""",""zh"":""[机] 分析的"",""en"":""a of a proposition that is necessarily true independent of fact or experience""}]",{},"[""cet6""]",7338,B2,HARD,ecdict
aerial,aerial,'єәriәl,,"[""a."",""n.""]","[{""pos"":""a."",""zh"":""空中的, 航空的, 空气的, 空想的"",""en"":""a. existing or living or growing or operating in the air""},{""pos"":""n."",""zh"":""天线"",""en"":""""}]","{""plural"":""aerials""}","[""cet6""]",7339,B2,HARD,ecdict
kin,kin,kin,,"[""n."",""a.""]","[{""pos"":""n."",""zh"":""亲戚, 同族, 血缘关系, 家族"",""en"":""n. a person having kinship with another or others""},{""pos"":""a."",""zh"":""有亲属关系的, 性质类似的, 同类的"",""en"":""n. group of people related by blood or marriage""}]",{},"[""cet6""]",7340,B2,HARD,ecdict
prosperous,prosperous,'prɒspәrәs,,"[""a.""]","[{""pos"":""a."",""zh"":""成功的, 繁盛的, 幸运的"",""en"":""s in fortunate circumstances financially; moderately rich""},{""pos"":"""",""zh"":""[经] 繁荣的, 昌盛的"",""en"":""s very lively and profitable""}]",{},"[""cet4"",""cet6""]",7343,B2,HARD,ecdict
respectable,respectable,ri'spektәbl,,"[""a."",""n.""]","[{""pos"":""a."",""zh"":""值得尊重的, 人格高尚的, 相当数量的"",""en"":""a. characterized by socially or conventionally acceptable morals""},{""pos"":""n."",""zh"":""品格高尚的人"",""en"":""""}]","{""plural"":""respectables""}","[""cet6""]",7353,B2,HARD,ecdict
tariff,tariff,'tærif,,"[""n."",""vt.""]","[{""pos"":""n."",""zh"":""关税, 关税表, 价格表, 收费表"",""en"":""v. charge a tariff""},{""pos"":""vt."",""zh"":""课以关税"",""en"":""""},{""pos"":"""",""zh"":""[计] 价目表"",""en"":""""}]","{""plural"":""tariffs"",""presentParticiple"":""tariffing"",""past"":""tariffed"",""thirdPerson"":""tariffs"",""pastParticiple"":""tariffed""}","[""cet6""]",7354,B2,HARD,ecdict
ignorant,ignorant,'ignәrәnt,,"[""a.""]","[{""pos"":""a."",""zh"":""无知识的, 不知道的, 由无知产生的"",""en"":""s. uneducated in general; lacking knowledge or sophistication""},{""pos"":"""",""zh"":""[法] 无知的, 愚昧的, 不知情的"",""en"":""s. uneducated in the fundamentals of a given art or branch of learning; lacking knowledge of a specific field""}]","{""plural"":""ignorants""}","[""cet4"",""cet6""]",7357,B2,HARD,ecdict
tick,tick,tik,,"[""n."",""vi."",""vt.""]","[{""pos"":""n."",""zh"":""滴答声, 一瞬间, 壁虱, 褥套, 信用, 赊欠"",""en"":""n. a metallic tapping sound""},{""pos"":""vi."",""zh"":""滴答响, 活动"",""en"":""n. any of two families of small parasitic arachnids with barbed proboscis; feed on blood of warm-blooded animals""},{""pos"":""vt."",""zh"":""滴答地记录, 标记号于"",""en"":""n. a light mattress""}]","{""presentParticiple"":""ticking"",""plural"":""ticks"",""past"":""ticked"",""pastParticiple"":""ticked"",""thirdPerson"":""ticks""}","[""cet4"",""cet6""]",7358,B2,HARD,ecdict
dine,dine,dain,,"[""vi."",""vt.""]","[{""pos"":""vi."",""zh"":""用正餐, 进餐"",""en"":""v. have supper; eat dinner""},{""pos"":""vt."",""zh"":""宴请"",""en"":""v. give dinner to; host for dinner""}]","{""past"":""dined"",""presentParticiple"":""dining"",""pastParticiple"":""dined"",""thirdPerson"":""dines""}","[""cet6""]",7360,B2,HARD,ecdict
dispatch,dispatch,dis'pætʃ,,"[""vt."",""n.""]","[{""pos"":""vt."",""zh"":""派遣"",""en"":""n. an official report (usually sent in haste)""},{""pos"":""n."",""zh"":""派遣, 急件"",""en"":""n. the act of sending off something""},{""pos"":"""",""zh"":""[计] 调度"",""en"":""n. the property of being prompt and efficient""}]","{""pastParticiple"":""dispatched"",""past"":""dispatched"",""plural"":""dispatches"",""presentParticiple"":""dispatching"",""thirdPerson"":""dispatches""}","[""cet6""]",7363,B2,HARD,ecdict
disguise,disguise,dis'gaiz,,"[""n."",""vt.""]","[{""pos"":""n."",""zh"":""假面目, 假装"",""en"":""n. an outward semblance that misrepresents the true nature of something""},{""pos"":""vt."",""zh"":""假装, 隐瞒"",""en"":""n. any attire that modifies the appearance in order to conceal the wearer's identity""}]","{""pastParticiple"":""disguised"",""presentParticiple"":""disguising"",""past"":""disguised"",""thirdPerson"":""disguises"",""plural"":""disguises""}","[""cet4"",""cet6""]",7364,B2,HARD,ecdict
hatch,hatch,hætʃ,,"[""n."",""vt."",""vi.""]","[{""pos"":""n."",""zh"":""孵化, 舱口"",""en"":""n. the production of young from an egg""},{""pos"":""vt."",""zh"":""孵, 孵出, 策划"",""en"":""n. shading consisting of multiple crossing lines""},{""pos"":""vi."",""zh"":""孵化"",""en"":""n. a movable barrier covering a hatchway""}]","{""pastParticiple"":""hatched"",""presentParticiple"":""hatching"",""plural"":""hatches"",""past"":""hatched"",""thirdPerson"":""hatches""}","[""cet4"",""cet6""]",7365,B2,HARD,ecdict
mediate,mediate,'mi:dieit,,"[""a."",""vt."",""vi.""]","[{""pos"":""a."",""zh"":""居间的, 间接的"",""en"":""v. occupy an intermediate or middle position or form a connecting link or stage between two others""},{""pos"":""vt."",""zh"":""斡旋, 调停"",""en"":""a. acting through or dependent on an intervening agency""},{""pos"":""vi."",""zh"":""处于中间, 调解"",""en"":""""}]","{""pastParticiple"":""mediated"",""past"":""mediated"",""presentParticiple"":""mediating"",""thirdPerson"":""mediates""}","[""cet6""]",7370,B2,HARD,ecdict
lipstick,lipstick,'lipstik,,"[""n.""]","[{""pos"":""n."",""zh"":""口红, 唇膏"",""en"":""n. makeup that is used to color the lips""},{""pos"":"""",""zh"":""[机] 口红"",""en"":""v. form by tracing with lipstick""}]","{""plural"":""lipsticks"",""presentParticiple"":""lipsticking"",""past"":""lipsticked""}","[""cet6""]",7372,B2,HARD,ecdict
imitation,imitation,.imi'teiʃәn,,"[""n.""]","[{""pos"":""n."",""zh"":""模仿, 效法, 冒充, 赝品"",""en"":""n. the doctrine that representations of nature or human behavior should be accurate imitations""},{""pos"":"""",""zh"":""[医] 模仿, 仿制, 仿制品"",""en"":""n. something copied or derived from an original""}]","{""plural"":""imitations""}","[""cet6""]",7375,B2,HARD,ecdict
cathedral,cathedral,kә'θi:drәl,,"[""n.""]","[{""pos"":""n."",""zh"":""大教堂"",""en"":""n. any large and important church""}]","{""plural"":""cathedrals""}","[""cet4"",""cet6""]",7382,B2,HARD,ecdict
sideways,sideways,'saidweiz,,"[""adv."",""a.""]","[{""pos"":""adv."",""zh"":""向旁边, 向侧面地"",""en"":""r. with one side forward or to the front""},{""pos"":""a."",""zh"":""旁边的, 向侧面的"",""en"":""r. toward one side""}]",{},"[""cet4"",""cet6""]",7384,B2,HARD,ecdict
selfish,selfish,'selfiʃ,,"[""a.""]","[{""pos"":""a."",""zh"":""自私的, 利己主义的, 自我中心的"",""en"":""a. concerned chiefly or only with yourself and your advantage to the exclusion of others""}]",{},"[""cet4"",""cet6""]",7386,B2,HARD,ecdict
keeper,keeper,'ki:pә,,"[""n.""]","[{""pos"":""n."",""zh"":""监护人, 管理人, 看守人"",""en"":""n. someone in charge of other people""},{""pos"":"""",""zh"":""[机] 保管人, 看守人, 保持片"",""en"":""""}]","{""plural"":""keepers""}","[""cet4"",""cet6""]",7388,B2,HARD,ecdict
ignite,ignite,ig'nait,,"[""vt.""]","[{""pos"":""vt."",""zh"":""点燃, 使灼热, 使兴奋"",""en"":""v. cause to start burning; subject to fire or great heat""}]","{""pastParticiple"":""ignited"",""past"":""ignited"",""presentParticiple"":""igniting"",""thirdPerson"":""ignites""}","[""cet6""]",7393,B2,HARD,ecdict
revolve,revolve,ri'vɒlv,,"[""v.""]","[{""pos"":""v."",""zh"":""(使)旋转, 反复考虑, 循环出现"",""en"":""v. turn on or around an axis or a center""}]","{""thirdPerson"":""revolves"",""past"":""revolved"",""presentParticiple"":""revolving"",""pastParticiple"":""revolved""}","[""cet6""]",7394,B2,HARD,ecdict
alternate,alternate,'ɒ:ltәnәt,,"[""a."",""v.""]","[{""pos"":""a."",""zh"":""交替的, 轮流的, 间隔的"",""en"":""v. go back and forth; swing back and forth between two states or conditions""},{""pos"":""v."",""zh"":""轮流, (使)交替"",""en"":""v. exchange people temporarily to fulfill certain jobs and functions""}]","{""presentParticiple"":""alternating"",""past"":""alternated"",""thirdPerson"":""alternates"",""pastParticiple"":""alternated"",""plural"":""alternates""}","[""cet6""]",7396,B2,HARD,ecdict
contaminate,contaminate,kәn'tæmineit,,"[""vt.""]","[{""pos"":""vt."",""zh"":""弄污, 弄脏, 污染, 毒害"",""en"":""v. make radioactive by adding radioactive material""},{""pos"":"""",""zh"":""[化] 污染"",""en"":""""}]","{""pastParticiple"":""contaminated"",""presentParticiple"":""contaminating"",""thirdPerson"":""contaminates"",""past"":""contaminated"",""plural"":""contaminates""}","[""cet6""]",7402,B2,HARD,ecdict
inhibit,inhibit,in'hibit,,"[""vt."",""vi.""]","[{""pos"":""vt."",""zh"":""禁止, 抑制"",""en"":""v. limit the range or extent of""},{""pos"":""vi."",""zh"":""起抑制作用"",""en"":""v. limit, block, or decrease the action or function of""}]","{""pastParticiple"":""inhibited"",""thirdPerson"":""inhibits"",""presentParticiple"":""inhibiting"",""past"":""inhibited"",""plural"":""inhibits""}","[""cet6""]",7404,B2,HARD,ecdict
hollow,hollow,'hɒlәu,,"[""n."",""a."",""vi."",""vt.""]","[{""pos"":""n."",""zh"":""洞, 窟窿, 山谷"",""en"":""n. a cavity or space in something""},{""pos"":""a."",""zh"":""空的, 虚伪的, 空腹的, 凹的"",""en"":""n. a small valley between mountains""},{""pos"":""vi."",""zh"":""形成空洞"",""en"":""v. remove the interior of""},{""pos"":""vt."",""zh"":""挖空"",""en"":""a. not solid; having a space or gap or cavity""}]","{""plural"":""hollows"",""past"":""hollowed"",""pastParticiple"":""hollowed"",""presentParticiple"":""hollowing"",""thirdPerson"":""hollows""}","[""cet4"",""cet6""]",7413,B2,HARD,ecdict
default,default,di'fɒ:lt,,"[""n."",""v.""]","[{""pos"":""n."",""zh"":""违约, 不履行责任, 缺席, 默认值"",""en"":""n. loss due to not showing up""},{""pos"":""v."",""zh"":""疏怠职责, 缺席, 拖欠, 默认"",""en"":""n. act of failing to meet a financial obligation""},{""pos"":"""",""zh"":""[计] 默认; 默认值; 缺省值"",""en"":""v. fail to pay up""}]","{""plural"":""defaults"",""past"":""defaulted"",""pastParticiple"":""defaulted"",""presentParticiple"":""defaulting"",""thirdPerson"":""defaults""}","[""cet6""]",7415,B2,HARD,ecdict
sickness,sickness,'siknis,,"[""n.""]","[{""pos"":""n."",""zh"":""疾病, 不健康, 呕吐"",""en"":""n. defectiveness or unsoundness""},{""pos"":"""",""zh"":""[医] 病"",""en"":""""}]","{""plural"":""sicknesses""}","[""cet4"",""cet6""]",7417,B2,HARD,ecdict
vibration,vibration,vai'breiʃәn,,"[""n.""]","[{""pos"":""n."",""zh"":""振动, 颤动"",""en"":""n. the act of vibrating""},{""pos"":"""",""zh"":""[化] 振动"",""en"":""n. a distinctive emotional aura experienced instinctively""}]","{""plural"":""vibrations""}","[""cet4"",""cet6""]",7418,B2,HARD,ecdict
merry,merry,'meri,,"[""a.""]","[{""pos"":""a."",""zh"":""快乐的, 愉快的, 嬉戏作乐的"",""en"":""s full of or showing high-spirited merriment""}]","{""comparative"":""merrier"",""superlative"":""merriest""}","[""cet4"",""cet6""]",7420,B2,HARD,ecdict
disperse,disperse,dis'pә:s,,"[""vt."",""vi."",""a.""]","[{""pos"":""vt."",""zh"":""分散, 传播, 散开"",""en"":""v. to cause to separate and go in different directions""},{""pos"":""vi."",""zh"":""分散"",""en"":""v. move away from each other;""},{""pos"":""a."",""zh"":""分散的"",""en"":""v. separate (light) into spectral rays""},{""pos"":"""",""zh"":""[计] 分散"",""en"":""""}]","{""pastParticiple"":""dispersed"",""presentParticiple"":""dispersing"",""thirdPerson"":""disperses"",""past"":""dispersed""}","[""cet6""]",7421,B2,HARD,ecdict
sober,sober,'sәubә,,"[""a."",""vt."",""vi.""]","[{""pos"":""a."",""zh"":""未醉的, 稳重的, 节制的, 严肃的, 不夸大的, 合理的, 朴素的"",""en"":""v. cause to become sober""},{""pos"":""vt."",""zh"":""使醒酒, 使严肃"",""en"":""a. not affected by a chemical substance (especially alcohol)""},{""pos"":""vi."",""zh"":""从醉里醒来, 变严肃"",""en"":""""}]","{""past"":""sobered"",""thirdPerson"":""sobers"",""pastParticiple"":""sobered"",""presentParticiple"":""sobering""}","[""cet4"",""cet6""]",7423,B2,HARD,ecdict
comrade,comrade,'kɒmreid,,"[""n.""]","[{""pos"":""n."",""zh"":""同志, 伙伴"",""en"":""n. a fellow member of the Communist Party""}]","{""plural"":""comrades""}","[""cet4"",""cet6""]",7425,B2,HARD,ecdict
corresponding,corresponding,.kɒri'spɒndiŋ,,"[""a.""]","[{""pos"":""a."",""zh"":""相当的, 一致的, 通信的"",""en"":""s. accompanying""},{""pos"":"""",""zh"":""[计] 对应"",""en"":""s. similar especially in position or purpose""}]","{""lemmaOf"":""correspond"",""lemma"":""i"",""presentParticiple"":""corresponding""}","[""cet4"",""cet6""]",7426,B2,HARD,ecdict
rainbow,rainbow,'reinbәu,,"[""n."",""a.""]","[{""pos"":""n."",""zh"":""彩虹"",""en"":""n. an arc of colored light in the sky caused by refraction of the sun's rays by rain""},{""pos"":""a."",""zh"":""五彩缤纷的"",""en"":""n. an illusory hope""}]","{""plural"":""rainbows""}","[""cet4"",""cet6""]",7427,B2,HARD,ecdict
sleepy,sleepy,'sli:pi,,"[""a.""]","[{""pos"":""a."",""zh"":""困乏的, 欲睡的"",""en"":""s. ready to fall asleep""}]","{""comparative"":""sleepier"",""plural"":""sleepies""}","[""cet4"",""cet6""]",7429,B2,HARD,ecdict
saw,saw,sɒ:,,"[""n."",""vt."",""vi.""]","[{""pos"":""n."",""zh"":""锯子, 谚语"",""en"":""n. hand tool having a toothed blade for cutting""},{""pos"":""vt."",""zh"":""锯, 锯开, 来回移动"",""en"":""v. cut with a saw""},{""pos"":""vi."",""zh"":""拉锯, 移动"",""en"":""""},{""pos"":"""",""zh"":""see的过去式"",""en"":""""}]","{""lemmaOf"":""see"",""lemma"":""p"",""presentParticiple"":""sawing"",""plural"":""saws"",""pastParticiple"":""sawn"",""past"":""sawed"",""thirdPerson"":""saws""}","[""cet4"",""cet6""]",7433,B2,HARD,ecdict
youthful,youthful,'ju:θful,,"[""a.""]","[{""pos"":""a."",""zh"":""年轻的, 青年的"",""en"":""s. suggestive of youth; vigorous and fresh""},{""pos"":"""",""zh"":""[法] 青年的, 年轻的"",""en"":""""}]",{},"[""cet4"",""cet6""]",7434,B2,HARD,ecdict
contradictory,contradictory,.kɒntrә'diktәri,,"[""a."",""n.""]","[{""pos"":""a."",""zh"":""反驳的, 反对的, 抗辩的"",""en"":""n. two propositions are contradictories if both cannot be true (or both cannot be false) at the same time""},{""pos"":""n."",""zh"":""矛盾因素, 对立物"",""en"":""s. of words or propositions so related that both cannot be true and both cannot be false""}]","{""plural"":""contradictories""}","[""cet6""]",7435,B2,HARD,ecdict
flatten,flatten,'flætn,,"[""vi."",""vt.""]","[{""pos"":""vi."",""zh"":""使...不活跃, 变平"",""en"":""v. make flat or flatter""},{""pos"":""vt."",""zh"":""弄平, 打倒, 使失去光泽"",""en"":""v. become flat or flatter""}]","{""pastParticiple"":""flattened"",""past"":""flattened"",""presentParticiple"":""flattening"",""thirdPerson"":""flattens""}","[""cet6""]",7436,B2,HARD,ecdict
nap,nap,næp,,"[""n."",""vi."",""vt.""]","[{""pos"":""n."",""zh"":""小睡, 稍睡, 细毛, 孤注一掷"",""en"":""n. a soft or fuzzy surface texture""},{""pos"":""vi."",""zh"":""小睡, 疏忽"",""en"":""n. sleeping for a short period of time (usually not in bed)""},{""pos"":""vt."",""zh"":""使拉毛, 打盹度过, 预测...为获胜马"",""en"":""v. take a siesta""}]","{""presentParticiple"":""napping"",""plural"":""naps"",""pastParticiple"":""napped"",""past"":""napped"",""thirdPerson"":""naps""}","[""cet4"",""cet6""]",7438,B2,HARD,ecdict
impair,impair,im'pєә,,"[""vt.""]","[{""pos"":""vt."",""zh"":""损害, 减少, 削弱"",""en"":""v. make worse or less effective""},{""pos"":"""",""zh"":""[法] 损害, 伤害, 减少"",""en"":""""}]","{""pastParticiple"":""impaired"",""past"":""impaired"",""thirdPerson"":""impairs"",""presentParticiple"":""impairing""}","[""cet6""]",7440,B2,HARD,ecdict
presently,presently,'prezntli,,"[""adv.""]","[{""pos"":""adv."",""zh"":""目前, 不久"",""en"":""r. at this time or period; now""}]",{},"[""cet4"",""cet6""]",7442,B2,HARD,ecdict
razor,razor,'reizә,,"[""n."",""vt.""]","[{""pos"":""n."",""zh"":""剃刀"",""en"":""n. edge tool used in shaving""},{""pos"":""vt."",""zh"":""剃"",""en"":""v. shave with a razor""}]","{""plural"":""razors""}","[""cet4"",""cet6""]",7444,B2,HARD,ecdict
charcoal,charcoal,'tʃɑ:kәul,,"[""n.""]","[{""pos"":""n."",""zh"":""木炭"",""en"":""n. a carbonaceous material obtained by heating wood or other organic matter in the absence of air""},{""pos"":"""",""zh"":""[化] 木炭"",""en"":""n. a stick of black carbon material used for drawing""}]","{""plural"":""charcoals"",""pastParticiple"":""charcoaled"",""presentParticiple"":""charcoaling"",""past"":""charcoaled"",""thirdPerson"":""charcoals""}","[""cet6""]",7448,B2,HARD,ecdict
intrinsic,intrinsic,in'trinsik,,"[""a.""]","[{""pos"":""a."",""zh"":""本质的, 原有的, 真正的"",""en"":""a. belonging to a thing by its very nature""},{""pos"":"""",""zh"":""[医] 内部的, 内在的"",""en"":""s. situated within or belonging solely to the organ or body part on which it acts""}]","{""plural"":""intrinsics""}","[""cet6""]",7449,B2,HARD,ecdict
starve,starve,stɑ:v,,"[""v.""]","[{""pos"":""v."",""zh"":""(使)饿死, (使)挨饿"",""en"":""v. be hungry; go without food""}]","{""pastParticiple"":""starved"",""presentParticiple"":""starving"",""past"":""starved"",""thirdPerson"":""starves""}","[""cet4"",""cet6""]",7450,B2,HARD,ecdict
impatient,impatient,im'peiʃәnt,,"[""a.""]","[{""pos"":""a."",""zh"":""不耐烦的, 着急的, 急切的"",""en"":""a. restless or short-tempered under delay or opposition""}]",{},"[""cet4"",""cet6""]",7451,B2,HARD,ecdict
reclaim,reclaim,ri'kleim,,"[""vt."",""vi.""]","[{""pos"":""vt."",""zh"":""开垦, 改造, 感化, 纠正, 回收"",""en"":""v. claim back""},{""pos"":""vi."",""zh"":""喊叫, 抗议"",""en"":""v. reuse (materials from waste products)""}]","{""pastParticiple"":""reclaimed"",""presentParticiple"":""reclaiming"",""past"":""reclaimed"",""thirdPerson"":""reclaims""}","[""cet6""]",7452,B2,HARD,ecdict
prevalence,prevalence,'prevәlәns,,"[""n.""]","[{""pos"":""n."",""zh"":""普遍, 流行, 广泛"",""en"":""n. the quality of prevailing generally; being widespread""},{""pos"":"""",""zh"":""[医] 流行, 盛行"",""en"":""n. (epidemiology) the ratio (for a given time period) of the number of occurrences of a disease or event to the number of units at risk in the population""}]","{""plural"":""prevalences""}","[""cet6""]",7455,B2,HARD,ecdict
fertile,fertile,'fә:tail,,"[""a.""]","[{""pos"":""a."",""zh"":""可繁殖的, 肥沃的, 生产多的"",""en"":""a. capable of reproducing""},{""pos"":"""",""zh"":""[医] 能生育的"",""en"":""""}]",{},"[""cet4"",""cet6""]",7458,B2,HARD,ecdict
wield,wield,wi:ld,,"[""vt.""]","[{""pos"":""vt."",""zh"":""挥舞, 运用"",""en"":""v. have and exercise""}]","{""presentParticiple"":""wielding"",""past"":""wielded"",""thirdPerson"":""wields"",""pastParticiple"":""wielded""}","[""cet6""]",7460,B2,HARD,ecdict
timely,timely,'taili,,"[""a."",""adv.""]","[{""pos"":""a."",""zh"":""及时的, 适时的"",""en"":""s. before a time limit expires""},{""pos"":""adv."",""zh"":""及时地"",""en"":""s. done or happening at the appropriate or proper time""}]",{},"[""cet6""]",7462,B2,HARD,ecdict
disgust,disgust,dis'gʌst,,"[""n."",""vi."",""vt.""]","[{""pos"":""n."",""zh"":""厌恶, 嫌恶"",""en"":""n. strong feelings of dislike""},{""pos"":""vi."",""zh"":""令人厌恶"",""en"":""v. fill with distaste""},{""pos"":""vt."",""zh"":""使作呕"",""en"":""v. cause aversion in; offend the moral sense of""}]","{""pastParticiple"":""disgusted"",""past"":""disgusted"",""thirdPerson"":""disgusts"",""presentParticiple"":""disgusting""}","[""cet4"",""cet6""]",7464,B2,HARD,ecdict
prose,prose,prәuz,,"[""n."",""v."",""a.""]","[{""pos"":""n."",""zh"":""散文"",""en"":""n. ordinary writing as distinguished from verse""},{""pos"":""v."",""zh"":""写散文"",""en"":""n. matter of fact, commonplace, or dull expression""},{""pos"":""a."",""zh"":""散文的, 平凡的"",""en"":""""}]","{""plural"":""proses"",""presentParticiple"":""prosing""}","[""cet6""]",7468,B2,HARD,ecdict
doom,doom,du:m,,"[""n."",""vt.""]","[{""pos"":""n."",""zh"":""厄运, 不幸, 法律, 宣告, 判决, 死亡"",""en"":""n. an unpleasant or disastrous destiny""},{""pos"":""vt."",""zh"":""命中注定, 判决"",""en"":""v. make certain of the failure or destruction of""}]","{""pastParticiple"":""doomed"",""presentParticiple"":""dooming"",""plural"":""dooms"",""past"":""doomed"",""thirdPerson"":""dooms""}","[""cet6""]",7469,B2,HARD,ecdict
niece,niece,ni:s,,"[""n.""]","[{""pos"":""n."",""zh"":""侄女, 甥女"",""en"":""n. a daughter of your brother or sister""}]","{""plural"":""nieces""}","[""cet4"",""cet6""]",7475,B2,HARD,ecdict
rainy,rainy,'reini,,"[""a.""]","[{""pos"":""a."",""zh"":""下雨的, 多雨的"",""en"":""s (of weather) wet by periods of rain""}]","{""superlative"":""rainiest""}","[""cet4"",""cet6""]",7477,B2,HARD,ecdict
layout,layout,'leiaut,,"[""n.""]","[{""pos"":""n."",""zh"":""布局, 陈列, 规划图, 页面布局, 版面编排"",""en"":""n. a plan or design of something that is laid out""},{""pos"":"""",""zh"":""[计] 页面布局, 版面"",""en"":""n. the act of laying out (as by making plans for something)""}]","{""plural"":""layouts""}","[""cet4"",""cet6""]",7478,B2,HARD,ecdict
capsule,capsule,'kæpsju:l,,"[""n.""]","[{""pos"":""n."",""zh"":""胶囊, 蒴果, 瓶帽, 航天舱"",""en"":""n. a small container""},{""pos"":"""",""zh"":""[化] 胶囊剂"",""en"":""n. a pill in the form of a small rounded gelatinous container with medicine inside""}]","{""plural"":""capsules"",""presentParticiple"":""capsuling"",""past"":""capsuled"",""thirdPerson"":""capsules"",""pastParticiple"":""capsuled""}","[""cet6""]",7480,B2,HARD,ecdict
hamburger,hamburger,'hæmbә:gә,,"[""n.""]","[{""pos"":""n."",""zh"":""汉堡(德国港口), 肉饼, 汉堡包, 纯精牛肉, 汉堡牛排"",""en"":""n. a sandwich consisting of a fried cake of minced beef served on a bun, often with other ingredients""}]","{""plural"":""hamburgers""}","[""cet4"",""cet6""]",7483,B2,HARD,ecdict
accidental,accidental,.æksi'dentl,,"[""a."",""n.""]","[{""pos"":""a."",""zh"":""意外的, 偶然的, 非主要的, 附属的"",""en"":""n. a musical notation that makes a note sharp or flat or natural although that is not part of the key signature""},{""pos"":""n."",""zh"":""临时记号, 次要方面"",""en"":""s. happening by chance or unexpectedly or unintentionally""}]","{""plural"":""accidentals""}","[""cet4"",""cet6""]",7485,B2,HARD,ecdict
lever,lever,'levә,,"[""n."",""vt."",""vi.""]","[{""pos"":""n."",""zh"":""杠杆, 似杠杆之工具"",""en"":""n. a rigid bar pivoted about a fulcrum""},{""pos"":""vt."",""zh"":""撬开"",""en"":""n. a simple machine that gives a mechanical advantage when given a fulcrum""},{""pos"":""vi."",""zh"":""使用杠杆"",""en"":""n. a flat metal tumbler in a lever lock""}]","{""plural"":""levers"",""past"":""levered"",""presentParticiple"":""levering"",""pastParticiple"":""levered"",""thirdPerson"":""levers""}","[""cet4"",""cet6""]",7487,B2,HARD,ecdict
upright,upright,'ʌprait,,"[""a.""]","[{""pos"":""a."",""zh"":""正直的, 诚实的, 公正的, 垂直的, 竖式的"",""en"":""n. a vertical structural member as a post or stake""},{""pos"":"""",""zh"":""[化] 立杆"",""en"":""n. a piano with a vertical sounding board""}]","{""plural"":""uprights"",""pastParticiple"":""uprighted""}","[""cet4"",""cet6""]",7488,B2,HARD,ecdict
abolish,abolish,ә'bɒliʃ,,"[""vt.""]","[{""pos"":""vt."",""zh"":""废止, 革除, 消灭"",""en"":""v. do away with""},{""pos"":"""",""zh"":""[经] 废除, 取消, 裁撤"",""en"":""""}]","{""pastParticiple"":""abolished"",""presentParticiple"":""abolishing"",""past"":""abolished"",""thirdPerson"":""abolishes""}","[""cet6""]",7490,B2,HARD,ecdict
persistence,persistence,pә'sistәns,,"[""n.""]","[{""pos"":""n."",""zh"":""固执, 坚持不懈, 持续(性), 存留(状态)"",""en"":""n the property of a continuous and connected period of time""},{""pos"":"""",""zh"":""[电] 持久"",""en"":""n persistent determination""}]",{},"[""cet6""]",7491,B2,HARD,ecdict
liberate,liberate,'libәreit,,"[""vt.""]","[{""pos"":""vt."",""zh"":""解放, 释放, 使自由"",""en"":""v. grant freedom to""},{""pos"":"""",""zh"":""[机] 释出, 放出"",""en"":""""}]","{""pastParticiple"":""liberated"",""past"":""liberated"",""thirdPerson"":""liberates"",""presentParticiple"":""liberating""}","[""cet4"",""cet6""]",7492,B2,HARD,ecdict
yacht,yacht,jɒt,,"[""n."",""vi.""]","[{""pos"":""n."",""zh"":""快艇, 游艇"",""en"":""n. an expensive vessel propelled by sail or power and used for cruising or racing""},{""pos"":""vi."",""zh"":""驾游艇, 乘游艇"",""en"":""v. travel in a yacht""}]","{""plural"":""yachts"",""presentParticiple"":""yachting"",""past"":""yachted"",""thirdPerson"":""yachts"",""pastParticiple"":""yachted""}","[""cet6""]",7495,B2,HARD,ecdict
fort,fort,fɒ:t,,"[""n."",""vt."",""vi.""]","[{""pos"":""n."",""zh"":""堡垒, 要塞, 易货站"",""en"":""v. gather in, or as if in, a fort, as for protection or defense""},{""pos"":""vt."",""zh"":""设要塞保卫"",""en"":""v. station (troops) in a fort""},{""pos"":""vi."",""zh"":""设要塞"",""en"":""""}]","{""plural"":""forts""}","[""cet6""]",7497,B2,HARD,ecdict
liner,liner,'lainә,,"[""n.""]","[{""pos"":""n."",""zh"":""班机, 划线者, 定期船, 衬里"",""en"":""n. (baseball) a hit that flies straight out from the batter""},{""pos"":"""",""zh"":""[化] 衬垫; 垫带; 套管"",""en"":""n. a piece of cloth that is used as the inside surface of a garment""}]","{""plural"":""liners""}","[""cet4"",""cet6""]",7501,B2,HARD,ecdict
librarian,librarian,lai'brєәriәn,,"[""n.""]","[{""pos"":""n."",""zh"":""图书馆员, 图书管理员"",""en"":""n. a professional person trained in library science and engaged in library services""},{""pos"":"""",""zh"":""[计] 程序库管理程序; 程序库生成程序"",""en"":""""}]","{""plural"":""librarians""}","[""cet4"",""cet6""]",7502,B2,HARD,ecdict
inferior,inferior,in'fiәriә,,"[""a."",""n.""]","[{""pos"":""a."",""zh"":""次等的, 较差的, 下方的, 下级的"",""en"":""n. one of lesser rank or station or quality""},{""pos"":""n."",""zh"":""部下, 次品, 下标(符号)"",""en"":""a. of or characteristic of low rank or importance""}]","{""plural"":""inferiors""}","[""cet4"",""cet6""]",7505,B2,HARD,ecdict
diversion,diversion,dai'vә:ʒәn,,"[""n.""]","[{""pos"":""n."",""zh"":""转移"",""en"":""n. an activity that diverts or amuses or stimulates""},{""pos"":"""",""zh"":""[医] 转向"",""en"":""n. a turning aside (of your course or attention or concern)""}]","{""plural"":""diversions""}","[""cet6""]",7508,B2,HARD,ecdict
distortion,distortion,dis'tɒ:ʃәn,,"[""n.""]","[{""pos"":""n."",""zh"":""扭曲, 变形, 曲解"",""en"":""n. a change for the worse""},{""pos"":"""",""zh"":""[计] 畸变; 失真"",""en"":""n. a change (usually undesired) in the waveform of an acoustic or analog electrical signal; the difference between two measurements of a signal (as between the input and output signal)""}]","{""plural"":""distortions""}","[""cet6""]",7511,B2,HARD,ecdict
subsidiary,subsidiary,sәb'sidiәri,,"[""n."",""a.""]","[{""pos"":""n."",""zh"":""子公司, 附件, 辅助者"",""en"":""n an assistant subject to the authority or control of another""},{""pos"":""a."",""zh"":""辅助的, 次要的, 津贴的"",""en"":""n a company that is completely controlled by another company""}]","{""plural"":""subsidiaries""}","[""cet6""]",7513,B2,HARD,ecdict
prophet,prophet,'prɒfit,,"[""n.""]","[{""pos"":""n."",""zh"":""预言者, 先知, 提倡者"",""en"":""n. an authoritative person who divines the future""}]","{""plural"":""prophets""}","[""cet6""]",7514,B2,HARD,ecdict
orphan,orphan,'ɒ:fәn,,"[""n."",""a."",""vt.""]","[{""pos"":""n."",""zh"":""孤儿"",""en"":""n. a child who has lost both parents""},{""pos"":""a."",""zh"":""无双亲的, 孤儿的"",""en"":""n. someone or something who lacks support or care or supervision""},{""pos"":""vt."",""zh"":""使成孤儿"",""en"":""n. the first line of a paragraph that is set as the last line of a page or column""},{""pos"":"""",""zh"":""[计] 弧体"",""en"":""n. a young animal without a mother""}]","{""plural"":""orphans"",""presentParticiple"":""orphaning"",""past"":""orphaned"",""thirdPerson"":""orphans"",""pastParticiple"":""orphaned""}","[""cet4"",""cet6""]",7521,B2,HARD,ecdict
graze,graze,greiz,,"[""n."",""v.""]","[{""pos"":""n."",""zh"":""吃草, 放牧, 擦伤, 轻擦"",""en"":""n. a superficial abrasion""},{""pos"":""v."",""zh"":""(使)吃草, 放牧, 轻擦, 擦伤"",""en"":""n. the act of grazing""}]","{""presentParticiple"":""grazing"",""pastParticiple"":""grazed"",""past"":""grazed"",""thirdPerson"":""grazes"",""plural"":""grazes""}","[""cet6""]",7524,B2,HARD,ecdict
reel,reel,ri:l,,"[""n."",""vt."",""vi.""]","[{""pos"":""n."",""zh"":""卷轴, 一卷, 纺车, 旋转, 蹒跚"",""en"":""n. a roll of photographic film holding a series of frames to be projected by a movie projector""},{""pos"":""vt."",""zh"":""卷...于轴上, 绕, 使旋转"",""en"":""n. music composed for dancing a reel""},{""pos"":""vi."",""zh"":""蹒跚地走, 旋转, 眩晕, 摇晃, 退缩"",""en"":""n. winder consisting of a revolving spool with a handle; attached to a fishing rod""},{""pos"":"""",""zh"":""[计] 卷; 盘"",""en"":""n. a lively dance of Scottish Highlanders; marked by circular moves and gliding steps""}]","{""presentParticiple"":""reeling"",""past"":""reeled"",""plural"":""reels"",""thirdPerson"":""reels"",""pastParticiple"":""reeled""}","[""cet4"",""cet6""]",7527,B2,HARD,ecdict
enlarge,enlarge,in'lɑ:dʒ,,"[""vt."",""vi.""]","[{""pos"":""vt."",""zh"":""扩大, 增大"",""en"":""v. make larger""},{""pos"":""vi."",""zh"":""扩大, 详述"",""en"":""v. become larger or bigger""}]","{""pastParticiple"":""enlarged"",""presentParticiple"":""enlarging"",""past"":""enlarged"",""thirdPerson"":""enlarges"",""plural"":""enlarges""}","[""cet4"",""cet6""]",7530,B2,HARD,ecdict
alleviate,alleviate,ә'li:vieit,,"[""vt.""]","[{""pos"":""vt."",""zh"":""减轻, 使缓和"",""en"":""v provide physical relief, as from pain""}]","{""pastParticiple"":""alleviated"",""presentParticiple"":""alleviating"",""thirdPerson"":""alleviates"",""past"":""alleviated""}","[""cet6""]",7531,B2,HARD,ecdict
systematically,systematically,.sisti'mætikli,,"[""adv.""]","[{""pos"":""adv."",""zh"":""有系统地, 有组织地, 有条理地"",""en"":""r. in a systematic or consistent manner""}]",{},"[""cet6""]",7537,B2,HARD,ecdict
mock,mock,mɒk,,"[""n."",""a."",""adv."",""vt."",""vi.""]","[{""pos"":""n."",""zh"":""嘲笑, 戏弄, 模仿"",""en"":""n. the act of mocking or ridiculing""},{""pos"":""a."",""zh"":""假的, 伪造的, 模拟的"",""en"":""v. treat with contempt""},{""pos"":""adv."",""zh"":""虚伪地"",""en"":""v. imitate with mockery and derision""},{""pos"":""vt."",""zh"":""嘲弄, 模仿, 使失望, 欺骗, 挫败"",""en"":""s. constituting a copy or imitation of something""},{""pos"":""vi."",""zh"":""嘲弄"",""en"":""""}]","{""past"":""mocked"",""pastParticiple"":""mocked"",""presentParticiple"":""mocking"",""thirdPerson"":""mocks"",""plural"":""mocks""}","[""cet6""]",7541,B2,HARD,ecdict
arbitrary,arbitrary,'ɑ:bitrәri,,"[""a.""]","[{""pos"":""a."",""zh"":""任意的, 武断的, 专治的, 霸道的"",""en"":""a. based on or subject to individual discretion or preference or sometimes impulse or caprice""}]",{},"[""cet4"",""cet6""]",7545,B2,HARD,ecdict
scrub,scrub,skrʌb,,"[""n."",""vt."",""vi."",""a.""]","[{""pos"":""n."",""zh"":""用力擦洗, 矮树, 矮人, 渺小之物"",""en"":""n. dense vegetation consisting of stunted trees or bushes""},{""pos"":""vt."",""zh"":""用力擦洗, 擦掉, 摩擦"",""en"":""n. the act of cleaning a surface by rubbing it with a brush and soap and water""},{""pos"":""vi."",""zh"":""擦洗干净, 进行手臂消毒"",""en"":""v. clean with hard rubbing""},{""pos"":""a."",""zh"":""次等的, 矮小的, 非正规球队的, 临时凑合的"",""en"":""v. wash thoroughly""}]","{""pastParticiple"":""scrubbed"",""presentParticiple"":""scrubbing"",""past"":""scrubbed"",""thirdPerson"":""scrubs"",""plural"":""scrubs""}","[""cet6""]",7546,B2,HARD,ecdict
stubborn,stubborn,'stʌbәn,,"[""a.""]","[{""pos"":""a."",""zh"":""顽固的, 不听话的, 执拗的, 棘手的"",""en"":""a. tenaciously unwilling or marked by tenacious unwillingness to yield""}]",{},"[""cet6""]",7548,B2,HARD,ecdict
resemblance,resemblance,ri'zemblәns,,"[""n.""]","[{""pos"":""n."",""zh"":""相似处, 类似, 肖像"",""en"":""n. similarity in appearance or external or superficial details""}]","{""plural"":""resemblances""}","[""cet6""]",7553,B2,HARD,ecdict
avert,avert,ә'vә:t,,"[""vt.""]","[{""pos"":""vt."",""zh"":""转开, 避免, 防止"",""en"":""v. turn away or aside""}]","{""pastParticiple"":""averted"",""past"":""averted"",""presentParticiple"":""averting"",""thirdPerson"":""averts""}","[""cet6""]",7555,B2,HARD,ecdict
cavity,cavity,'kæviti,,"[""n.""]","[{""pos"":""n."",""zh"":""洞, 空穴, 腔"",""en"":""n. space that is surrounded by something""},{""pos"":"""",""zh"":""[化] 空穴"",""en"":""n. soft decayed area in a tooth; progressive decay can lead to the death of a tooth""}]","{""plural"":""cavities""}","[""cet6""]",7556,B2,HARD,ecdict
conjunction,conjunction,kәn'dʒʌŋkʃәn,,"[""n.""]","[{""pos"":""n."",""zh"":""连接词, 联合, 结合"",""en"":""n. an uninflected function word that serves to conjoin words or phrases or clauses or sentences""},{""pos"":"""",""zh"":""[计] 合取"",""en"":""n. the grammatical relation between linguistic units (words or phrases or clauses) that are connected by a conjunction""}]","{""plural"":""conjunctions""}","[""cet4"",""cet6""]",7557,B2,HARD,ecdict
detain,detain,di'tein,,"[""vt.""]","[{""pos"":""vt."",""zh"":""扣留, 扣押, 耽搁"",""en"":""v deprive of freedom; take into confinement""},{""pos"":"""",""zh"":""[法] 拘留, 扣押, 留住"",""en"":""v stop or halt""}]","{""pastParticiple"":""detained"",""presentParticiple"":""detaining"",""past"":""detained"",""thirdPerson"":""detains""}","[""cet6""]",7558,B2,HARD,ecdict
outdoors,outdoors,'aut'dɒ:z,,"[""n."",""adv.""]","[{""pos"":""n."",""zh"":""户外, 野外活动"",""en"":""n. where the air is unconfined""},{""pos"":""adv."",""zh"":""在户外, 在野外"",""en"":""""}]",{},"[""cet4"",""cet6""]",7559,B2,HARD,ecdict
compliment,compliment,'kɒmplimәnt,,"[""n."",""vt.""]","[{""pos"":""n."",""zh"":""称赞, 恭维, 敬意"",""en"":""n. a remark (or act) expressing praise and admiration""},{""pos"":""vt."",""zh"":""称赞, 褒扬, 恭维"",""en"":""v. say something to someone that expresses praise""}]","{""plural"":""compliments"",""past"":""complimented"",""pastParticiple"":""complimented"",""presentParticiple"":""complimenting"",""thirdPerson"":""compliments""}","[""cet6""]",7568,B2,HARD,ecdict
pedestrian,pedestrian,pә'destriәn,,"[""n."",""a.""]","[{""pos"":""n."",""zh"":""行人, 步行者"",""en"":""n. a person who travels by foot""},{""pos"":""a."",""zh"":""人行的, 徒步的, 呆板的, 通俗的, 平淡无奇的"",""en"":""s. lacking wit or imagination""}]","{""plural"":""pedestrians""}","[""cet6""]",7573,B2,HARD,ecdict
agony,agony,'ægәni,,"[""n.""]","[{""pos"":""n."",""zh"":""极大的痛苦, 挣扎"",""en"":""n. intense feelings of suffering; acute mental or physical pain""},{""pos"":"""",""zh"":""[医] 濒死苦闷; 剧痛"",""en"":""n. a state of acute pain""}]","{""plural"":""agonies""}","[""cet4"",""cet6""]",7577,B2,HARD,ecdict
shorten,shorten,'ʃɒ:tn,,"[""vt."",""vi.""]","[{""pos"":""vt."",""zh"":""弄短, 缩短, 减少"",""en"":""v. make shorter than originally intended; reduce or retrench in length or duration""},{""pos"":""vi."",""zh"":""缩小, 变短"",""en"":""v. make short or shorter""}]","{""pastParticiple"":""shortened"",""presentParticiple"":""shortening"",""thirdPerson"":""shortens"",""past"":""shortened""}","[""cet6""]",7578,B2,HARD,ecdict
applicable,applicable,'æplikәbl,,"[""a.""]","[{""pos"":""a."",""zh"":""合适的, 可应用的"",""en"":""s. capable of being applied; having relevance""},{""pos"":"""",""zh"":""[法] 适用的, 适应的"",""en"":""""}]",{},"[""cet4"",""cet6""]",7582,B2,HARD,ecdict
accustom,accustom,ә'kʌstәm,,"[""vt.""]","[{""pos"":""vt."",""zh"":""使习惯于"",""en"":""v make psychologically or physically used (to something)""}]","{""pastParticiple"":""accustomed"",""past"":""accustomed"",""thirdPerson"":""accustoms"",""presentParticiple"":""accustoming""}","[""cet4"",""cet6""]",7584,B2,HARD,ecdict
deteriorate,deteriorate,di'tiәriәreit,,"[""v.""]","[{""pos"":""v."",""zh"":""(使)恶化"",""en"":""v. become worse or disintegrate""}]","{""past"":""deteriorated"",""pastParticiple"":""deteriorated"",""thirdPerson"":""deteriorates"",""presentParticiple"":""deteriorating""}","[""cet6""]",7587,B2,HARD,ecdict
collide,collide,kә'laid,,"[""vi.""]","[{""pos"":""vi."",""zh"":""碰撞, 互撞, 抵触"",""en"":""v. cause to collide""}]","{""past"":""collided"",""presentParticiple"":""colliding"",""pastParticiple"":""collided"",""thirdPerson"":""collides""}","[""cet6""]",7588,B2,HARD,ecdict
reap,reap,ri:p,,"[""vt."",""vi.""]","[{""pos"":""vt."",""zh"":""收割, 收获, 获得"",""en"":""v. gather, as of natural products""},{""pos"":""vi."",""zh"":""收割, 得到报应"",""en"":""v. get or derive""}]","{""presentParticiple"":""reaping"",""past"":""reaped"",""pastParticiple"":""reaped"",""thirdPerson"":""reaps""}","[""cet4"",""cet6""]",7589,B2,HARD,ecdict
feasible,feasible,'fi:zәbl,,"[""a.""]","[{""pos"":""a."",""zh"":""能实行的, 可行的, 适宜的"",""en"":""s. capable of being done with means at hand and circumstances as they are""},{""pos"":"""",""zh"":""[法] 可行的, 可执行的, 可完成的"",""en"":""""}]",{},"[""cet4"",""cet6""]",7591,B2,HARD,ecdict
mastery,mastery,'mɑ:stәri,,"[""n.""]","[{""pos"":""n."",""zh"":""征服, 统治权, 优势, 精通, 掌握"",""en"":""n. the act of mastering or subordinating someone""},{""pos"":"""",""zh"":""[法] 统治权, 控制权, 征服"",""en"":""""}]",{},"[""cet6""]",7593,B2,HARD,ecdict
arrogant,arrogant,'ærәɡәnt,,"[""a.""]","[{""pos"":""a."",""zh"":""自大的, 傲慢的"",""en"":""s. having or showing feelings of unwarranted importance out of overbearing pride""}]",{},"[""cet6""]",7597,B2,HARD,ecdict
dubious,dubious,'dju:biәs,,"[""a.""]","[{""pos"":""a."",""zh"":""可疑的, 不确定的"",""en"":""s. not convinced""}]",{},"[""cet6""]",7599,B2,HARD,ecdict
bypass,bypass,'baipɑ:s,,"[""n."",""vt.""]","[{""pos"":""n."",""zh"":""旁路"",""en"":""n. a surgically created shunt (usually around a damaged part)""},{""pos"":""vt."",""zh"":""省略, 绕过, 忽视, 回避"",""en"":""v. avoid something unpleasant or laborious""}]","{""presentParticiple"":""bypassing"",""pastParticiple"":""bypassed"",""plural"":""bypasses"",""past"":""bypassed"",""thirdPerson"":""bypasses""}","[""cet6""]",7601,B2,HARD,ecdict
vent,vent,vent,,"[""n."",""vt.""]","[{""pos"":""n."",""zh"":""排气口, 出口, 通风孔, 发泄"",""en"":""n. a hole for the escape of gas or air""},{""pos"":""vt."",""zh"":""发泄, 排出, 给...开孔"",""en"":""n. external opening of urinary or genital system of a lower vertebrate""}]","{""plural"":""vents"",""presentParticiple"":""venting"",""past"":""vented"",""pastParticiple"":""vented"",""thirdPerson"":""vents""}","[""cet6""]",7608,B2,HARD,ecdict
eclipse,eclipse,i'klips,,"[""n."",""vt.""]","[{""pos"":""n."",""zh"":""日食, 月食, (地位名誉等的)消失"",""en"":""n. one celestial body obscures another""},{""pos"":""vt."",""zh"":""引起日食, 引起月食, 使黯然失色"",""en"":""v. cause an eclipse of (a celestial body) by intervention""}]","{""pastParticiple"":""eclipsed"",""plural"":""eclipses"",""past"":""eclipsed"",""presentParticiple"":""eclipsing"",""thirdPerson"":""eclipses""}","[""cet6""]",7609,B2,HARD,ecdict
foresee,foresee,fɒ:'si:,,"[""vt.""]","[{""pos"":""vt."",""zh"":""预见, 预知"",""en"":""v realize beforehand""}]","{""pastParticiple"":""foreseen"",""past"":""foresaw"",""thirdPerson"":""foresees"",""presentParticiple"":""foreseeing""}","[""cet6""]",7614,B2,HARD,ecdict
premier,premier,'pri:mjә,,"[""n."",""a.""]","[{""pos"":""n."",""zh"":""总理, 首相"",""en"":""v. be performed for the first time""},{""pos"":""a."",""zh"":""首位的, 最初的"",""en"":""v. perform a work for the first time""}]","{""plural"":""premiers"",""pastParticiple"":""premiered"",""past"":""premiered"",""presentParticiple"":""premiering"",""thirdPerson"":""premiers""}","[""cet4"",""cet6""]",7616,B2,HARD,ecdict
peril,peril,'peril,,"[""n."",""vt.""]","[{""pos"":""n."",""zh"":""危险, 冒...之险, 险境, 险因"",""en"":""n a source of danger; a possibility of incurring loss or misfortune""},{""pos"":""vt."",""zh"":""置...于险境, 冒险, 危及"",""en"":""n a state of danger involving risk""}]","{""plural"":""perils"",""presentParticiple"":""periling"",""past"":""periled"",""thirdPerson"":""perils"",""pastParticiple"":""periled""}","[""cet6""]",7617,B2,HARD,ecdict
paste,paste,peist,,"[""n."",""vt.""]","[{""pos"":""n."",""zh"":""面团, 面食, 浆糊, 糊状物, 粘贴, 用拳重击"",""en"":""n. any mixture of a soft and malleable consistency""},{""pos"":""vt."",""zh"":""用浆糊粘, 张贴, 狠狠地打"",""en"":""n. a hard, brilliant lead glass that is used in making artificial jewelry""},{""pos"":"""",""zh"":""[计] 粘贴"",""en"":""n. an adhesive made from water and flour or starch; used on paper and paperboard""}]","{""pastParticiple"":""pasted"",""plural"":""pastes"",""past"":""pasted"",""presentParticiple"":""pasting"",""thirdPerson"":""pastes""}","[""cet4"",""cet6""]",7619,B2,HARD,ecdict
bruise,bruise,bru:z,,"[""n."",""vi."",""vt.""]","[{""pos"":""n."",""zh"":""青肿, 挫伤, 擦伤"",""en"":""n. an injury that doesn't break the skin but results in some discoloration""},{""pos"":""vi."",""zh"":""受伤, 擦伤"",""en"":""v. injure the underlying soft tissue or bone of""},{""pos"":""vt."",""zh"":""使受伤, 研碎"",""en"":""v. break up into small pieces for food preparation""}]","{""plural"":""bruises"",""pastParticiple"":""bruised"",""presentParticiple"":""bruising"",""past"":""bruised"",""thirdPerson"":""bruises""}","[""cet4"",""cet6""]",7621,B2,HARD,ecdict
wade,wade,weid,,"[""vi."",""vt."",""n.""]","[{""pos"":""vi."",""zh"":""跋涉"",""en"":""n. English tennis player who won many women's singles titles (born in 1945)""},{""pos"":""vt."",""zh"":""涉水"",""en"":""v. walk (through relatively shallow water)""},{""pos"":""n."",""zh"":""跋涉, 浅滩"",""en"":""""}]","{""past"":""waded"",""presentParticiple"":""wading"",""pastParticiple"":""waded"",""thirdPerson"":""wades""}","[""cet6""]",7622,B2,HARD,ecdict
Mediterranean,mediterranean,.meditә'reiniәn,,"[""n."",""a.""]","[{""pos"":""n."",""zh"":""地中海, 地中海民族"",""en"":""n. the largest inland sea; between Europe and Africa and Asia""},{""pos"":""a."",""zh"":""地中海的, 地中海民族的"",""en"":""a. of or relating to or characteristic of or located near the Mediterranean Sea""}]",{},"[""cet4"",""cet6""]",7623,B2,HARD,ecdict
poultry,poultry,'pәultri,,"[""n.""]","[{""pos"":""n."",""zh"":""家禽"",""en"":""n. flesh of chickens or turkeys or ducks or geese raised for food""}]","{""plural"":""poultries""}","[""cet6""]",7625,B2,HARD,ecdict
reign,reign,rein,,"[""v."",""n.""]","[{""pos"":""v."",""zh"":""为王，为君；当政；统治"",""en"":""n. a period during which something or somebody is dominant or powerful""},{""pos"":""n."",""zh"":""为王，为君；当政；统治"",""en"":""n. the period during which a monarch is sovereign""}]","{""past"":""reigned"",""thirdPerson"":""reigns"",""plural"":""reigns"",""presentParticiple"":""reigning"",""pastParticiple"":""reigned""}","[""cet4"",""cet6""]",7626,B2,HARD,ecdict
patriotic,patriotic,.peitri'ɒtik,,"[""a.""]","[{""pos"":""a."",""zh"":""爱国的, 有爱国心的"",""en"":""a. inspired by love for your country""},{""pos"":"""",""zh"":""[法] 爱国的, 有爱国心的"",""en"":""""}]",{},"[""cet6""]",7633,B2,HARD,ecdict
procession,procession,prә'seʃәn,,"[""n.""]","[{""pos"":""n."",""zh"":""队伍, 连续, 列队行进, 涌出"",""en"":""n. the group action of a collection of people or animals or vehicles moving ahead in more or less regular formation""}]","{""plural"":""processions""}","[""cet4"",""cet6""]",7639,B2,HARD,ecdict
genetics,genetics,dʒi'netiks,,"[""n.""]","[{""pos"":""n."",""zh"":""遗传学"",""en"":""n. the branch of biology that studies heredity and variation in organisms""},{""pos"":"""",""zh"":""[化] 遗传学"",""en"":""""}]",{},"[""cet6""]",7640,B2,HARD,ecdict
payoff,payoff,'peiɒf,,"[""n."",""a.""]","[{""pos"":""n."",""zh"":""发工资, 分赃, 贿赂, 盈利, 报酬, 报应, 结果, 高潮, 决定因素"",""en"":""n. the final payment of a debt""},{""pos"":""a."",""zh"":""决定性的, 产生结果的, 支付的"",""en"":""""}]","{""plural"":""payoffs"",""thirdPerson"":""payoffs""}","[""cet6""]",7645,B2,HARD,ecdict
moan,moan,mәun,,"[""n."",""vi."",""vt.""]","[{""pos"":""n."",""zh"":""呻吟, 悲叹"",""en"":""n an utterance expressing pain or disapproval""},{""pos"":""vi."",""zh"":""呻吟, 抱怨, 悲叹"",""en"":""v indicate pain, discomfort, or displeasure""},{""pos"":""vt."",""zh"":""呻吟着说"",""en"":""""}]","{""past"":""moaned"",""presentParticiple"":""moaning"",""plural"":""moans"",""thirdPerson"":""moans"",""pastParticiple"":""moaned""}","[""cet4"",""cet6""]",7649,B2,HARD,ecdict
lessen,lessen,'lesn,,"[""vt."",""vi.""]","[{""pos"":""vt."",""zh"":""减少, 缩小, 减轻"",""en"":""v decrease in size, extent, or range""},{""pos"":""vi."",""zh"":""变小"",""en"":""v make smaller""}]","{""pastParticiple"":""lessened"",""past"":""lessened"",""presentParticiple"":""lessening"",""thirdPerson"":""lessens""}","[""cet4"",""cet6""]",7650,B2,HARD,ecdict
fashionable,fashionable,'fæʃәnәbl,,"[""a.""]","[{""pos"":""a."",""zh"":""时髦的, 上流社会的, 流行的"",""en"":""a. being or in accordance with current social fashions""}]","{""plural"":""fashionables""}","[""cet4"",""cet6""]",7651,B2,HARD,ecdict
conquest,conquest,'kɒŋkwest,,"[""n.""]","[{""pos"":""n."",""zh"":""战胜, 征服, 战利品"",""en"":""n. the act of conquering""},{""pos"":"""",""zh"":""[法] 征服, 赢得, 获得"",""en"":""n. success in mastering something difficult""}]","{""plural"":""conquests""}","[""cet4"",""cet6""]",7652,B2,HARD,ecdict
quantitative,quantitative,'kwɒntitәtiv,,"[""a.""]","[{""pos"":""a."",""zh"":""数量的, 定量的"",""en"":""a. expressible as a quantity or relating to or susceptible of measurement""},{""pos"":"""",""zh"":""[医] 定量的, 数量的"",""en"":""a. relating to the measurement of quantity""}]",{},"[""cet6""]",7662,B2,HARD,ecdict
symphony,symphony,'simfәni,,"[""n.""]","[{""pos"":""n."",""zh"":""交响乐, 交响曲"",""en"":""n. a long and complex sonata for symphony orchestra""}]","{""plural"":""symphonies""}","[""cet6""]",7665,B2,HARD,ecdict
cellar,cellar,'selә,,"[""n.""]","[{""pos"":""n."",""zh"":""地窖, 地下室, 藏酒"",""en"":""n. storage space where wines are stored""}]","{""plural"":""cellars""}","[""cet4"",""cet6""]",7671,B2,HARD,ecdict
allowance,allowance,ә'lauәns,,"[""n."",""vt.""]","[{""pos"":""n."",""zh"":""津贴, 零用钱, 限额, 折扣, 允许"",""en"":""n. an amount allowed or granted (as during a given period)""},{""pos"":""vt."",""zh"":""定量供应"",""en"":""n. a sum granted as reimbursement for expenses""}]","{""plural"":""allowances"",""presentParticiple"":""allowancing"",""past"":""allowanced"",""thirdPerson"":""allowances"",""pastParticiple"":""allowanced""}","[""cet6""]",7677,B2,HARD,ecdict
roast,roast,rәust,,"[""n."",""a."",""vt."",""vi.""]","[{""pos"":""n."",""zh"":""烤肉, 烘烤, 嘲笑"",""en"":""n. a piece of meat roasted or for roasting and of a size for slicing into more than one portion""},{""pos"":""a."",""zh"":""烘烤的, 烤过的"",""en"":""v. cook with dry heat, usually in an oven""},{""pos"":""vt."",""zh"":""烤, 炙, 烘焙, 嘲笑"",""en"":""s. (meat) cooked by dry heat in an oven""},{""pos"":""vi."",""zh"":""烤, 炙, 烘焙"",""en"":""""}]","{""presentParticiple"":""roasting"",""pastParticiple"":""roasted"",""past"":""roasted"",""plural"":""roasts"",""thirdPerson"":""roasts"",""comparative"":""roaster""}","[""cet4"",""cet6""]",7679,B2,HARD,ecdict
kindness,kindness,'kaindnis,,"[""n.""]","[{""pos"":""n."",""zh"":""仁慈, 亲切, 和蔼"",""en"":""n. the quality of being warmhearted and considerate and humane and sympathetic""}]","{""plural"":""kindnesses""}","[""cet4"",""cet6""]",7682,B2,HARD,ecdict
masterpiece,masterpiece,'mɑ:stәpi:s,,"[""n.""]","[{""pos"":""n."",""zh"":""杰作, 名著"",""en"":""n. the most outstanding work of a creative artist or craftsman""}]","{""plural"":""masterpieces""}","[""cet4"",""cet6""]",7685,B2,HARD,ecdict
culminate,culminate,'kʌlmineit,,"[""vi."",""vt.""]","[{""pos"":""vi."",""zh"":""到绝顶, 达于极点, 达到高潮"",""en"":""v. end, especially to reach a final or climactic stage""},{""pos"":""vt."",""zh"":""使到绝顶, 使达到高潮"",""en"":""v. bring to a head or to the highest point""}]","{""presentParticiple"":""culminating"",""past"":""culminated"",""thirdPerson"":""culminates"",""pastParticiple"":""culminated""}","[""cet6""]",7686,B2,HARD,ecdict
humiliation,humiliation,hju:.mili'eiʃәn,,"[""n.""]","[{""pos"":""n."",""zh"":""耻辱, 丢脸, 谦卑"",""en"":""n. state of disgrace or loss of self-respect""}]","{""plural"":""humiliations""}","[""cet6""]",7690,B2,HARD,ecdict
drainage,drainage,'dreinidʒ,,"[""n.""]","[{""pos"":""n."",""zh"":""排水"",""en"":""n emptying something accomplished by allowing liquid to run out of it""},{""pos"":"""",""zh"":""[医] 引流[法], 导液[法], 排水[设备]"",""en"":""""}]","{""plural"":""drainages""}","[""cet6""]",7695,B2,HARD,ecdict
periodic,periodic,.piәri'ɒdik,,"[""a.""]","[{""pos"":""a."",""zh"":""周期的, 定期的, 间歇(性)的, 循环的, 用完整句的, 高碘的"",""en"":""a. happening or recurring at regular intervals""},{""pos"":"""",""zh"":""[医] 周期性的"",""en"":""s. recurring or reappearing from time to time""}]",{},"[""cet6""]",7702,B2,HARD,ecdict
adore,adore,ә'dɒ:,,"[""vt."",""vi.""]","[{""pos"":""vt."",""zh"":""崇拜, 爱慕, 喜爱"",""en"":""v. love intensely""},{""pos"":""vi."",""zh"":""崇拜, 爱慕"",""en"":""""}]","{""past"":""adored"",""thirdPerson"":""adores"",""pastParticiple"":""adored"",""presentParticiple"":""adoring""}","[""cet6""]",7705,B2,HARD,ecdict
literal,literal,'litәrәl,,"[""a."",""n.""]","[{""pos"":""a."",""zh"":""逐字的, 字面上的, 文字的, 字母的"",""en"":""s. without interpretation or embellishment""},{""pos"":""n."",""zh"":""印刷错误"",""en"":""a. limited to the explicit meaning of a word or text""},{""pos"":"""",""zh"":""[计] 文字; 直接量; 字面量; 句节"",""en"":""s. avoiding embellishment or exaggeration (used for emphasis)""}]","{""plural"":""literals""}","[""cet6""]",7706,B2,HARD,ecdict
slippery,slippery,'slipәri,,"[""a.""]","[{""pos"":""a."",""zh"":""滑的, 光滑的, 靠不住的, 圆滑的, 不稳固的"",""en"":""a. causing or tending to cause things to slip or slide""},{""pos"":"""",""zh"":""[法] 狡猾的, 不可靠的, 不安定的"",""en"":""s. not to be trusted""}]",{},"[""cet4"",""cet6""]",7707,B2,HARD,ecdict
splendid,splendid,'spendid,,"[""a.""]","[{""pos"":""a."",""zh"":""光亮的, 了不起的, 灿烂的, 壮丽的, 显著的, 杰出的"",""en"":""s having great beauty and splendor""}]",{},"[""cet4"",""cet6""]",7708,B2,HARD,ecdict
mesh,mesh,meʃ,,"[""n."",""vt."",""vi.""]","[{""pos"":""n."",""zh"":""网孔, 网丝, 网眼, 网状物, 圈套, 陷阱, 啮合"",""en"":""n. the number of openings per linear inch of a screen; measures size of particles""},{""pos"":""vt."",""zh"":""以网捕捉, 啮合, 使缠住"",""en"":""n. the act of interlocking or meshing""},{""pos"":""vi."",""zh"":""落网, 相啮合"",""en"":""v. work together in harmony""}]","{""plural"":""meshes"",""past"":""meshed"",""pastParticiple"":""meshed"",""presentParticiple"":""meshing"",""thirdPerson"":""meshs""}","[""cet6""]",7709,B2,HARD,ecdict
discern,discern,di'zә:n,,"[""v.""]","[{""pos"":""v."",""zh"":""辨别, 看清楚, 了解"",""en"":""v detect with the senses""}]","{""pastParticiple"":""discerned"",""past"":""discerned"",""thirdPerson"":""discerns"",""presentParticiple"":""discerning""}","[""cet6""]",7711,B2,HARD,ecdict
foul,foul,faul,,"[""a."",""vt."",""vi."",""adv."",""n.""]","[{""pos"":""a."",""zh"":""污秽的, 邪恶的, 恶臭的, 肮脏的, 恶劣的, 淤塞的"",""en"":""n. an act that violates the rules of a sport""},{""pos"":""vt."",""zh"":""弄脏, 妨害, 污蔑, 犯规, 淤塞"",""en"":""v. hit a foul ball""},{""pos"":""vi."",""zh"":""腐烂, 犯规, 缠结"",""en"":""v. commit a foul; break the rules""},{""pos"":""adv."",""zh"":""违反规则地, 不正当地"",""en"":""v. spot, stain, or pollute""},{""pos"":""n."",""zh"":""犯规, 缠绕"",""en"":""""}]","{""presentParticiple"":""fouling"",""pastParticiple"":""fouled"",""past"":""fouled"",""plural"":""fouls"",""superlative"":""foulest"",""thirdPerson"":""fouls"",""comparative"":""fouler""}","[""cet6""]",7712,B2,HARD,ecdict
dove,dove,dʌv,,"[""n.""]","[{""pos"":""n."",""zh"":""鸽子"",""en"":""n. any of numerous small pigeons""},{""pos"":"""",""zh"":""dive的过去式"",""en"":""n. someone who prefers negotiations to armed conflict in the conduct of foreign relations""}]","{""lemmaOf"":""dive"",""lemma"":""p"",""plural"":""doves"",""presentParticiple"":""doving""}","[""cet6""]",7715,B2,HARD,ecdict
tentative,tentative,'tentәtiv,,"[""n."",""a.""]","[{""pos"":""n."",""zh"":""试验"",""en"":""s under terms not final or fully worked out or agreed upon""},{""pos"":""a."",""zh"":""试验性的, 暂时的"",""en"":""s unsettled in mind or opinion""}]",{},"[""cet6""]",7722,B2,HARD,ecdict
stagger,stagger,'stægә,,"[""n."",""vi."",""vt."",""a.""]","[{""pos"":""n."",""zh"":""蹒跚, 踌躇"",""en"":""v. walk as if unable to control one's movements""},{""pos"":""vi."",""zh"":""蹒跚, 犹豫"",""en"":""v. walk with great difficulty""},{""pos"":""vt."",""zh"":""使摇摆, 使踌躇, 交错, 错开"",""en"":""v. to arrange in a systematic order""},{""pos"":""a."",""zh"":""交错的, 错开的"",""en"":""v. astound or overwhelm, as with shock""}]","{""past"":""staggered"",""presentParticiple"":""staggering"",""pastParticiple"":""staggered"",""plural"":""staggers"",""thirdPerson"":""staggers""}","[""cet6""]",7724,B2,HARD,ecdict
parcel,parcel,'pɑ:sl,,"[""n."",""vt."",""a."",""adv.""]","[{""pos"":""n."",""zh"":""包裹, 部分, 片"",""en"":""n. the allotment of some amount by dividing something""},{""pos"":""vt."",""zh"":""分配, 打包"",""en"":""v. divide into parts""},{""pos"":""a."",""zh"":""部分的"",""en"":""v. cover with strips of canvas""},{""pos"":""adv."",""zh"":""局部地"",""en"":""v. make into a wrapped container""}]","{""plural"":""parcels"",""pastParticiple"":""parcelled"",""presentParticiple"":""parcelling"",""thirdPerson"":""parcels"",""past"":""parcelled""}","[""cet4"",""cet6""]",7729,B2,HARD,ecdict
wicked,wicked,'wikid,,"[""a.""]","[{""pos"":""a."",""zh"":""坏的, 邪恶的, 缺德的, 刻毒的, 恶劣的, 淘气的"",""en"":""a. morally bad in principle or practice""}]",{},"[""cet4"",""cet6""]",7732,B2,HARD,ecdict
intercourse,intercourse,'intәkɒ:s,,"[""n.""]","[{""pos"":""n."",""zh"":""交往, 交流"",""en"":""n. communication between individuals""},{""pos"":"""",""zh"":""[医] 交际, 往来"",""en"":""""}]",{},"[""cet6""]",7736,B2,HARD,ecdict
ornament,ornament,'ɒ:nәmәnt,,"[""n."",""vt.""]","[{""pos"":""n."",""zh"":""装饰, 点缀品, 教堂用品"",""en"":""v. be an ornament to""},{""pos"":""vt."",""zh"":""装饰, 修饰"",""en"":""""}]","{""plural"":""ornaments"",""pastParticiple"":""ornamented"",""presentParticiple"":""ornamenting"",""past"":""ornamented"",""thirdPerson"":""ornaments""}","[""cet4"",""cet6""]",7737,B2,HARD,ecdict
endurance,endurance,in'djuәrәns,,"[""n.""]","[{""pos"":""n."",""zh"":""忍耐, 忍耐力, 耐性"",""en"":""n. the power to withstand hardship or stress""},{""pos"":"""",""zh"":""[机] 持九性"",""en"":""""}]",{},"[""cet6""]",7739,B2,HARD,ecdict
constrain,constrain,kәn'strein,,"[""vt.""]","[{""pos"":""vt."",""zh"":""强迫, 限制, 关押"",""en"":""v hold back""}]","{""pastParticiple"":""constrained"",""presentParticiple"":""constraining"",""thirdPerson"":""constrains"",""past"":""constrained""}","[""cet6""]",7740,B2,HARD,ecdict
pinch,pinch,pintʃ,,"[""n."",""vt."",""vi.""]","[{""pos"":""n."",""zh"":""捏, 拧, 撮, 少量, 收缩, 挤压, 夹痛, 苦恼, 逮捕, 指控, 匮乏, 紧急关头"",""en"":""n. a painful or straitened circumstance""},{""pos"":""vt."",""zh"":""捏, 拧, 掐, 挤压, 修剪, 使困苦, 使萎缩, 节制, 少量加入, 逮捕, 勒索"",""en"":""n. an injury resulting from getting some body part squeezed""},{""pos"":""vi."",""zh"":""收缩, 节省, 挤压, 引起苦恼"",""en"":""n. a squeeze with the fingers""}]","{""past"":""pinched"",""presentParticiple"":""pinching"",""pastParticiple"":""pinched"",""plural"":""pinches"",""thirdPerson"":""pinches""}","[""cet4"",""cet6""]",7741,B2,HARD,ecdict
orderly,orderly,'ɒ:dәli,,"[""a."",""n."",""adv.""]","[{""pos"":""a."",""zh"":""有秩序的, 整齐的, 值班的"",""en"":""n. a soldier who serves as an attendant to a superior officer""},{""pos"":""n."",""zh"":""护理员, 清道夫, 传令兵, 勤务兵"",""en"":""n. a male hospital attendant who has general duties that do not involve the medical treatment of patients""},{""pos"":""adv."",""zh"":""依次地, 顺序地"",""en"":""a. devoid of violence or disruption""}]","{""plural"":""orderlies""}","[""cet4"",""cet6""]",7744,B2,HARD,ecdict
nationality,nationality,.næʃә'nælәti,,"[""n.""]","[{""pos"":""n."",""zh"":""国籍, 国家, 民族性"",""en"":""n. people having common origins or traditions and often comprising a nation""},{""pos"":"""",""zh"":""[法] 国家, 民族, 国民"",""en"":""n. the status of belonging to a particular nation by birth or naturalization""}]","{""plural"":""nationalities""}","[""cet4"",""cet6""]",7751,B2,HARD,ecdict
sunshine,sunshine,'sʌnʃain,,"[""n.""]","[{""pos"":""n."",""zh"":""阳光, 光明, 晴天"",""en"":""n the rays of the sun""}]",{},"[""cet4"",""cet6""]",7752,B2,HARD,ecdict
flake,flake,fleik,,"[""n."",""vt."",""vi.""]","[{""pos"":""n."",""zh"":""小薄片, 扁薄的一层, 火星, 晒鱼架子"",""en"":""v. form into flakes""},{""pos"":""vt."",""zh"":""使成薄片"",""en"":""v. cover with flakes or as if with flakes""},{""pos"":""vi."",""zh"":""剥落"",""en"":""""}]","{""plural"":""flakes"",""presentParticiple"":""flaking"",""past"":""flaked"",""pastParticiple"":""flaked"",""thirdPerson"":""flakes""}","[""cet6""]",7753,B2,HARD,ecdict
appraisal,appraisal,ә'preizәl,,"[""n.""]","[{""pos"":""n."",""zh"":""评价, 估价"",""en"":""n. the classification of someone or something with respect to its worth""},{""pos"":"""",""zh"":""[经] 评价, 评估"",""en"":""n. a document appraising the value of something (as for insurance or taxation)""}]","{""plural"":""appraisals""}","[""cet6""]",7757,B2,HARD,ecdict
degradation,degradation,.degrә'deiʃәn,,"[""n.""]","[{""pos"":""n."",""zh"":""降格, 堕落, 退化"",""en"":""n. changing to a lower state (a less respected state)""},{""pos"":"""",""zh"":""[计] 降级"",""en"":""""}]","{""plural"":""degradations""}","[""cet6""]",7764,B2,HARD,ecdict
superiority,superiority,sju:.piәri'ɒriti,,"[""n.""]","[{""pos"":""n."",""zh"":""优越, 高傲"",""en"":""n. the quality of being superior""},{""pos"":"""",""zh"":""[化] 优越性"",""en"":""n. the quality of being at a competitive advantage""}]","{""plural"":""superiorities""}","[""cet6""]",7766,B2,HARD,ecdict
cubic,cubic,'kju:bik,,"[""a.""]","[{""pos"":""a."",""zh"":""立方体的, 立方的"",""en"":""a. having three dimensions""},{""pos"":"""",""zh"":""[机] 立方的, 立方体的"",""en"":""""}]",{},"[""cet4"",""cet6""]",7772,B2,HARD,ecdict
exemplify,exemplify,ig'zemplifai,,"[""vt.""]","[{""pos"":""vt."",""zh"":""例证, 例示"",""en"":""v. be characteristic of""},{""pos"":"""",""zh"":""[法] 制作经公章证明的誊本, 例证"",""en"":""v. clarify by giving an example of""}]","{""pastParticiple"":""exemplified"",""thirdPerson"":""exemplifies"",""presentParticiple"":""exemplifying"",""past"":""exemplified""}","[""cet6""]",7776,B2,HARD,ecdict
pedal,pedal,'pedl,,"[""n."",""a."",""vt."",""vi.""]","[{""pos"":""n."",""zh"":""踏板, 脚蹬子"",""en"":""n. a lever that is operated with the foot""},{""pos"":""a."",""zh"":""脚的, 脚踏的"",""en"":""v. operate the pedals on a keyboard instrument""},{""pos"":""vt."",""zh"":""用脚踏动"",""en"":""a. of or relating to the feet""},{""pos"":""vi."",""zh"":""踩踏板, 骑车"",""en"":""""}]","{""plural"":""pedals"",""presentParticiple"":""pedalling"",""past"":""pedalled"",""pastParticiple"":""pedalled"",""thirdPerson"":""pedals""}","[""cet6""]",7777,B2,HARD,ecdict
hiss,hiss,his,,"[""n."",""vi."",""vt.""]","[{""pos"":""n."",""zh"":""嘘声, 嘶嘶声"",""en"":""n. a fricative sound (especially as an expression of disapproval)""},{""pos"":""vi."",""zh"":""发出嘘声, 发嘶嘶声"",""en"":""v. make a sharp hissing sound, as if to show disapproval""},{""pos"":""vt."",""zh"":""发嘶嘶声表示"",""en"":""v. move with a whooshing sound""}]","{""past"":""hissed"",""presentParticiple"":""hissing"",""pastParticiple"":""hissed"",""thirdPerson"":""hisses"",""plural"":""hisses""}","[""cet6""]",7778,B2,HARD,ecdict
incapable,incapable,in'keipәbl,,"[""a.""]","[{""pos"":""a."",""zh"":""无能力的, 不能的"",""en"":""a. (followed by `of') lacking capacity or ability""},{""pos"":"""",""zh"":""[机] 不能行的, 耐不住的"",""en"":""s. not being susceptible to or admitting of something (usually followed by `of')""}]",{},"[""cet6""]",7779,B2,HARD,ecdict
gigantic,gigantic,dʒai'gæntik,,"[""a.""]","[{""pos"":""a."",""zh"":""巨人般的, 巨大的"",""en"":""s. so exceedingly large or extensive as to suggest a giant or mammoth""}]",{},"[""cet6""]",7783,B2,HARD,ecdict
repertoire,repertoire,'repәtwɑ:,,"[""n.""]","[{""pos"":""n."",""zh"":""全部剧目, 全部技能, 全部节目, 全部作品"",""en"":""n. a collection of works (plays, songs, operas, ballets) that an artist or company can perform and do perform for short intervals on a regular schedule""}]","{""plural"":""repertoires""}","[""cet6""]",7784,B2,HARD,ecdict
residual,residual,'rezidju:l,,"[""a."",""n.""]","[{""pos"":""a."",""zh"":""残渣的, 剩余的"",""en"":""n. (often plural) a payment that is made to a performer or writer or director of a television show or commercial that is paid for every repeat showing""},{""pos"":""n."",""zh"":""残渣, 剩余, 余数"",""en"":""a. relating to or indicating a remainder""}]","{""plural"":""residuals""}","[""cet6""]",7792,B2,HARD,ecdict
uranium,uranium,ju'reiniәm,,"[""n.""]","[{""pos"":""n."",""zh"":""铀"",""en"":""n. a heavy toxic silvery-white radioactive metallic element; occurs in many isotopes; used for nuclear fuels and nuclear weapons""},{""pos"":"""",""zh"":""[化] 铀U"",""en"":""""}]",{},"[""cet6""]",7797,B2,HARD,ecdict
layoff,layoff,'leiɒf,,"[""n.""]","[{""pos"":""n."",""zh"":""临时解雇, 操作停止, 活动停止期间"",""en"":""n. the act of laying off an employee or a work force""}]","{""plural"":""layoffs""}","[""cet6""]",7801,B2,HARD,ecdict
marvel,marvel,'mɑ:vl,,"[""n."",""vt."",""vi.""]","[{""pos"":""n."",""zh"":""奇异事物, 罕见例子"",""en"":""v. express astonishment or surprise about something""},{""pos"":""vt."",""zh"":""惊异于"",""en"":""""},{""pos"":""vi."",""zh"":""惊异"",""en"":""""}]","{""past"":""marvelled"",""plural"":""marvels"",""presentParticiple"":""marvelling"",""pastParticiple"":""marvelled"",""thirdPerson"":""marvels""}","[""cet6""]",7805,B2,HARD,ecdict
tailor,tailor,'teilә,,"[""n."",""vt."",""vi.""]","[{""pos"":""n."",""zh"":""裁缝, 成衣匠"",""en"":""n. a person whose occupation is making and altering garments""},{""pos"":""vt."",""zh"":""缝制, 制作, 使适应"",""en"":""v. adjust to a specific need or market""},{""pos"":""vi."",""zh"":""做裁缝"",""en"":""""}]","{""pastParticiple"":""tailored"",""past"":""tailored"",""plural"":""tailors"",""thirdPerson"":""tailors"",""presentParticiple"":""tailoring""}","[""cet4"",""cet6""]",7806,B2,HARD,ecdict
ceramic,ceramic,si'ræmik,,"[""a."",""n.""]","[{""pos"":""a."",""zh"":""陶瓷的"",""en"":""n. an artifact made of hard brittle material produced from nonmetallic minerals by firing at high temperatures""},{""pos"":""n."",""zh"":""陶瓷制品"",""en"":""a. of or relating to or made from a ceramic""}]","{""plural"":""ceramics""}","[""cet6""]",7807,B2,HARD,ecdict
violently,violently,'vaiәlәntli,,"[""adv.""]","[{""pos"":""adv."",""zh"":""猛烈地, 激烈地, 极端地"",""en"":""r. in a violent manner""}]",{},"[""cet6""]",7809,B2,HARD,ecdict
convene,convene,kәn'vi:n,,"[""vt."",""vi.""]","[{""pos"":""vt."",""zh"":""集合, 召集, 召唤"",""en"":""v. meet formally""},{""pos"":""vi."",""zh"":""聚集, 集合"",""en"":""""}]","{""pastParticiple"":""convened"",""past"":""convened"",""thirdPerson"":""convenes"",""presentParticiple"":""convening""}","[""cet6""]",7816,B2,HARD,ecdict
wrinkle,wrinkle,'riŋkl,,"[""n."",""vi."",""vt.""]","[{""pos"":""n."",""zh"":""皱纹, 妙计, 方法, 技巧"",""en"":""n. a slight depression in the smoothness of a surface""},{""pos"":""vi."",""zh"":""起皱"",""en"":""n. a minor difficulty""},{""pos"":""vt."",""zh"":""使起皱纹"",""en"":""n. a clever method of doing something (especially something new and different)""}]","{""plural"":""wrinkles"",""past"":""wrinkled"",""presentParticiple"":""wrinkling"",""pastParticiple"":""wrinkled"",""thirdPerson"":""wrinkles""}","[""cet6""]",7819,B2,HARD,ecdict
compute,compute,kәm'pju:t,,"[""v."",""n.""]","[{""pos"":""v."",""zh"":""计算, 估算"",""en"":""v make a mathematical calculation or computation""},{""pos"":""n."",""zh"":""计算, 估算"",""en"":""""}]","{""pastParticiple"":""computed"",""presentParticiple"":""computing"",""thirdPerson"":""computes"",""past"":""computed""}","[""cet4"",""cet6""]",7824,B2,HARD,ecdict
comprehension,comprehension,.kɒmpri'henʃәn,,"[""n.""]","[{""pos"":""n."",""zh"":""理解, 包含"",""en"":""n. an ability to understand the meaning or importance of something (or the knowledge acquired as a result)""}]",{},"[""cet4"",""cet6""]",7826,B2,HARD,ecdict
specification,specification,.spesifi'keiʃәn,,"[""n.""]","[{""pos"":""n."",""zh"":""规格, 详述, 详细说明书"",""en"":""n. a detailed description of design criteria for a piece of work""},{""pos"":"""",""zh"":""[计] 规范; 形式说明; 说明; 说明书; 规格"",""en"":""n. naming explicitly""}]","{""plural"":""specifications""}","[""cet6""]",7835,B2,HARD,ecdict
walnut,walnut,'wɒ:lnәt,,"[""n.""]","[{""pos"":""n."",""zh"":""胡桃"",""en"":""n. nut of any of various walnut trees having a wrinkled two-lobed seed with a hard shell""},{""pos"":"""",""zh"":""[机] 胡桃木"",""en"":""n. hard dark-brown wood of any of various walnut trees; used especially for furniture and paneling""}]","{""plural"":""walnuts""}","[""cet6""]",7840,B2,HARD,ecdict
pier,pier,piә,,"[""n.""]","[{""pos"":""n."",""zh"":""码头, 桥墩, 支框, 防波堤"",""en"":""n. a platform built out from the shore into the water and supported by piles; provides access to ships and boats""},{""pos"":"""",""zh"":""[医] 桥基, 基牙"",""en"":""n. (architecture) a vertical supporting structure (as a portion of wall between two doors or windows)""}]","{""plural"":""piers""}","[""cet6""]",7841,B2,HARD,ecdict
nickel,nickel,'nikl,,"[""n."",""vt.""]","[{""pos"":""n."",""zh"":""镍, 镍币, 五分镍币"",""en"":""n. a hard malleable ductile silvery metallic element that is resistant to corrosion; used in alloys; occurs in pentlandite and smaltite and garnierite and millerite""},{""pos"":""vt."",""zh"":""镀镍于"",""en"":""n. a United States coin worth one twentieth of a dollar""}]","{""plural"":""nickels"",""presentParticiple"":""nickelling"",""past"":""nickelled"",""thirdPerson"":""nickels"",""pastParticiple"":""nickelled""}","[""cet6""]",7847,B2,HARD,ecdict
geometry,geometry,dʒi'ɒmәtri,,"[""n.""]","[{""pos"":""n."",""zh"":""几何学"",""en"":""n. the pure mathematics of points and lines and curves and surfaces""},{""pos"":"""",""zh"":""[机] 几何学"",""en"":""""}]","{""plural"":""geometries""}","[""cet4"",""cet6""]",7851,B2,HARD,ecdict
ideally,ideally,ai'diәli,,"[""adv.""]","[{""pos"":""adv."",""zh"":""完美地, 理想地"",""en"":""r. in an ideal manner""}]",{},"[""cet6""]",7858,B2,HARD,ecdict
knob,knob,nɒb,,"[""n."",""vt."",""vi.""]","[{""pos"":""n."",""zh"":""把手, 瘤, 旋钮, 球形突出物"",""en"":""n. a circular rounded projection or protuberance""},{""pos"":""vt."",""zh"":""使有球形突出物"",""en"":""n. a round handle""},{""pos"":""vi."",""zh"":""鼓起"",""en"":""n. an ornament in the shape of a ball on the hilt of a sword or dagger""}]","{""plural"":""knobs"",""past"":""knobbed"",""presentParticiple"":""knobbing""}","[""cet4"",""cet6""]",7863,B2,HARD,ecdict
tablet,tablet,'tæblit,,"[""n.""]","[{""pos"":""n."",""zh"":""平板, 门牌, 笔记簿, 碑, 匾, 药片"",""en"":""n. a slab of stone or wood suitable for bearing an inscription""},{""pos"":"""",""zh"":""[化] 片剂"",""en"":""n. a small flat compressed cake of some substance""}]","{""plural"":""tablets""}","[""cet4"",""cet6""]",7864,B2,HARD,ecdict
squat,squat,skwɒt,,"[""n."",""a."",""vi."",""vt.""]","[{""pos"":""n."",""zh"":""蹲, 窝"",""en"":""n. the act of assuming or maintaining a crouching position with the knees bent and the buttocks near the heels""},{""pos"":""a."",""zh"":""蹲着的, 矮胖的"",""en"":""v. sit on one's heels""},{""pos"":""vi."",""zh"":""蹲下, 蹲坐, 蹲伏"",""en"":""v. be close to the earth, or be disproportionately wide""},{""pos"":""vt."",""zh"":""使蹲下, 擅自占有"",""en"":""v. occupy (a dwelling) illegally""}]","{""past"":""squatted"",""presentParticiple"":""squatting"",""thirdPerson"":""squats"",""plural"":""squats"",""pastParticiple"":""squatted""}","[""cet6""]",7870,B2,HARD,ecdict
evaporate,evaporate,i'væpәreit,,"[""vi."",""vt.""]","[{""pos"":""vi."",""zh"":""蒸发, 失去水分, 消失"",""en"":""v. lose or cause to lose liquid by vaporization leaving a more concentrated residue""},{""pos"":""vt."",""zh"":""使蒸发, 使脱水, 使消失"",""en"":""v. cause to change into a vapor""}]","{""pastParticiple"":""evaporated"",""thirdPerson"":""evaporates"",""past"":""evaporated"",""presentParticiple"":""evaporating"",""plural"":""evaporates""}","[""cet4"",""cet6""]",7887,B2,HARD,ecdict
seventy,seventy,'sevnti,,"[""num.""]","[{""pos"":""num."",""zh"":""七十, 七十个"",""en"":""n. the cardinal number that is the product of ten and seven""}]",{},"[""cet4"",""cet6""]",7889,B2,HARD,ecdict
radioactive,radioactive,.reidiәu'æktiv,,"[""a.""]","[{""pos"":""a."",""zh"":""放射性的, 有放射能的"",""en"":""a. exhibiting or caused by radioactivity""},{""pos"":"""",""zh"":""[医] 放射性的, 放射的"",""en"":""""}]",{},"[""cet4"",""cet6""]",7890,B2,HARD,ecdict
simulate,simulate,'simjuleit,,"[""vt.""]","[{""pos"":""vt."",""zh"":""模拟, 假装, 模仿"",""en"":""v. make a pretence of""},{""pos"":"""",""zh"":""[法] 伪装的, 模拟的; 假装的, 伪装的, 冒充"",""en"":""""}]","{""presentParticiple"":""simulating"",""pastParticiple"":""simulated"",""thirdPerson"":""simulates"",""past"":""simulated""}","[""cet6""]",7892,B2,HARD,ecdict
volleyball,volleyball,'vɒlibɒ:l,,"[""n.""]","[{""pos"":""n."",""zh"":""排球"",""en"":""n. a game in which two teams hit an inflated ball over a high net using their hands""}]",{},"[""cet4"",""cet6""]",7896,B2,HARD,ecdict
intrigue,intrigue,in'tri:g,,"[""n."",""vi."",""vt.""]","[{""pos"":""n."",""zh"":""阴谋, 复杂的事"",""en"":""n. a crafty and involved plot to achieve your (usually sinister) ends""},{""pos"":""vi."",""zh"":""密谋, 私通"",""en"":""n. a clandestine love affair""},{""pos"":""vt."",""zh"":""激起...的兴趣, 用诡计取得"",""en"":""v. cause to be interested or curious""}]","{""plural"":""intrigues"",""pastParticiple"":""intrigued"",""past"":""intrigued"",""presentParticiple"":""intriguing"",""thirdPerson"":""intrigues""}","[""cet6""]",7897,B2,HARD,ecdict
alignment,alignment,ә'lainmәnt,,"[""n.""]","[{""pos"":""n."",""zh"":""队列, 结盟, 校正"",""en"":""n. the spatial property possessed by an arrangement or position of things in a straight line or in parallel lines""},{""pos"":"""",""zh"":""[计] 校准; 对齐; 对准"",""en"":""n. the act of adjusting or aligning the parts of a device in relation to each other""}]","{""plural"":""alignments""}","[""cet6""]",7898,B2,HARD,ecdict
wink,wink,wiŋk,,"[""n."",""vi."",""vt.""]","[{""pos"":""n."",""zh"":""眨眼, 使眼色, 瞬间"",""en"":""n. closing one eye quickly as a signal""},{""pos"":""vi."",""zh"":""眨眼, 使眼色, 闪烁"",""en"":""v. signal by winking""},{""pos"":""vt."",""zh"":""眨"",""en"":""v. force to go away by blinking""}]","{""past"":""winked"",""presentParticiple"":""winking"",""plural"":""winks"",""thirdPerson"":""winks"",""pastParticiple"":""winked""}","[""cet6""]",7901,B2,HARD,ecdict
coarse,coarse,kɒ:s,,"[""a.""]","[{""pos"":""a."",""zh"":""粗糙的, 下等的, 粗俗的"",""en"":""a. of textures that are rough to the touch or substances consisting of relatively large particles""},{""pos"":"""",""zh"":""[计] 粗略的"",""en"":""s. lacking refinement or cultivation or taste""}]","{""comparative"":""coarser"",""superlative"":""coarsest"",""presentParticiple"":""coarsing""}","[""cet4"",""cet6""]",7903,B2,HARD,ecdict
spelling,spelling,'speliŋ,,"[""n.""]","[{""pos"":""n."",""zh"":""拼, 拼字, 拼法"",""en"":""n. forming words with letters according to the principles underlying accepted usage""},{""pos"":"""",""zh"":""[计] 拼写检查"",""en"":""""}]","{""lemmaOf"":""spell"",""lemma"":""i"",""presentParticiple"":""spelling"",""plural"":""spellings""}","[""cet4"",""cet6""]",7907,B2,HARD,ecdict
catalyst,catalyst,'kætәlist,,"[""n.""]","[{""pos"":""n."",""zh"":""触媒, 接触剂, 催化剂, 刺激因素, 促进因素"",""en"":""n. (chemistry) a substance that initiates or accelerates a chemical reaction without itself being affected""},{""pos"":"""",""zh"":""[计] 催化剂"",""en"":""n. something that causes an important event to happen""}]","{""plural"":""catalysts""}","[""cet6""]",7915,B2,HARD,ecdict
wardrobe,wardrobe,'wɒ:drәub,,"[""n.""]","[{""pos"":""n."",""zh"":""衣橱, 衣室, 全部衣服"",""en"":""n. a tall piece of furniture that provides storage space for clothes; has a door and rails or hooks for hanging clothes""}]","{""plural"":""wardrobes""}","[""cet6""]",7918,B2,HARD,ecdict
grease,grease,gri:s,,"[""n."",""vt.""]","[{""pos"":""n."",""zh"":""脂肪, 兽脂, 油脂, 贿赂"",""en"":""n. a thick fatty oil (especially one used to lubricate machinery)""},{""pos"":""vt."",""zh"":""涂脂于, 贿赂"",""en"":""v. lubricate with grease""}]","{""past"":""greased"",""presentParticiple"":""greasing"",""pastParticiple"":""greased"",""plural"":""greases"",""thirdPerson"":""greases""}","[""cet6""]",7921,B2,HARD,ecdict
aviation,aviation,.eivi'eiʃәn,,"[""n.""]","[{""pos"":""n."",""zh"":""航空, 航空学, 飞行术"",""en"":""n. the aggregation of a country's military aircraft""},{""pos"":"""",""zh"":""[法] 航空, 飞行, 飞行术"",""en"":""n. the operation of aircraft to provide transportation""}]",{},"[""cet4"",""cet6""]",7923,B2,HARD,ecdict
hawk,hawk,hɒ:k,,"[""n."",""vi."",""vt.""]","[{""pos"":""n."",""zh"":""鹰, 掠夺者, 鹰派成员"",""en"":""n. diurnal bird of prey typically having short rounded wings and a long tail""},{""pos"":""vi."",""zh"":""放鹰行猎, 像鹰一般地袭击, 清嗓, 咳嗽"",""en"":""n. an advocate of an aggressive policy on foreign relations""},{""pos"":""vt."",""zh"":""捕捉, 咳出, 兜售, 叫卖, 散播"",""en"":""v. hunt with hawks""}]","{""plural"":""hawks"",""presentParticiple"":""hawking"",""past"":""hawked"",""pastParticiple"":""hawked"",""thirdPerson"":""hawks""}","[""cet4"",""cet6""]",7924,B2,HARD,ecdict
imaginative,imaginative,i'mædʒinәtiv,,"[""a.""]","[{""pos"":""a."",""zh"":""想像的, 虚构的"",""en"":""s. (used of persons or artifacts) marked by independence and creativity in thought or action""}]",{},"[""cet6""]",7925,B2,HARD,ecdict
hopeless,hopeless,'hәuplis,,"[""a.""]","[{""pos"":""a."",""zh"":""无希望的, 绝望的, 不可救药的"",""en"":""a. without hope because there seems to be no possibility of comfort or success""}]",{},"[""cet4"",""cet6""]",7926,B2,HARD,ecdict
pathetic,pathetic,pә'θetik,,"[""a.""]","[{""pos"":""a."",""zh"":""悲哀的, 可怜的, 感伤的, 差劲的"",""en"":""s. inspiring mixed contempt and pity""},{""pos"":"""",""zh"":""[医] 感情的"",""en"":""s. inspiring scornful pity""}]","{""plural"":""pathetics""}","[""cet6""]",7927,B2,HARD,ecdict
fasten,fasten,'fɑ:sәn,,"[""vt."",""vi.""]","[{""pos"":""vt."",""zh"":""拴紧, 使固定, 系, 集中于, 强加于"",""en"":""v. cause to be firmly attached""},{""pos"":""vi."",""zh"":""扣紧"",""en"":""v. become fixed or fastened""}]","{""pastParticiple"":""fastened"",""past"":""fastened"",""presentParticiple"":""fastening"",""thirdPerson"":""fastens""}","[""cet4"",""cet6""]",7930,B2,HARD,ecdict
decay,decay,di'kei,,"[""n."",""v.""]","[{""pos"":""n."",""zh"":""衰退, 腐败"",""en"":""n. the process of gradually becoming inferior""},{""pos"":""v."",""zh"":""(使)衰退, (使)腐败"",""en"":""n. a gradual decrease; as of stored charge or current""}]","{""presentParticiple"":""decaying"",""pastParticiple"":""decayed"",""thirdPerson"":""decays"",""plural"":""decays"",""past"":""decayed""}","[""cet4"",""cet6""]",7931,B2,HARD,ecdict
resonance,resonance,'rezәnәns,,"[""n.""]","[{""pos"":""n."",""zh"":""共鸣, 回声, 反响, 谐振, 共振"",""en"":""n. an excited state of a stable particle causing a sharp maximum in the probability of absorption of electromagnetic radiation""},{""pos"":"""",""zh"":""[化] 共振; 共鸣"",""en"":""n. a vibration of large amplitude produced by a relatively small vibration near the same frequency of vibration as the natural frequency of the resonating system""}]","{""plural"":""resonances""}","[""cet6""]",7935,B2,HARD,ecdict
conserve,conserve,kәn'sә:v,,"[""n."",""vt.""]","[{""pos"":""n."",""zh"":""蜜饯, 果酱"",""en"":""n. fruit preserved by cooking with sugar""},{""pos"":""vt."",""zh"":""保存, 使(能量等)守恒"",""en"":""v. keep constant through physical or chemical reactions or evolutionary change""}]","{""pastParticiple"":""conserved"",""presentParticiple"":""conserving"",""past"":""conserved"",""thirdPerson"":""conserves""}","[""cet4"",""cet6""]",7938,B2,HARD,ecdict
specially,specially,'speʃәli,,"[""adv.""]","[{""pos"":""adv."",""zh"":""特别地, 专门地"",""en"":""r. in a special manner""}]",{},"[""cet4"",""cet6""]",7946,B2,HARD,ecdict
shaky,shaky,'ʃeiki,,"[""a.""]","[{""pos"":""a."",""zh"":""震动的, 摇晃的, 动摇的"",""en"":""s. vibrating slightly and irregularly; as e.g. with fear or cold or like the leaves of an aspen in a breeze""}]","{""comparative"":""shakier"",""superlative"":""shakiest""}","[""cet6""]",7947,B2,HARD,ecdict
durable,durable,'djurәbl,,"[""a.""]","[{""pos"":""a."",""zh"":""持久的, 耐用的"",""en"":""s. existing for a long time""}]","{""plural"":""durables"",""thirdPerson"":""durables""}","[""cet4"",""cet6""]",7949,B2,HARD,ecdict
generosity,generosity,.dʒenә'rɒsiti,,"[""n.""]","[{""pos"":""n."",""zh"":""慷慨, 宽大"",""en"":""n. the trait of being willing to give your money or time""}]","{""plural"":""generosities""}","[""cet6""]",7952,B2,HARD,ecdict
sift,sift,sift,,"[""vt."",""vi.""]","[{""pos"":""vt."",""zh"":""筛, 过滤, 撒, 详查"",""en"":""v. move as if through a sieve""},{""pos"":""vi."",""zh"":""筛, 被筛下, 精选"",""en"":""v. separate by passing through a sieve or other straining device to separate out coarser elements""}]","{""presentParticiple"":""sifting"",""pastParticiple"":""sifted"",""past"":""sifted"",""thirdPerson"":""sifts"",""plural"":""sifts""}","[""cet6""]",7955,B2,HARD,ecdict
compass,compass,'kʌmpәs,,"[""n."",""vt.""]","[{""pos"":""n."",""zh"":""指南针, 范围, 音域"",""en"":""n. navigational instrument for finding directions""},{""pos"":""vt."",""zh"":""包围, 达到, 图谋, 理解"",""en"":""n. the limit of capability""}]","{""plural"":""compasses"",""past"":""compassed"",""presentParticiple"":""compassing"",""thirdPerson"":""compasses"",""pastParticiple"":""compassed""}","[""cet4"",""cet6""]",7958,B2,HARD,ecdict
novelty,novelty,'nɒvәlti,,"[""n.""]","[{""pos"":""n."",""zh"":""新奇, 新鲜, 新奇的事物"",""en"":""n. originality by virtue of being new and surprising""}]","{""plural"":""novelties""}","[""cet6""]",7961,B2,HARD,ecdict
brightness,brightness,'braitnis,,"[""n.""]","[{""pos"":""n."",""zh"":""光亮, 明亮, 聪明"",""en"":""n. the location of a visual perception along a continuum from black to white""},{""pos"":"""",""zh"":""[计] 亮度"",""en"":""n. intelligence as manifested in being quick and witty""}]","{""plural"":""brightnesses""}","[""cet6""]",7963,B2,HARD,ecdict
outset,outset,'autset,,"[""n.""]","[{""pos"":""n."",""zh"":""着手, 开头, 最初"",""en"":""n the time at which something is supposed to begin""}]",{},"[""cet4"",""cet6""]",7964,B2,HARD,ecdict
repay,repay,ri'pei,,"[""v.""]","[{""pos"":""v."",""zh"":""偿还, 报答, 报复"",""en"":""v pay back""}]","{""pastParticiple"":""repaid"",""presentParticiple"":""repaying"",""past"":""repaid"",""thirdPerson"":""repays""}","[""cet6""]",7971,B2,HARD,ecdict
jeopardize,jeopardize,'dʒepәdaiz,,"[""vt.""]","[{""pos"":""vt."",""zh"":""危害, 使受危困, 使陷危地"",""en"":""v pose a threat to; present a danger to""}]","{""pastParticiple"":""jeopardized"",""presentParticiple"":""jeopardizing"",""past"":""jeopardized"",""thirdPerson"":""jeopardizes""}","[""cet6""]",7976,B2,HARD,ecdict
subscribe,subscribe,sәb'skraib,,"[""vt."",""vi.""]","[{""pos"":""vt."",""zh"":""捐献, 签署"",""en"":""v. offer to buy, as of stocks and shares""},{""pos"":""vi."",""zh"":""赞成, 同意, 捐款, 预订, 认购"",""en"":""v. adopt as a belief""},{""pos"":"""",""zh"":""[计] 订阅"",""en"":""v. receive or obtain regularly""}]","{""pastParticiple"":""subscribed"",""presentParticiple"":""subscribing"",""past"":""subscribed"",""thirdPerson"":""subscribes""}","[""cet6""]",7979,B2,HARD,ecdict
institute,institute,'institju:t,,"[""n."",""vt.""]","[{""pos"":""n."",""zh"":""学会, 学院, 协会"",""en"":""n. an association organized to promote art or science or education""},{""pos"":""vt."",""zh"":""创立, 开始, 制定, 任命"",""en"":""v. advance or set forth in court""}]","{""plural"":""institutes"",""pastParticiple"":""instituted"",""past"":""instituted"",""presentParticiple"":""instituting"",""thirdPerson"":""institutes""}","[""cet4"",""cet6""]",7980,B2,HARD,ecdict
spinal,spinal,'spainl,,"[""a.""]","[{""pos"":""a."",""zh"":""针的, 尖刺的, 尖刺状突起的, 脊骨的"",""en"":""a. of or relating to the spine or spinal cord""},{""pos"":"""",""zh"":""[医] 棘折; 脊柱的"",""en"":""""}]",{},"[""cet6""]",7983,B2,HARD,ecdict
pigeon,pigeon,'pidʒin,,"[""n.""]","[{""pos"":""n."",""zh"":""鸽子, 易上当受骗的人, 年轻女子"",""en"":""n. wild and domesticated birds having a heavy body and short legs""}]","{""plural"":""pigeons""}","[""cet4"",""cet6""]",7986,B2,HARD,ecdict
heighten,heighten,'haitn,,"[""vt."",""vi.""]","[{""pos"":""vt."",""zh"":""增高, 提高, 加强"",""en"":""v. become more extreme""},{""pos"":""vi."",""zh"":""升高, 变大"",""en"":""v. make more extreme; raise in quantity, degree, or intensity""}]","{""pastParticiple"":""heightened"",""past"":""heightened"",""presentParticiple"":""heightening"",""thirdPerson"":""heightens""}","[""cet6""]",7990,B2,HARD,ecdict
latitude,latitude,'lætitju:d,,"[""n.""]","[{""pos"":""n."",""zh"":""纬度, 范围"",""en"":""n. the angular distance between an imaginary line around a heavenly body parallel to its equator and the equator itself""},{""pos"":"""",""zh"":""[化] 宽容度; 伟度"",""en"":""n. freedom from normal restraints in conduct""}]","{""plural"":""latitudes""}","[""cet6""]",7992,B2,HARD,ecdict
equate,equate,i'kweit,,"[""vt."",""vi.""]","[{""pos"":""vt."",""zh"":""使相等, 视为平等"",""en"":""v. be equivalent or parallel, in mathematics""},{""pos"":""vi."",""zh"":""等同"",""en"":""""}]","{""pastParticiple"":""equated"",""thirdPerson"":""equates"",""presentParticiple"":""equating"",""past"":""equated""}","[""cet6""]",7997,B2,HARD,ecdict
yearn,yearn,jә:n,,"[""vi.""]","[{""pos"":""vi."",""zh"":""渴望, 想念, 怀念, 同情"",""en"":""v. have affection for; feel tenderness for""}]","{""presentParticiple"":""yearning"",""past"":""yearned"",""thirdPerson"":""yearns"",""pastParticiple"":""yearned""}","[""cet6""]",7999,B2,HARD,ecdict
sociology,sociology,.sәusi'ɒlәdʒi,,"[""n.""]","[{""pos"":""n."",""zh"":""社会学"",""en"":""n. the study and classification of human societies""},{""pos"":"""",""zh"":""[医] 社会学"",""en"":""""}]","{""plural"":""sociologies""}","[""cet6""]",8002,B2,HARD,ecdict
bound,bound,baund,,"[""n."",""a."",""vi."",""vt.""]","[{""pos"":""n."",""zh"":""跃, 回跳, 范围, 边界"",""en"":""v. form the boundary of; be contiguous to""},{""pos"":""a."",""zh"":""受约束的, 装有封面的, 有义务的, 关联的, 被束缚的, 准备去...的, 便秘的"",""en"":""a. confined by bonds""},{""pos"":""vi."",""zh"":""跳跃, 弹起"",""en"":""a. held with another element, substance or material in chemical or physical union""},{""pos"":""vt."",""zh"":""使跳, 限制, 形成...的疆界"",""en"":""a. secured with a cover or binding; often used as a combining form""},{""pos"":"""",""zh"":""bind过去式和过去分词"",""en"":""""},{""pos"":"""",""zh"":""[计] 装订的"",""en"":""""}]","{""lemmaOf"":""bind"",""lemma"":""dp"",""plural"":""bounds"",""pastParticiple"":""bounded"",""presentParticiple"":""bounding"",""past"":""bound"",""thirdPerson"":""bounds""}","[""cet4"",""cet6""]",8004,B2,HARD,ecdict
unify,unify,'ju:nifai,,"[""v.""]","[{""pos"":""v."",""zh"":""统一, 使成一体"",""en"":""v. become one""}]","{""pastParticiple"":""unified"",""presentParticiple"":""unifying"",""past"":""unified"",""thirdPerson"":""unifies""}","[""cet6""]",8008,B2,HARD,ecdict
clearing,clearing,'kliәriŋ,,"[""n.""]","[{""pos"":""n."",""zh"":""清扫, 空地, 票据清算"",""en"":""n. a tract of land with few or no trees in the middle of a wooded area""},{""pos"":"""",""zh"":""[经] 票据交换, 结算, 结帐"",""en"":""n. the act of freeing from suspicion""}]","{""lemmaOf"":""clear"",""lemma"":""i"",""presentParticiple"":""clearing"",""plural"":""clearings""}","[""cet6""]",8009,B2,HARD,ecdict
wavelength,wavelength,'weivleŋθ,,"[""n.""]","[{""pos"":""n."",""zh"":""波长"",""en"":""n. the distance (measured in the direction of propagation) between two points in the same phase in consecutive cycles of a wave""},{""pos"":"""",""zh"":""[化] 波长"",""en"":""n. a shared orientation leading to mutual understanding""}]","{""plural"":""wavelengths""}","[""cet4"",""cet6""]",8023,B2,HARD,ecdict
spiral,spiral,'spairәl,,"[""n."",""a."",""vi."",""vt.""]","[{""pos"":""n."",""zh"":""螺旋形之物, 螺线"",""en"":""n. a plane curve traced by a point circling about the center but at increasing distances from the center""},{""pos"":""a."",""zh"":""螺旋形的, 盘旋的"",""en"":""n. a continuously accelerating change in the economy""},{""pos"":""vi."",""zh"":""螺旋形下降, 螺旋形上升, 螺旋形行进"",""en"":""n. ornament consisting of a curve on a plane that winds around a center with an increasing distance from the center""},{""pos"":""vt."",""zh"":""使螺旋形行进"",""en"":""n. flying downward in a helical path with a large radius""}]","{""plural"":""spirals"",""presentParticiple"":""spiralling"",""past"":""spiralled"",""thirdPerson"":""spirals"",""pastParticiple"":""spiralled""}","[""cet6""]",8028,B2,HARD,ecdict
distinctly,distinctly,dis'tiŋktli,,"[""adv.""]","[{""pos"":""adv."",""zh"":""显然地, 明显地, 清楚地"",""en"":""r. clear to the mind; with distinct mental discernment""}]",{},"[""cet6""]",8031,B2,HARD,ecdict
paw,paw,pɒ:,,"[""n."",""v.""]","[{""pos"":""n."",""zh"":""爪"",""en"":""n. a clawed foot of an animal especially a quadruped""},{""pos"":""v."",""zh"":""以蹄扒地, 用爪子抓, 拼命抓, 向...乱抓, 笨拙地使用, 费力地前进"",""en"":""v. scrape with the paws""}]","{""plural"":""paws"",""presentParticiple"":""pawing"",""past"":""pawed"",""pastParticiple"":""pawed"",""thirdPerson"":""paws""}","[""cet4"",""cet6""]",8033,B2,HARD,ecdict
whirl,whirl,hwә:l,,"[""n."",""vt."",""vi.""]","[{""pos"":""n."",""zh"":""回旋, 旋转, 急走, 眩晕"",""en"":""n. confused movement""},{""pos"":""vt."",""zh"":""使旋转, 使回旋, 卷走"",""en"":""n. the shape of something rotating rapidly""},{""pos"":""vi."",""zh"":""回旋, 旋转, 急走, 发晕"",""en"":""v. cause to spin""}]","{""past"":""whirled"",""presentParticiple"":""whirling"",""thirdPerson"":""whirls"",""pastParticiple"":""whirled"",""plural"":""whirls""}","[""cet4"",""cet6""]",8035,B2,HARD,ecdict
sovereign,sovereign,'sɒvrin,,"[""n."",""a.""]","[{""pos"":""n."",""zh"":""元首, 独立国"",""en"":""n. a nation's ruler or head of state usually by hereditary right""},{""pos"":""a."",""zh"":""具有主权的, 至高无上的, 国王的, 完全的"",""en"":""s. greatest in status or authority or power""}]","{""plural"":""sovereigns""}","[""cet6""]",8038,B2,HARD,ecdict
flutter,flutter,'flʌtә,,"[""n."",""vi."",""vt.""]","[{""pos"":""n."",""zh"":""摆动, 鼓翼, 烦扰"",""en"":""n. abnormally rapid beating of the auricles of the heart (especially in a regular rhythm); can result in heart block""},{""pos"":""vi."",""zh"":""摆动, 鼓翼, 烦扰"",""en"":""v. flap the wings rapidly or fly with flapping movements""},{""pos"":""vt."",""zh"":""拍(翅), 使焦急"",""en"":""""},{""pos"":"""",""zh"":""[计] 颤动"",""en"":""""}]","{""past"":""fluttered"",""presentParticiple"":""fluttering"",""pastParticiple"":""fluttered"",""thirdPerson"":""flutters"",""plural"":""flutters""}","[""cet6""]",8041,B2,HARD,ecdict
incur,incur,in'kә:,,"[""vt.""]","[{""pos"":""vt."",""zh"":""招致, 蒙受, 遭遇"",""en"":""v. make oneself subject to; bring upon oneself; become liable to""},{""pos"":"""",""zh"":""[经] 招致, 蒙受, 担负"",""en"":""""}]","{""pastParticiple"":""incurred"",""presentParticiple"":""incurring"",""past"":""incurred"",""thirdPerson"":""incurs""}","[""cet6""]",8042,B2,HARD,ecdict
blaze,blaze,bleiz,,"[""n."",""vi."",""vt.""]","[{""pos"":""n."",""zh"":""火焰, 烈火, 光辉"",""en"":""n. a strong flame that burns brightly""},{""pos"":""vi."",""zh"":""燃烧, 发光"",""en"":""n. a light-colored marking""},{""pos"":""vt."",""zh"":""使燃烧, 宣布, 在树皮上刻痕"",""en"":""v. shine brightly and intensively""}]","{""presentParticiple"":""blazing"",""past"":""blazed"",""plural"":""blazes"",""pastParticiple"":""blazed"",""thirdPerson"":""blazes""}","[""cet4"",""cet6""]",8056,B2,HARD,ecdict
physiological,physiological,.fiziә'lɒdʒikl,,"[""a.""]","[{""pos"":""a."",""zh"":""生理学的, 生理学上的, 生理机能的"",""en"":""a. of or relating to the biological study of physiology""},{""pos"":"""",""zh"":""[医] 生理学的, 生理的"",""en"":""""}]",{},"[""cet6""]",8058,B2,HARD,ecdict
carpenter,carpenter,'kɑ:pintә,,"[""n.""]","[{""pos"":""n."",""zh"":""木匠"",""en"":""n. a woodworker who makes or repairs wooden objects""}]","{""plural"":""carpenters"",""presentParticiple"":""carpentering"",""past"":""carpentered"",""thirdPerson"":""carpenters"",""pastParticiple"":""carpentered""}","[""cet4"",""cet6""]",8059,B2,HARD,ecdict
souvenir,souvenir,.su:vә'niә,,"[""n.""]","[{""pos"":""n."",""zh"":""纪念品"",""en"":""n something of sentimental value""}]","{""plural"":""souvenirs""}","[""cet6""]",8063,B2,HARD,ecdict
successive,successive,sәk'sesiv,,"[""a.""]","[{""pos"":""a."",""zh"":""继承的, 连续的"",""en"":""s in regular succession without gaps""},{""pos"":"""",""zh"":""[经] 接续承运人; 连续的"",""en"":""""}]",{},"[""cet4"",""cet6""]",8065,B2,HARD,ecdict
conversely,conversely,'kɔnv\\\\:sli,,"[""adv.""]","[{""pos"":""adv."",""zh"":""相反, 逆, 颠倒, 反题, 反"",""en"":""r. with the terms of the relation reversed""}]",{},"[""cet4"",""cet6""]",8066,B2,HARD,ecdict
accordance,accordance,ә'kɒ:dәns,,"[""n.""]","[{""pos"":""n."",""zh"":""一致, 和谐"",""en"":""n. the act of granting rights""}]",{},"[""cet4"",""cet6""]",8086,B2,HARD,ecdict
thunder,thunder,'θʌndә,,"[""n."",""vi."",""vt.""]","[{""pos"":""n."",""zh"":""雷, 雷声"",""en"":""n. a booming or crashing noise caused by air expanding along the path of a bolt of lightning""},{""pos"":""vi."",""zh"":""打雷, 轰隆地响, 怒喝"",""en"":""v. move fast, noisily, and heavily""},{""pos"":""vt."",""zh"":""大声喊出, 轰隆地发出"",""en"":""v. utter words loudly and forcefully""}]","{""past"":""thundered"",""presentParticiple"":""thundering"",""plural"":""thunders"",""pastParticiple"":""thundered"",""thirdPerson"":""thunders""}","[""cet4"",""cet6""]",8090,B2,HARD,ecdict
waterfall,waterfall,'wɒtәfɒ:l,,"[""n.""]","[{""pos"":""n."",""zh"":""瀑布"",""en"":""n. a steep descent of the water of a river""}]","{""plural"":""waterfalls""}","[""cet4"",""cet6""]",8091,B2,HARD,ecdict
preclude,preclude,pri'klu:d,,"[""vt.""]","[{""pos"":""vt."",""zh"":""预先排除, 预防, 阻止, 妨碍"",""en"":""v. make impossible, especially beforehand""},{""pos"":"""",""zh"":""[法] 预防, 排除, 消除"",""en"":""""}]","{""thirdPerson"":""precludes"",""pastParticiple"":""precluded"",""past"":""precluded"",""presentParticiple"":""precluding""}","[""cet6""]",8092,B2,HARD,ecdict
litter,litter,'litә,,"[""n."",""vt."",""vi.""]","[{""pos"":""n."",""zh"":""垃圾, 杂乱, 轿, 担架"",""en"":""n. the offspring at one birth of a multiparous mammal""},{""pos"":""vt."",""zh"":""乱丢, 铺草, 弄乱"",""en"":""n. rubbish carelessly dropped or left about (especially in public places)""},{""pos"":""vi."",""zh"":""产仔, 乱丢垃圾"",""en"":""n. conveyance consisting of a chair or bed carried on two poles by bearers""}]","{""pastParticiple"":""littered"",""plural"":""litters"",""past"":""littered"",""presentParticiple"":""littering"",""thirdPerson"":""litters""}","[""cet6""]",8093,B2,HARD,ecdict
exquisite,exquisite,'ekskwizit,,"[""a.""]","[{""pos"":""a."",""zh"":""精致的, 细腻的, 敏锐的"",""en"":""s. intense or sharp""}]",{},"[""cet6""]",8096,B2,HARD,ecdict
immerse,immerse,i'mә:s,,"[""vt.""]","[{""pos"":""vt."",""zh"":""沉浸, 使陷入"",""en"":""v. thrust or throw into""},{""pos"":"""",""zh"":""[医] 浸[入]"",""en"":""v. enclose or envelop completely, as if by swallowing""}]","{""pastParticiple"":""immersed"",""past"":""immersed"",""presentParticiple"":""immersing"",""thirdPerson"":""immerses""}","[""cet6""]",8097,B2,HARD,ecdict
petroleum,petroleum,pә'trәuliәm,,"[""n.""]","[{""pos"":""n."",""zh"":""石油"",""en"":""n. a dark oil consisting mainly of hydrocarbons""},{""pos"":"""",""zh"":""[化] 石油"",""en"":""""}]",{},"[""cet4"",""cet6""]",8098,B2,HARD,ecdict
honeymoon,honeymoon,'hʌnimu:n,,"[""n."",""vi.""]","[{""pos"":""n."",""zh"":""蜜月, 蜜月假期"",""en"":""n. a holiday taken by a newly married couple""},{""pos"":""vi."",""zh"":""渡蜜月"",""en"":""n. the early (usually calm and harmonious) period of a relationship; business or political""}]","{""plural"":""honeymoons"",""presentParticiple"":""honeymooning"",""past"":""honeymooned"",""thirdPerson"":""honeymoons"",""pastParticiple"":""honeymooned""}","[""cet4"",""cet6""]",8111,B2,HARD,ecdict
jealousy,jealousy,'dʒelәsi,,"[""n.""]","[{""pos"":""n."",""zh"":""妒忌, 猜忌, 羡慕"",""en"":""n. a feeling of jealous envy (especially of a rival)""},{""pos"":"""",""zh"":""[法] 妒忌, 嫉妒, 猜忌"",""en"":""n. zealous vigilance""}]","{""plural"":""jealousies""}","[""cet6""]",8112,B2,HARD,ecdict
flap,flap,flæp,,"[""n."",""v.""]","[{""pos"":""n."",""zh"":""飘, 摆动, 拍打, 拍打声, 片状垂悬物"",""en"":""n. any broad thin and limber covering attached at one edge; hangs loose or projects freely""},{""pos"":""v."",""zh"":""拍打, 鼓翼而飞, 飘动"",""en"":""n. the motion made by flapping up and down""}]","{""presentParticiple"":""flapping"",""past"":""flapped"",""plural"":""flaps"",""thirdPerson"":""flaps"",""pastParticiple"":""flapped""}","[""cet6""]",8113,B2,HARD,ecdict
drastic,drastic,'dræstik,,"[""a.""]","[{""pos"":""a."",""zh"":""激烈的"",""en"":""s. forceful and extreme and rigorous""},{""pos"":"""",""zh"":""[医] 峻泻药, 剧烈的"",""en"":""""}]",{},"[""cet6""]",8118,B2,HARD,ecdict
farewell,farewell,'fєә'wel,,"[""n.""]","[{""pos"":""n."",""zh"":""辞别, 再见, 再会"",""en"":""n. an acknowledgment or expression of goodwill at parting""},{""pos"":"""",""zh"":""interj. 再会"",""en"":""n. the act of departing politely""}]","{""plural"":""farewells""}","[""cet4"",""cet6""]",8121,B2,HARD,ecdict
woe,woe,wәu,,"[""n.""]","[{""pos"":""n."",""zh"":""悲哀, 悲痛, 苦痛"",""en"":""n. intense mournfulness""}]","{""plural"":""woes""}","[""cet6""]",8122,B2,HARD,ecdict
ripple,ripple,'ripl,,"[""n."",""vt."",""vi.""]","[{""pos"":""n."",""zh"":""涟波, 涟漪, 波纹, 粗钢梳"",""en"":""n. a small wave on the surface of a liquid""},{""pos"":""vt."",""zh"":""使起涟漪"",""en"":""n. (electronics) an oscillation of small amplitude imposed on top of a steady value""},{""pos"":""vi."",""zh"":""起微波, 起潺潺声"",""en"":""v. stir up (water) so as to form ripples""}]","{""plural"":""ripples"",""past"":""rippled"",""presentParticiple"":""rippling"",""pastParticiple"":""rippled"",""thirdPerson"":""ripples""}","[""cet6""]",8123,B2,HARD,ecdict
moderately,moderately,'mɒdәrәtli,,"[""adv.""]","[{""pos"":""adv."",""zh"":""适当地, 适度地, 中庸地"",""en"":""r. with moderation; in a moderate manner""}]",{},"[""cet6""]",8132,B2,HARD,ecdict
seam,seam,si:m,,"[""n."",""vt."",""vi.""]","[{""pos"":""n."",""zh"":""缝合线, 衔接口, 接缝, 线缝, 伤疤"",""en"":""n. joint consisting of a line formed by joining two pieces""},{""pos"":""vt."",""zh"":""缝合, 接合, 焊合, 使留下伤痕"",""en"":""n. a stratum of ore or coal thick enough to be mined with profit""},{""pos"":""vi."",""zh"":""裂开, 发生裂痕"",""en"":""v. put together with a seam""}]","{""plural"":""seams"",""past"":""seamed"",""pastParticiple"":""seamed"",""presentParticiple"":""seaming"",""thirdPerson"":""seams""}","[""cet6""]",8135,B2,HARD,ecdict
sting,sting,stiŋ,,"[""n."",""vt."",""vi.""]","[{""pos"":""n."",""zh"":""叮, 刺痛, 刺激, 讽刺"",""en"":""n. a kind of pain; something as sudden and painful as being stung""},{""pos"":""vt."",""zh"":""叮, 刺痛, 刺激, 使苦恼"",""en"":""n. a painful wound caused by the thrust of an insect's stinger into skin""},{""pos"":""vi."",""zh"":""叮, 刺痛"",""en"":""v. deliver a sting to""}]","{""pastParticiple"":""stung"",""past"":""stung"",""plural"":""stings"",""thirdPerson"":""stings"",""presentParticiple"":""stinging""}","[""cet4"",""cet6""]",8139,B2,HARD,ecdict
shortcoming,shortcoming,'ʃɒ:t'kʌmiŋ,,"[""n.""]","[{""pos"":""n."",""zh"":""缺点, 短处"",""en"":""n a failing or deficiency""}]","{""plural"":""shortcomings""}","[""cet4"",""cet6""]",8140,B2,HARD,ecdict
longing,longing,'lɒŋiŋ,,"[""n."",""a.""]","[{""pos"":""n."",""zh"":""渴望, 热望, 憧憬"",""en"":""n. prolonged unfulfilled desire or need""},{""pos"":""a."",""zh"":""渴望的, 热望的"",""en"":""""}]","{""lemmaOf"":""long"",""lemma"":""i"",""presentParticiple"":""longing"",""plural"":""longings""}","[""cet6""]",8143,B2,HARD,ecdict
indoors,indoors,'in'dɒ:z,,"[""adv.""]","[{""pos"":""adv."",""zh"":""在户内"",""en"":""r within a building""}]",{},"[""cet4"",""cet6""]",8145,B2,HARD,ecdict
idle,idle,'aidl,,"[""a."",""vi."",""vt."",""n.""]","[{""pos"":""a."",""zh"":""懒惰的, 闲散的, 停顿的, 空闲的, 无用的"",""en"":""n. the state of an engine or other mechanism that is idling""},{""pos"":""vi."",""zh"":""无所事事, 闲散, 浪费, 空转"",""en"":""v. run disconnected or idle""},{""pos"":""vt."",""zh"":""虚度, 使闲散, 使空转"",""en"":""v. be idle; exist in a changeless situation""},{""pos"":""n."",""zh"":""空转, 空闲时间"",""en"":""a. not in action or at work""},{""pos"":"""",""zh"":""[计] 空闲时间"",""en"":""""}]","{""presentParticiple"":""idling"",""past"":""idled"",""pastParticiple"":""idled"",""thirdPerson"":""idles""}","[""cet4"",""cet6""]",8146,B2,HARD,ecdict
scenery,scenery,'si:nәri,,"[""n.""]","[{""pos"":""n."",""zh"":""风景, 景色, 舞台布景"",""en"":""n. the painted structures of a stage set that are intended to suggest a particular locale""}]","{""plural"":""sceneries""}","[""cet4"",""cet6""]",8152,B2,HARD,ecdict
glamour,glamour,'glæmә,,"[""n."",""vt.""]","[{""pos"":""n."",""zh"":""魅力, 迷人的美, 魔法"",""en"":""n alluring beauty or charm (often with sex-appeal)""},{""pos"":""vt."",""zh"":""迷惑"",""en"":""v cast a spell over someone or something; put a hex on someone or something""}]","{""plural"":""glamours""}","[""cet6""]",8154,B2,HARD,ecdict
cosmos,cosmos,'kɔzmɔs,,"[""n.""]","[{""pos"":""n."",""zh"":""宇宙, 秩序, 和谐, 大波斯菊"",""en"":""n. any of various mostly Mexican herbs of the genus Cosmos having radiate heads of variously colored flowers and pinnate leaves; popular fall-blooming annuals""},{""pos"":"""",""zh"":""[医] 大波斯菊"",""en"":""""}]",{},"[""cet6""]",8156,B2,HARD,ecdict
courageous,courageous,kә'reidʒәs,,"[""a.""]","[{""pos"":""a."",""zh"":""勇敢的, 大胆的, 有胆量的"",""en"":""a possessing or displaying courage; able to face and deal with danger or fear without flinching""}]",{},"[""cet6""]",8170,B2,HARD,ecdict
inch,inch,intʃ,,"[""n."",""vi."",""vt.""]","[{""pos"":""n."",""zh"":""英寸, 身高, 小岛"",""en"":""n. a unit of length equal to one twelfth of a foot""},{""pos"":""vi."",""zh"":""慢慢前进, 慢慢移动"",""en"":""""},{""pos"":""vt."",""zh"":""使缓慢地移动"",""en"":""""}]","{""plural"":""inches"",""past"":""inched"",""thirdPerson"":""inches"",""presentParticiple"":""inching"",""pastParticiple"":""inched""}","[""cet4"",""cet6""]",8178,B2,HARD,ecdict
converge,converge,kәn'vә:dʒ,,"[""vi."",""vt.""]","[{""pos"":""vi."",""zh"":""聚合, 集中于一点"",""en"":""v. be adjacent or come together""},{""pos"":""vt."",""zh"":""使集合"",""en"":""v. approach a limit as the number of terms increases without limit""}]","{""past"":""converged"",""presentParticiple"":""converging"",""thirdPerson"":""converges"",""pastParticiple"":""converged""}","[""cet6""]",8179,B2,HARD,ecdict
trivial,trivial,'tiviәl,,"[""a.""]","[{""pos"":""a."",""zh"":""琐碎的, 不重要的, 轻微的, 平常的"",""en"":""s. concerned with trivialities""}]",{},"[""cet6""]",8180,B2,HARD,ecdict
porcelain,porcelain,'pɒ:slin,,"[""n."",""a.""]","[{""pos"":""n."",""zh"":""瓷器, 瓷"",""en"":""n. ceramic ware made of a more or less translucent ceramic""},{""pos"":""a."",""zh"":""瓷制的"",""en"":""""}]","{""plural"":""porcelains""}","[""cet6""]",8181,B2,HARD,ecdict
inventor,inventor,in'ventә,,"[""n.""]","[{""pos"":""n."",""zh"":""发明家"",""en"":""n. someone who is the first to think of or make something""},{""pos"":"""",""zh"":""[法] 发明人, 发明家, 创造者"",""en"":""""}]","{""plural"":""inventors""}","[""cet4"",""cet6""]",8188,B2,HARD,ecdict
buzz,buzz,bʌz,,"[""n."",""vi."",""vt.""]","[{""pos"":""n."",""zh"":""嗡嗡声, 流言"",""en"":""n. sound of rapid vibration""},{""pos"":""vi."",""zh"":""发出嗡嗡声, 说闲话"",""en"":""n. a confusion of activity and gossip""},{""pos"":""vt."",""zh"":""使嗡嗡叫, 散布"",""en"":""v. make a buzzing sound""}]","{""thirdPerson"":""buzzes"",""plural"":""buzzes"",""presentParticiple"":""buzzing"",""past"":""buzzed"",""pastParticiple"":""buzzed""}","[""cet6""]",8191,B2,HARD,ecdict
famine,famine,'fæmin,,"[""n.""]","[{""pos"":""n."",""zh"":""饥荒, 缺乏, 饥饿"",""en"":""n. a severe shortage of food (as through crop failure) resulting in violent hunger and starvation and death""}]","{""plural"":""famines""}","[""cet4"",""cet6""]",8193,B2,HARD,ecdict
disappoint,disappoint,.disә'pɒint,,"[""vt.""]","[{""pos"":""vt."",""zh"":""使失望"",""en"":""v. fail to meet the hopes or expectations of""}]","{""past"":""disappointed"",""pastParticiple"":""disappointed"",""thirdPerson"":""disappoints"",""presentParticiple"":""disappointing""}","[""cet4"",""cet6""]",8204,B2,HARD,ecdict
lighter,lighter,'laitә,,"[""n."",""vt.""]","[{""pos"":""n."",""zh"":""点火者, 点灯工人, 打火机, 驳船"",""en"":""n. a device for lighting or igniting fuel or charges or fires""},{""pos"":""vt."",""zh"":""以驳船搬运"",""en"":""v. transport in a flatbottom boat""}]","{""lemmaOf"":""light"",""lemma"":""r"",""plural"":""lighters""}","[""cet6""]",8206,B2,HARD,ecdict
harden,harden,hɑ:dn,,"[""vt."",""vi.""]","[{""pos"":""vt."",""zh"":""使变硬, 使坚强, 使冷酷"",""en"":""v. become hard or harder""},{""pos"":""vi."",""zh"":""变硬, 变冷酷"",""en"":""v. make hard or harder""}]","{""pastParticiple"":""hardened"",""presentParticiple"":""hardening"",""past"":""hardened"",""thirdPerson"":""hardens""}","[""cet4"",""cet6""]",8207,B2,HARD,ecdict
cassette,cassette,kæ'set,,"[""n.""]","[{""pos"":""n."",""zh"":""盒式磁带, 珠宝箱, 暗盒"",""en"":""n. a container that holds a magnetic tape used for recording or playing sound or video""},{""pos"":"""",""zh"":""[计] 字盒"",""en"":""""}]","{""plural"":""cassettes""}","[""cet4"",""cet6""]",8210,B2,HARD,ecdict
directory,directory,di'rektәri,,"[""n.""]","[{""pos"":""n."",""zh"":""目录, 工商名录, 指南"",""en"":""n. an alphabetical list of names and addresses""},{""pos"":"""",""zh"":""[计] 目录"",""en"":""n. (computer science) a listing of the files stored in memory (usually on a hard disk)""}]","{""plural"":""directories""}","[""cet6""]",8211,B2,HARD,ecdict
dwelling,dwelling,'dweliŋ,,"[""n.""]","[{""pos"":""n."",""zh"":""住处"",""en"":""n. housing that someone is living in""},{""pos"":"""",""zh"":""[医] 住房"",""en"":""""}]","{""plural"":""dwellings"",""presentParticiple"":""dwelling"",""lemmaOf"":""dwelling"",""lemma"":""i""}","[""cet4"",""cet6""]",8213,B2,HARD,ecdict
burner,burner,'bә:nә,,"[""n.""]","[{""pos"":""n."",""zh"":""火炉, 烧火的人"",""en"":""n. an apparatus for burning fuel (or refuse)""},{""pos"":"""",""zh"":""[化] 灯; 灯头; 烧嘴炉; 燃烧器; 燃烧炉"",""en"":""n. the heating elements of a stove or range on which pots and pans are placed for cooking""}]","{""plural"":""burners""}","[""cet6""]",8217,B2,HARD,ecdict
decidedly,decidedly,di'saididli,,"[""adv.""]","[{""pos"":""adv."",""zh"":""决定了, 坚决, 明显, 显而易见, 显然, 明确, 果断, 毫无疑问"",""en"":""r. without question and beyond doubt""}]",{},"[""cet6""]",8222,B2,HARD,ecdict
frank,frank,fræŋk,,"[""a."",""vt."",""n.""]","[{""pos"":""a."",""zh"":""坦白的, 率直的, 老实的"",""en"":""n. a member of the ancient Germanic peoples who spread from the Rhine into the Roman Empire in the 4th century""},{""pos"":""vt."",""zh"":""免费邮寄"",""en"":""n. a smooth-textured sausage of minced beef or pork usually smoked; often served on a bread roll""},{""pos"":""n."",""zh"":""免费邮寄特权"",""en"":""v. exempt by means of an official pass or letter, as from customs or other checks""}]","{""pastParticiple"":""franked"",""superlative"":""frankest"",""comparative"":""franker"",""presentParticiple"":""franking"",""past"":""franked"",""thirdPerson"":""franks""}","[""cet4"",""cet6""]",8225,B2,HARD,ecdict
clamp,clamp,klæmp,,"[""n."",""vt.""]","[{""pos"":""n."",""zh"":""夹钳"",""en"":""n. a device (generally used by carpenters) that holds things firmly together""},{""pos"":""vt."",""zh"":""夹紧, 强加"",""en"":""v. fasten or fix with a clamp""}]","{""pastParticiple"":""clamped"",""past"":""clamped"",""presentParticiple"":""clamping"",""plural"":""clamps"",""thirdPerson"":""clamps""}","[""cet6""]",8228,B2,HARD,ecdict
hinder,hinder,'hindә,,"[""a."",""v.""]","[{""pos"":""a."",""zh"":""后面的"",""en"":""v be a hindrance or obstacle to""},{""pos"":""v."",""zh"":""阻碍, 打扰"",""en"":""v hinder or prevent the progress or accomplishment of""}]","{""pastParticiple"":""hindered"",""past"":""hindered"",""presentParticiple"":""hindering"",""thirdPerson"":""hinders""}","[""cet6""]",8229,B2,HARD,ecdict
navigation,navigation,.nævi'geiʃәn,,"[""n.""]","[{""pos"":""n."",""zh"":""航行, 航海, 导航"",""en"":""n. the guidance of ships or airplanes from place to place""},{""pos"":"""",""zh"":""[经] 航空, 航海, 航船"",""en"":""n. ship traffic""}]","{""plural"":""navigations""}","[""cet4"",""cet6""]",8237,B2,HARD,ecdict
plaster,plaster,'plæstә,,"[""n."",""vt.""]","[{""pos"":""n."",""zh"":""石膏, 灰泥, 安慰(缓解)用品, 膏药"",""en"":""n. a mixture of lime or gypsum with sand and water; hardens into a smooth solid; used to cover walls and ceilings""},{""pos"":""vt."",""zh"":""涂以灰泥, 敷以膏药, 掩饰, 使平服, 彻底击败, 减轻, 粘贴"",""en"":""n. a surface of hardened plaster (as on a wall or ceiling)""}]","{""past"":""plastered"",""pastParticiple"":""plastered"",""plural"":""plasters"",""presentParticiple"":""plastering"",""thirdPerson"":""plasters""}","[""cet4"",""cet6""]",8240,B2,HARD,ecdict
abnormal,abnormal,æb'nɒ:mәl,,"[""a."",""n.""]","[{""pos"":""a."",""zh"":""反常的, 不规则的, 变态的, 畸形的"",""en"":""a. not normal; not typical or usual or regular or conforming to a norm""},{""pos"":""n."",""zh"":""畸形的人"",""en"":""a. departing from the normal in e.g. intelligence and development""}]","{""plural"":""abnormals""}","[""cet4"",""cet6""]",8241,B2,HARD,ecdict
improper,improper,im'prɒpә,,"[""a.""]","[{""pos"":""a."",""zh"":""不合适的, 错误的, 不成体统的, 不道德的"",""en"":""a. not suitable or right or appropriate""},{""pos"":"""",""zh"":""[法] 不适当的, 不合适的, 不正确的"",""en"":""s. not conforming to legality, moral law, or social convention""}]",{},"[""cet6""]",8245,B2,HARD,ecdict
bamboo,bamboo,bæm'bu:,,"[""n.""]","[{""pos"":""n."",""zh"":""竹子"",""en"":""n. the hard woody stems of bamboo plants; used in construction and crafts and fishing poles""},{""pos"":"""",""zh"":""[医] 竹类"",""en"":""n. woody tropical grass having hollow woody stems; mature canes used for construction and furniture""}]","{""plural"":""bamboos""}","[""cet6""]",8248,B2,HARD,ecdict
downward,downward,'daunwәd,,"[""a.""]","[{""pos"":""a."",""zh"":""向下的"",""en"":""s. on or toward a surface regarded as a base""}]",{},"[""cet4"",""cet6""]",8257,B2,HARD,ecdict
stainless,stainless,'steinlis,,"[""a.""]","[{""pos"":""a."",""zh"":""无瑕疵的, 不锈的"",""en"":""s. (of reputation) free from blemishes""},{""pos"":"""",""zh"":""[机] 不绣的, 污染的"",""en"":""""}]",{},"[""cet6""]",8262,B2,HARD,ecdict
tread,tread,tred,,"[""n."",""vi."",""vt.""]","[{""pos"":""n."",""zh"":""踏, 步态, 梯级, 交尾, 鞋底"",""en"":""n. the grooved surface of a pneumatic tire""},{""pos"":""vi."",""zh"":""踏, 行走, 交尾"",""en"":""n. the part (as of a wheel or shoe) that makes contact with the ground""},{""pos"":""vt."",""zh"":""踩, 踏, 践踏, 跳(舞)"",""en"":""n. structural member consisting of the horizontal part of a stair or step""}]","{""presentParticiple"":""treading"",""past"":""trod"",""pastParticiple"":""trodden"",""thirdPerson"":""treads"",""plural"":""treads""}","[""cet6""]",8263,B2,HARD,ecdict
synthesis,synthesis,'sinθisis,,"[""n.""]","[{""pos"":""n."",""zh"":""综合, 组织, 综合体"",""en"":""n. the process of producing a chemical compound (usually by the union of simpler chemical compounds)""},{""pos"":"""",""zh"":""[化] 合成"",""en"":""n. the combination of ideas into a complex whole""}]","{""plural"":""syntheses""}","[""cet6""]",8268,B2,HARD,ecdict
inclination,inclination,.inkli'neiʃәn,,"[""n.""]","[{""pos"":""n."",""zh"":""倾向, 趋向, 倾斜度, 点头"",""en"":""n. an attitude of mind especially one that favors one alternative over others""},{""pos"":"""",""zh"":""[化] 倾角"",""en"":""n. (astronomy) the angle between the plane of the orbit and the plane of the ecliptic stated in degrees""}]","{""plural"":""inclinations""}","[""cet6""]",8270,B2,HARD,ecdict
inclusive,inclusive,in'klu:siv,,"[""a.""]","[{""pos"":""a."",""zh"":""包含的, 包括的"",""en"":""a. including much or everything; and especially including stated limits""}]",{},"[""cet6""]",8272,B2,HARD,ecdict
superficial,superficial,.sju:pә'fiʃәl,,"[""n."",""a.""]","[{""pos"":""n."",""zh"":""表面, 外表"",""en"":""a. concerned with or comprehending only what is apparent or obvious; not deep or penetrating emotionally or intellectually""},{""pos"":""a."",""zh"":""表面的, 肤浅的, 面积的"",""en"":""a. of, affecting, or being on or near the surface""}]",{},"[""cet4"",""cet6""]",8281,B2,HARD,ecdict
puff,puff,pʌf,,"[""n."",""v.""]","[{""pos"":""n."",""zh"":""一阵喷烟, 肿块, 喘息"",""en"":""n. a short light gust of air""},{""pos"":""v."",""zh"":""喷出, 张开, 吹捧, (使)充气, 喘气, (使)骄傲, (使)膨胀"",""en"":""n. a light inflated pastry or puff shell""}]","{""past"":""puffed"",""plural"":""puffs"",""presentParticiple"":""puffing"",""pastParticiple"":""puffed"",""thirdPerson"":""puffs""}","[""cet4"",""cet6""]",8283,B2,HARD,ecdict
rig,rig,rig,,"[""n."",""vt.""]","[{""pos"":""n."",""zh"":""装备, 帆装"",""en"":""n. gear (including necessary machinery) for a particular enterprise""},{""pos"":""vt."",""zh"":""装配, 装扮, 给船装帆, 垄断, 操纵"",""en"":""n. formation of masts, spars, sails, etc., on a vessel""}]","{""plural"":""rigs"",""pastParticiple"":""rigged"",""presentParticiple"":""rigging"",""past"":""rigged"",""thirdPerson"":""rigs""}","[""cet6""]",8285,B2,HARD,ecdict
misunderstand,misunderstand,.misʌndә'stænd,,"[""vt.""]","[{""pos"":""vt."",""zh"":""误解, 误会"",""en"":""v interpret in the wrong way""}]","{""pastParticiple"":""misunderstood"",""past"":""misunderstood"",""presentParticiple"":""misunderstanding"",""thirdPerson"":""misunderstands""}","[""cet4"",""cet6""]",8287,B2,HARD,ecdict
excursion,excursion,ik'skә:ʒәn,,"[""n.""]","[{""pos"":""n."",""zh"":""远足, 游览圆, 短程旅行"",""en"":""n. a journey taken for pleasure""},{""pos"":"""",""zh"":""[医] 移动, 离轨, 逸出"",""en"":""""}]","{""plural"":""excursions""}","[""cet4"",""cet6""]",8288,B2,HARD,ecdict
vocational,vocational,vәu'keiʃәnl,,"[""a.""]","[{""pos"":""a."",""zh"":""职业的"",""en"":""a. of or relating to a vocation or occupation; especially providing or undergoing training in special skills""},{""pos"":"""",""zh"":""[法] 职业上的, 天职的"",""en"":""""}]",{},"[""cet6""]",8293,B2,HARD,ecdict
cucumber,cucumber,'kju:kәmbә,,"[""n.""]","[{""pos"":""n."",""zh"":""黄瓜"",""en"":""n. a melon vine of the genus Cucumis; cultivated from earliest times for its cylindrical green fruit""},{""pos"":"""",""zh"":""[医] 黄瓜, 胡瓜"",""en"":""n. cylindrical green fruit with thin green rind and white flesh eaten as a vegetable; related to melons""}]","{""plural"":""cucumbers""}","[""cet4"",""cet6""]",8294,B2,HARD,ecdict
sharpen,sharpen,'ʃɑ:pn,,"[""vt."",""vi.""]","[{""pos"":""vt."",""zh"":""使尖锐, 使敏捷, 加重, 削尖"",""en"":""v. make sharp or sharper""},{""pos"":""vi."",""zh"":""尖锐化, 变锋利"",""en"":""v. make crisp or more crisp and precise""}]","{""pastParticiple"":""sharpened"",""presentParticiple"":""sharpening"",""past"":""sharpened"",""thirdPerson"":""sharpens""}","[""cet4"",""cet6""]",8298,B2,HARD,ecdict
crooked,crooked,'krukid,,"[""a.""]","[{""pos"":""a."",""zh"":""弯曲的, 歪的, 邪恶的"",""en"":""a. having or marked by bends or angles; not straight or aligned""}]","{""lemma"":""pd"",""lemmaOf"":""crook"",""pastParticiple"":""crooked"",""past"":""crooked""}","[""cet6""]",8300,B2,HARD,ecdict
satisfactory,satisfactory,.sætis'fæktәri,,"[""a.""]","[{""pos"":""a."",""zh"":""满意的, 赎罪的"",""en"":""a. giving satisfaction""},{""pos"":"""",""zh"":""[法] 令人满意的, 令当事人满意的, 充分的"",""en"":""s. meeting requirements""}]",{},"[""cet4"",""cet6""]",8301,B2,HARD,ecdict
subscription,subscription,sәb'skripʃәn,,"[""n.""]","[{""pos"":""n."",""zh"":""捐献, 订金, 订阅, 签署, 同意"",""en"":""n. a payment for consecutive issues of a newspaper or magazine for a given period of time""},{""pos"":"""",""zh"":""[化] 订购"",""en"":""n. agreement expressed by (or as if expressed by) signing your name""}]","{""plural"":""subscriptions""}","[""cet6""]",8304,B2,HARD,ecdict
liable,liable,'laiәbl,,"[""a.""]","[{""pos"":""a."",""zh"":""有义务的, 应负责的, 有...倾向的"",""en"":""s. subject to legal action""},{""pos"":"""",""zh"":""[法] 有责任的, 可受处理的, 应受罚的"",""en"":""s. (often followed by `to') likely to be affected with""}]",{},"[""cet4"",""cet6""]",8305,B2,HARD,ecdict
microscope,microscope,'maikrәuskәup,,"[""n.""]","[{""pos"":""n."",""zh"":""显微镜"",""en"":""n. magnifier of the image of small objects""},{""pos"":"""",""zh"":""[化] 显微镜"",""en"":""""}]","{""plural"":""microscopes"",""presentParticiple"":""microscoping""}","[""cet4"",""cet6""]",8309,B2,HARD,ecdict
spear,spear,spiә,,"[""n."",""vt."",""vi."",""a.""]","[{""pos"":""n."",""zh"":""矛, 枪, 持矛者, 嫩枝"",""en"":""n. a long pointed rod used as a tool or weapon""},{""pos"":""vt."",""zh"":""用矛刺"",""en"":""n. an implement with a shaft and barbed point used for catching fish""},{""pos"":""vi."",""zh"":""刺, 戳"",""en"":""v. pierce with a spear""},{""pos"":""a."",""zh"":""父系的"",""en"":""v. thrust up like a spear""}]","{""plural"":""spears"",""past"":""speared"",""pastParticiple"":""speared"",""presentParticiple"":""spearing"",""thirdPerson"":""spears""}","[""cet4"",""cet6""]",8310,B2,HARD,ecdict
weekday,weekday,'wi:kdei,,"[""n.""]","[{""pos"":""n."",""zh"":""周日, 平日"",""en"":""n. any day except Sunday (and sometimes except Saturday)""},{""pos"":"""",""zh"":""[计] 工作日"",""en"":""""}]","{""plural"":""weekdays""}","[""cet4"",""cet6""]",8312,B2,HARD,ecdict
dorm,dorm,dɒ:m,,"[""n.""]","[{""pos"":""n."",""zh"":""宿舍"",""en"":""n a college or university building containing living quarters for students""}]","{""plural"":""dorms""}","[""cet4"",""cet6""]",8314,B2,HARD,ecdict
overtime,overtime,'әuvәtaim,,"[""n."",""a."",""adv."",""vt.""]","[{""pos"":""n."",""zh"":""超时, 加班, 延长时间"",""en"":""n. work done in addition to regular working hours""},{""pos"":""a."",""zh"":""超时的, 加班的"",""en"":""n. playing time beyond regulation, to break a tie""},{""pos"":""adv."",""zh"":""加班地"",""en"":""r. beyond the regular time""},{""pos"":""vt."",""zh"":""使超过时间"",""en"":""""}]",{},"[""cet4"",""cet6""]",8317,B2,HARD,ecdict
bitterness,bitterness,'bitәnis,,"[""n.""]","[{""pos"":""n."",""zh"":""苦味, 悲痛, 怨恨"",""en"":""n. a rough and bitter manner""}]","{""plural"":""bitternesses""}","[""cet6""]",8320,B2,HARD,ecdict
chimney,chimney,'tʃimni,,"[""n.""]","[{""pos"":""n."",""zh"":""烟囱, 灯罩"",""en"":""n. a vertical flue that provides a path through which smoke from a fire is carried away through the wall or roof of a building""},{""pos"":"""",""zh"":""[电] 烟囱"",""en"":""""}]","{""plural"":""chimneys""}","[""cet4"",""cet6""]",8321,B2,HARD,ecdict
groove,groove,gru:v,,"[""n."",""vt.""]","[{""pos"":""n."",""zh"":""凹槽, 惯例, 理想境况"",""en"":""n. a long narrow furrow cut either by a natural process (such as erosion) or by a tool (as e.g. a groove in a phonograph record)""},{""pos"":""vt."",""zh"":""开槽于"",""en"":""n. (anatomy) any furrow or channel on a bodily structure or part""}]","{""plural"":""grooves"",""past"":""grooved"",""presentParticiple"":""grooving"",""pastParticiple"":""grooved"",""thirdPerson"":""grooves""}","[""cet6""]",8325,B2,HARD,ecdict
relay,relay,'ri:lei,,"[""n."",""vt."",""vi.""]","[{""pos"":""n."",""zh"":""驿马, 替班, 中继, 接力"",""en"":""n. the act of passing something along from one person or group to another""},{""pos"":""vt."",""zh"":""分程传递, 转播, 使接替"",""en"":""n. a crew of workers who relieve another crew""},{""pos"":""vi."",""zh"":""接力传送, 转播"",""en"":""n. a fresh team to relieve weary draft animals""}]","{""pastParticiple"":""relayed"",""presentParticiple"":""relaying"",""past"":""relayed"",""plural"":""relays"",""thirdPerson"":""relays""}","[""cet6""]",8326,B2,HARD,ecdict
dispense,dispense,dis'pens,,"[""vt."",""vi.""]","[{""pos"":""vt."",""zh"":""分发, 分配"",""en"":""v. grant a dispensation; grant an exemption""},{""pos"":""vi."",""zh"":""特许, 豁免"",""en"":""""}]","{""pastParticiple"":""dispensed"",""presentParticiple"":""dispensing"",""past"":""dispensed"",""thirdPerson"":""dispenses""}","[""cet6""]",8334,B2,HARD,ecdict
jog,jog,dʒɒg,,"[""n."",""v.""]","[{""pos"":""n."",""zh"":""轻推, 轻撞, 慢跑"",""en"":""n. a sharp change in direction""},{""pos"":""v."",""zh"":""轻推, (使)蹒跚行进, (使)慢跑"",""en"":""n. a slow pace of running""}]","{""past"":""jogged"",""presentParticiple"":""jogging"",""plural"":""jogs"",""pastParticiple"":""jogged"",""thirdPerson"":""jogs""}","[""cet6""]",8335,B2,HARD,ecdict
cruelty,cruelty,'kru:әlti,,"[""n.""]","[{""pos"":""n."",""zh"":""残酷, 野蛮, 残酷行为"",""en"":""n. a cruel act; a deliberate infliction of pain and suffering""},{""pos"":"""",""zh"":""[法] 残酷, 残忍, 虐待"",""en"":""n. feelings of extreme heartlessness""}]","{""plural"":""cruelties""}","[""cet6""]",8337,B2,HARD,ecdict
lantern,lantern,'læntәn,,"[""n."",""vt.""]","[{""pos"":""n."",""zh"":""灯笼, 提灯, 航标灯"",""en"":""n. light in a transparent protective case""},{""pos"":""vt."",""zh"":""装上提灯"",""en"":""""}]","{""plural"":""lanterns""}","[""cet4"",""cet6""]",8338,B2,HARD,ecdict
plateau,plateau,plæ'tәu,,"[""n.""]","[{""pos"":""n."",""zh"":""高地, 高原, (上升后的)稳定水平"",""en"":""n a relatively flat highland""},{""pos"":"""",""zh"":""[医] 高原, 平顶, 坪"",""en"":""""}]","{""plural"":""plateaus""}","[""cet6""]",8339,B2,HARD,ecdict
slaughter,slaughter,'slɒ:tә,,"[""n."",""vt.""]","[{""pos"":""n."",""zh"":""残杀, 屠杀, 杀戮"",""en"":""n. the killing of animals (as for food)""},{""pos"":""vt."",""zh"":""残杀, 屠杀, 亏本出售"",""en"":""n. the savage and excessive killing of many people""}]","{""pastParticiple"":""slaughtered"",""presentParticiple"":""slaughtering"",""past"":""slaughtered"",""thirdPerson"":""slaughters"",""plural"":""slaughters""}","[""cet6""]",8340,B2,HARD,ecdict
heroine,heroine,'herәuin,,"[""n.""]","[{""pos"":""n."",""zh"":""巾帼英雄, 烈妇, 女主角"",""en"":""n. the main good female character in a work of fiction""},{""pos"":"""",""zh"":""[化] 海洛因; 二醋吗啡; 二乙酰吗啡"",""en"":""n. a woman possessing heroic qualities or a woman who has performed heroic deeds""}]","{""plural"":""heroines""}","[""cet4"",""cet6""]",8342,B2,HARD,ecdict
retrospect,retrospect,'retrәspekt,,"[""n."",""v.""]","[{""pos"":""n."",""zh"":""回顾, 追忆, 回溯"",""en"":""n. contemplation of things past""},{""pos"":""v."",""zh"":""回顾, 追忆"",""en"":""""}]","{""plural"":""retrospects"",""presentParticiple"":""retrospecting"",""past"":""retrospected"",""thirdPerson"":""retrospects"",""pastParticiple"":""retrospected""}","[""cet6""]",8344,B2,HARD,ecdict
trot,trot,trɒt,,"[""n."",""vi."",""vt.""]","[{""pos"":""n."",""zh"":""快步"",""en"":""n. a gait faster than a walk; diagonally opposite legs strike the ground together""},{""pos"":""vi."",""zh"":""快步走, 小跑"",""en"":""v. run at a moderately swift pace""},{""pos"":""vt."",""zh"":""使小跑, 策马小跑"",""en"":""v. ride at a trot""}]","{""past"":""trotted"",""presentParticiple"":""trotting"",""pastParticiple"":""trotted"",""thirdPerson"":""trots"",""plural"":""trots""}","[""cet6""]",8347,B2,HARD,ecdict
mingle,mingle,'miŋgl,,"[""v.""]","[{""pos"":""v."",""zh"":""(使)混合"",""en"":""v. get involved or mixed-up with""}]","{""past"":""mingled"",""presentParticiple"":""mingling"",""pastParticiple"":""mingled"",""thirdPerson"":""mingles""}","[""cet6""]",8350,B2,HARD,ecdict
peripheral,peripheral,pә'rifәrәl,,"[""a.""]","[{""pos"":""a."",""zh"":""周边的, 周围的, 圆周的, 无关紧要的, 肤浅的"",""en"":""n. (computer science) electronic equipment connected by cable to the CPU of a computer""},{""pos"":"""",""zh"":""[医] 外周的, 周围的, 末梢的"",""en"":""a. on or near an edge or constituting an outer boundary; the outer area""}]","{""plural"":""peripherals""}","[""cet6""]",8353,B2,HARD,ecdict
stocking,stocking,'stɒkiŋ,,"[""n.""]","[{""pos"":""n."",""zh"":""长袜"",""en"":""n. close-fitting hosiery to cover the foot and leg; come in matched pairs (usually used in the plural)""},{""pos"":"""",""zh"":""[医] 马足水肿; 长袜"",""en"":""n. the activity of supplying a stock of something""}]","{""lemmaOf"":""stock"",""lemma"":""i"",""plural"":""stockings"",""presentParticiple"":""stocking""}","[""cet4"",""cet6""]",8355,B2,HARD,ecdict
hospitality,hospitality,.hɒspi'tæliti,,"[""n.""]","[{""pos"":""n."",""zh"":""款待, 亲切, 殷勤"",""en"":""n kindness in welcoming guests or strangers""}]","{""plural"":""hospitalities""}","[""cet6""]",8356,B2,HARD,ecdict
reed,reed,ri:d,,"[""n."",""vt.""]","[{""pos"":""n."",""zh"":""芦苇, 芦笛, 簧舌, 纤弱的人"",""en"":""n. tall woody perennial grasses with hollow slender stems especially of the genera Arundo and Phragmites""},{""pos"":""vt."",""zh"":""用芦苇盖, 用小凸嵌线装饰"",""en"":""n. United States journalist who reported on the October Revolution from Petrograd in 1917; founded the Communist Labor Party in America in 1919; is buried in the Kremlin in Moscow (1887-1920)""}]","{""plural"":""reeds"",""presentParticiple"":""reeding""}","[""cet4"",""cet6""]",8359,B2,HARD,ecdict
imperative,imperative,im'perәtiv,,"[""n."",""a.""]","[{""pos"":""n."",""zh"":""命令, 必要的事, 规则, 祈使语气"",""en"":""n. some duty that is essential and urgent""},{""pos"":""a."",""zh"":""命令式的, 急需的, 势在必行的, 强制的"",""en"":""a. requiring attention or action""}]","{""plural"":""imperatives""}","[""cet6""]",8360,B2,HARD,ecdict
congratulate,congratulate,kәn'grætʃәleit,,"[""vt.""]","[{""pos"":""vt."",""zh"":""祝贺, 庆贺"",""en"":""v. express congratulations""}]","{""pastParticiple"":""congratulated"",""past"":""congratulated"",""presentParticiple"":""congratulating"",""thirdPerson"":""congratulates""}","[""cet4"",""cet6""]",8361,B2,HARD,ecdict
compression,compression,kәm'preʃәn,,"[""n.""]","[{""pos"":""n."",""zh"":""压缩, 压紧"",""en"":""n. the process or result of becoming smaller or pressed together""},{""pos"":"""",""zh"":""[计] 压缩"",""en"":""n. encoding information while reducing the bandwidth or bits required""}]","{""plural"":""compressions""}","[""cet6""]",8364,B2,HARD,ecdict
grammar,grammar,'græmә,,"[""n.""]","[{""pos"":""n."",""zh"":""语法学, 入门书"",""en"":""n. the branch of linguistics that deals with syntax and morphology (and sometimes also deals with semantics)""},{""pos"":"""",""zh"":""[计] 语法检查"",""en"":""""}]","{""plural"":""grammars""}","[""cet4"",""cet6""]",8367,B2,HARD,ecdict
indifferent,indifferent,in'difәrәnt,,"[""a.""]","[{""pos"":""a."",""zh"":""漠不关心的, 无重要性的, 中立的"",""en"":""s. showing no care or concern in attitude or action""},{""pos"":"""",""zh"":""[医] 中性的, 无作用的, 无亲和力的, 淡漠的"",""en"":""s. fairly poor to not very good""}]",{},"[""cet4"",""cet6""]",8368,B2,HARD,ecdict
respectful,respectful,ri'spektful,,"[""a.""]","[{""pos"":""a."",""zh"":""表示尊敬的, 有礼貌的, 谦恭的"",""en"":""a. full of or exhibiting respect""}]",{},"[""cet4"",""cet6""]",8374,B2,HARD,ecdict
humidity,humidity,hju:'miditi,,"[""n.""]","[{""pos"":""n."",""zh"":""湿气, 潮湿, 湿度"",""en"":""n. wetness in the atmosphere""},{""pos"":"""",""zh"":""[计] 湿度"",""en"":""""}]","{""plural"":""humidities""}","[""cet6""]",8375,B2,HARD,ecdict
martyr,martyr,'mɑ:tә,,"[""n."",""vt.""]","[{""pos"":""n."",""zh"":""烈士, 受苦者, 受难者"",""en"":""n. one who suffers for the sake of principle""},{""pos"":""vt."",""zh"":""使成为烈士, 使受苦"",""en"":""n. one who voluntarily suffers death as the penalty for refusing to renounce their religion""}]","{""plural"":""martyrs"",""pastParticiple"":""martyred"",""presentParticiple"":""martyring"",""past"":""martyred"",""thirdPerson"":""martyrs""}","[""cet6""]",8377,B2,HARD,ecdict
howl,howl,haul,,"[""n."",""vi."",""vt.""]","[{""pos"":""n."",""zh"":""嗥叫, 吠声, 号叫"",""en"":""n. a long loud emotional utterance""},{""pos"":""vi."",""zh"":""狂吠, 咆哮, 呼啸"",""en"":""n. the long plaintive cry of a hound or a wolf""},{""pos"":""vt."",""zh"":""对...吼叫, 狂喊着说"",""en"":""n. a loud sustained noise resembling the cry of a hound""}]","{""past"":""howled"",""plural"":""howls"",""presentParticiple"":""howling"",""thirdPerson"":""howls"",""pastParticiple"":""howled""}","[""cet6""]",8380,B2,HARD,ecdict
cricket,cricket,'krikit,,"[""n.""]","[{""pos"":""n."",""zh"":""蟋蟀, 板球"",""en"":""n. leaping insect; male makes chirping noises by rubbing the forewings together""}]","{""plural"":""crickets""}","[""cet4"",""cet6""]",8382,B2,HARD,ecdict
rotten,rotten,'rɒtn,,"[""a.""]","[{""pos"":""a."",""zh"":""腐烂的, 恶臭的, 堕落的, 风化的, 虚弱的"",""en"":""s. having decayed or disintegrated; usually implies foulness""},{""pos"":"""",""zh"":""[经] 腐烂的, 堕落的"",""en"":""""}]",{},"[""cet4"",""cet6""]",8385,B2,HARD,ecdict
deceive,deceive,di'si:v,,"[""v.""]","[{""pos"":""v."",""zh"":""欺骗, 行骗"",""en"":""v. be false to; be dishonest with""}]","{""pastParticiple"":""deceived"",""presentParticiple"":""deceiving"",""past"":""deceived"",""thirdPerson"":""deceives""}","[""cet4"",""cet6""]",8388,B2,HARD,ecdict
crane,crane,krein,,"[""n."",""vt."",""vi.""]","[{""pos"":""n."",""zh"":""鹤, 起重机"",""en"":""n. United States writer (1871-1900)""},{""pos"":""vt."",""zh"":""伸颈, 起重机起吊"",""en"":""n. United States poet (1899-1932)""},{""pos"":""vi."",""zh"":""伸颈看, 迟疑"",""en"":""n. lifts and moves heavy objects; lifting tackle is suspended from a pivoted boom that rotates around a vertical axis""}]","{""plural"":""cranes"",""past"":""craned"",""presentParticiple"":""craning"",""pastParticiple"":""craned"",""thirdPerson"":""cranes""}","[""cet4"",""cet6""]",8390,B2,HARD,ecdict
crow,crow,krәu,,"[""n."",""vi.""]","[{""pos"":""n."",""zh"":""啼叫, 乌鸦, 鸡鸣, 撬棍"",""en"":""n. black birds having a raucous call""},{""pos"":""vi."",""zh"":""啼叫, 报晓"",""en"":""n. the cry of a cock (or an imitation of it)""}]","{""plural"":""crows"",""past"":""crowed"",""presentParticiple"":""crowing"",""pastParticiple"":""crowed"",""thirdPerson"":""crows""}","[""cet4"",""cet6""]",8402,B2,HARD,ecdict
irregular,irregular,i'regjulә,,"[""n."",""a.""]","[{""pos"":""n."",""zh"":""不规则物, 不合规格之物"",""en"":""n. merchandise that has imperfections; usually sold at a reduced price without the brand name""},{""pos"":""a."",""zh"":""不规则的, 不整齐的, 不合法的"",""en"":""a. contrary to rule or accepted order or general practice""}]","{""plural"":""irregulars""}","[""cet4"",""cet6""]",8410,B2,HARD,ecdict
decree,decree,di'kri:,,"[""n."",""vt."",""vi.""]","[{""pos"":""n."",""zh"":""法令, 判决, 天意"",""en"":""n. a legally binding command or decision entered on the court record (as if issued by a court or judge)""},{""pos"":""vt."",""zh"":""颁布, 判决"",""en"":""v. issue a decree""},{""pos"":""vi."",""zh"":""发布命令"",""en"":""""}]","{""plural"":""decrees"",""past"":""decreed"",""pastParticiple"":""decreed"",""thirdPerson"":""decrees"",""presentParticiple"":""decreeing""}","[""cet6""]",8412,B2,HARD,ecdict
downturn,downturn,'dauntә:n,,"[""n.""]","[{""pos"":""n."",""zh"":""(尤指经济方面的)衰退, 下降趋势"",""en"":""n. a worsening of business or economic activity""},{""pos"":"""",""zh"":""[电] 低迷时期"",""en"":""""}]","{""plural"":""downturns"",""past"":""downturned""}","[""cet6""]",8416,B2,HARD,ecdict
indefinitely,indefinitely,,,"[""adv.""]","[{""pos"":""adv."",""zh"":""无期限地"",""en"":""r. to an indefinite extent; for an indefinite time""}]",{},"[""cet6""]",8418,B2,HARD,ecdict
prominence,prominence,'prɒminәns,,"[""n.""]","[{""pos"":""n."",""zh"":""突起, 突出, 显著, 突出物, 凸出"",""en"":""n. the state of being prominent: widely known or eminent""},{""pos"":"""",""zh"":""[医] 隆凸, 凸"",""en"":""n. relative importance""}]","{""plural"":""prominences""}","[""cet6""]",8419,B2,HARD,ecdict
butcher,butcher,'butʃә,,"[""n."",""vt.""]","[{""pos"":""n."",""zh"":""屠夫, 肉商, 小贩"",""en"":""n. a retailer of meat""},{""pos"":""vt."",""zh"":""屠宰, 屠杀"",""en"":""n. a brutal indiscriminate murderer""}]","{""pastParticiple"":""butchered"",""past"":""butchered"",""presentParticiple"":""butchering"",""thirdPerson"":""butchers""}","[""cet4"",""cet6""]",8421,B2,HARD,ecdict
temperament,temperament,'temprәmәnt,,"[""n.""]","[{""pos"":""n."",""zh"":""气质, 性格, 性情"",""en"":""n. excessive emotionalism or irritability and excitability (especially when displayed openly)""},{""pos"":"""",""zh"":""[医] 气质, 禀赋"",""en"":""n. an adjustment of the intervals (as in tuning a keyboard instrument) so that the scale can be used to play in different keys""}]","{""plural"":""temperaments""}","[""cet6""]",8423,B2,HARD,ecdict
cannon,cannon,'kænәn,,"[""n."",""v.""]","[{""pos"":""n."",""zh"":""大炮, 加农炮"",""en"":""n. a large artillery gun that is usually on wheels""},{""pos"":""v."",""zh"":""炮轰"",""en"":""n. heavy gun fired from a tank""}]","{""plural"":""cannons"",""past"":""cannoned"",""presentParticiple"":""cannoning"",""pastParticiple"":""cannoned"",""thirdPerson"":""cannons""}","[""cet4"",""cet6""]",8430,B2,HARD,ecdict
multitude,multitude,'mʌltitju:d,,"[""n.""]","[{""pos"":""n."",""zh"":""多数, 群众"",""en"":""n. a large gathering of people""}]","{""plural"":""multitudes""}","[""cet6""]",8435,B2,HARD,ecdict
knit,knit,nit,,"[""v.""]","[{""pos"":""v."",""zh"":""编织, 结合"",""en"":""n. a fabric made by knitting""}]","{""presentParticiple"":""knitting"",""pastParticiple"":""knitted"",""past"":""knit"",""lemmaOf"":""knit"",""lemma"":""pd"",""thirdPerson"":""knits"",""plural"":""knits""}","[""cet4"",""cet6""]",8436,B2,HARD,ecdict
vault,vault,vɒ:lt,,"[""n."",""vt."",""vi.""]","[{""pos"":""n."",""zh"":""拱顶, 窖, 地下室, 撑竿跳, 穹窿"",""en"":""n. a burial chamber (usually underground)""},{""pos"":""vt."",""zh"":""做成圆拱形, 撑竿跳过"",""en"":""n. a strongroom or compartment (often made of steel) for safekeeping of valuables""},{""pos"":""vi."",""zh"":""成穹状弯曲, 跳跃"",""en"":""n. an arched brick or stone ceiling or roof""}]","{""plural"":""vaults"",""past"":""vaulted"",""pastParticiple"":""vaulted"",""thirdPerson"":""vaults"",""presentParticiple"":""vaulting""}","[""cet6""]",8437,B2,HARD,ecdict
degrade,degrade,di'greid,,"[""v.""]","[{""pos"":""v."",""zh"":""(使)降级, (使)退化"",""en"":""v. reduce the level of land, as by erosion""}]","{""presentParticiple"":""degrading"",""pastParticiple"":""degraded"",""thirdPerson"":""degrades"",""past"":""degraded"",""plural"":""degrades""}","[""cet6""]",8440,B2,HARD,ecdict
cloak,cloak,klәuk,,"[""n."",""vt.""]","[{""pos"":""n."",""zh"":""斗蓬, 大氅, 掩护"",""en"":""n. anything that covers or conceals""},{""pos"":""vt."",""zh"":""遮掩, 隐匿, 使披斗蓬"",""en"":""n. a loose outer garment""}]","{""plural"":""cloaks"",""pastParticiple"":""cloaked"",""presentParticiple"":""cloaking"",""thirdPerson"":""cloaks"",""past"":""cloaked""}","[""cet4"",""cet6""]",8441,B2,HARD,ecdict
cumulative,cumulative,'kju:mjulәtiv,,"[""a.""]","[{""pos"":""a."",""zh"":""累积的"",""en"":""s increasing by successive addition""},{""pos"":"""",""zh"":""[医] 蓄积的, 累积的"",""en"":""""}]",{},"[""cet6""]",8447,B2,HARD,ecdict
lag,lag,læg,,"[""n."",""a."",""vi."",""vt.""]","[{""pos"":""n."",""zh"":""落后, 囚犯, 迟延, 桶板, 防护套"",""en"":""v. hang (back) or fall (behind) in movement, progress, development, etc.""},{""pos"":""a."",""zh"":""最后的"",""en"":""v. throw or pitch at a mark, as with coins""},{""pos"":""vi."",""zh"":""落后, 蹒跚, 缓缓而行, 滞后"",""en"":""v. cover with lagging to prevent heat loss""},{""pos"":""vt."",""zh"":""落后于, 押往监狱, 加上外套"",""en"":""""},{""pos"":"""",""zh"":""[计] 延迟; 落后"",""en"":""""}]","{""presentParticiple"":""lagging"",""thirdPerson"":""lags"",""plural"":""lags"",""pastParticiple"":""lagged"",""past"":""lagged""}","[""cet4"",""cet6""]",8448,B2,HARD,ecdict
nylon,nylon,'nailɒn,,"[""n.""]","[{""pos"":""n."",""zh"":""尼龙"",""en"":""n. a thermoplastic polyamide; a family of strong resilient synthetic fibers""},{""pos"":"""",""zh"":""[化] 尼龙; 聚酰胺纤维"",""en"":""n. a synthetic fabric""}]","{""plural"":""nylons""}","[""cet4"",""cet6""]",8449,B2,HARD,ecdict
disruptive,disruptive,dis'rʌptiv,,"[""a.""]","[{""pos"":""a."",""zh"":""分裂的, 破坏(性)的"",""en"":""s. characterized by unrest or disorder or insubordination""},{""pos"":"""",""zh"":""[计] 击穿的, 中断的"",""en"":""""}]",{},"[""cet6""]",8450,B2,HARD,ecdict
flank,flank,flæŋk,,"[""n."",""vt."",""vi.""]","[{""pos"":""n."",""zh"":""侧面, 侧腹, 胁, 腰窝肉"",""en"":""n. the side of military or naval formation""},{""pos"":""vt."",""zh"":""攻击侧面, 守侧面"",""en"":""n. a subfigure consisting of a side of something""},{""pos"":""vi."",""zh"":""侧面与...相接"",""en"":""n. a cut from the fleshy part of an animal's side between the ribs and the leg""}]","{""pastParticiple"":""flanked"",""plural"":""flanks"",""presentParticiple"":""flanking"",""past"":""flanked"",""thirdPerson"":""flanks""}","[""cet6""]",8452,B2,HARD,ecdict
diploma,diploma,di'plәumә,,"[""n.""]","[{""pos"":""n."",""zh"":""文凭, 毕业证书"",""en"":""n. a document certifying the successful completion of a course of study""},{""pos"":"""",""zh"":""[医] 文凭"",""en"":""""}]","{""plural"":""diplomas""}","[""cet6""]",8453,B2,HARD,ecdict
abide,abide,ә'baid,,"[""vi."",""vt.""]","[{""pos"":""vi."",""zh"":""停留, 遵守, 居留, 继续下去"",""en"":""v dwell""},{""pos"":""vt."",""zh"":""忍受, 经受, 屈从于"",""en"":""v put up with something or somebody unpleasant""}]","{""presentParticiple"":""abiding"",""thirdPerson"":""abides"",""past"":""abided"",""pastParticiple"":""abided""}","[""cet6""]",8457,B2,HARD,ecdict
enclose,enclose,in'klәuz,,"[""vt.""]","[{""pos"":""vt."",""zh"":""围绕, 圈起, 放入封套, 附上"",""en"":""v. close in; darkness enclosed him\""""}]","{""pastParticiple"":""enclosed"",""presentParticiple"":""enclosing"",""past"":""enclosed"",""thirdPerson"":""encloses""}","[""cet4"",""cet6""]",8459,B2,HARD,ecdict
fluctuation,fluctuation,.flʌktʃu'eiʃәn,,"[""n.""]","[{""pos"":""n."",""zh"":""变动, 波动, 动摇"",""en"":""n. a wave motion""},{""pos"":"""",""zh"":""[化] 涨落; 起伏; 波动; 脉动"",""en"":""n. the quality of being unsteady and subject to changes""}]","{""plural"":""fluctuations""}","[""cet6""]",8463,B2,HARD,ecdict
imprison,imprison,im'prizn,,"[""vt.""]","[{""pos"":""vt."",""zh"":""使下狱, 关闭, 拘禁, 限制"",""en"":""v. lock up or confine, in or as in a jail""},{""pos"":"""",""zh"":""[法] 关押, 监禁, 限制"",""en"":""v. confine as if in a prison; he does not let them go out without a chaperone\""""}]","{""pastParticiple"":""imprisoned"",""presentParticiple"":""imprisoning"",""past"":""imprisoned"",""thirdPerson"":""imprisons""}","[""cet4"",""cet6""]",8465,B2,HARD,ecdict
irritate,irritate,'iriteit,,"[""vt."",""vi.""]","[{""pos"":""vt."",""zh"":""激怒, 使发怒, 使兴奋, 使发炎"",""en"":""v. excite to an abnormal condition, or chafe or inflame""},{""pos"":""vi."",""zh"":""引起不快"",""en"":""v. excite to some characteristic action or condition, such as motion, contraction, or nervous impulse, by the application of a stimulus""}]","{""pastParticiple"":""irritated"",""past"":""irritated"",""thirdPerson"":""irritates"",""presentParticiple"":""irritating""}","[""cet6""]",8466,B2,HARD,ecdict
flare,flare,'flєә,,"[""n."",""vi."",""vt.""]","[{""pos"":""n."",""zh"":""闪光, 闪耀"",""en"":""n. a shape that spreads outward""},{""pos"":""vi."",""zh"":""闪光, 闪耀"",""en"":""n. a sudden burst of flame""},{""pos"":""vt."",""zh"":""用发光信号发出, 使闪耀, 使张开"",""en"":""n. a burst of light used to communicate or illuminate""}]","{""past"":""flared"",""plural"":""flares"",""presentParticiple"":""flaring"",""pastParticiple"":""flared"",""thirdPerson"":""flares""}","[""cet4"",""cet6""]",8467,B2,HARD,ecdict
cape,cape,keip,,"[""n.""]","[{""pos"":""n."",""zh"":""岬, 海角, 披肩, 斗蓬"",""en"":""n. a strip of land projecting into a body of water""}]","{""plural"":""capes"",""presentParticiple"":""caping""}","[""cet6""]",8474,B2,HARD,ecdict
haircut,haircut,'hєәkʌt,,"[""n.""]","[{""pos"":""n."",""zh"":""理发, (男子的)发式"",""en"":""n. the style in which hair has been cut""}]","{""plural"":""haircuts"",""presentParticiple"":""haircutting""}","[""cet4"",""cet6""]",8476,B2,HARD,ecdict
devour,devour,di'vauә,,"[""vt.""]","[{""pos"":""vt."",""zh"":""吞食, 挥霍, 吞没"",""en"":""v. destroy completely""}]","{""presentParticiple"":""devouring"",""pastParticiple"":""devoured"",""past"":""devoured"",""thirdPerson"":""devours""}","[""cet6""]",8478,B2,HARD,ecdict
simplify,simplify,'simplifai,,"[""vt.""]","[{""pos"":""vt."",""zh"":""单一化, 简单化"",""en"":""v. make simpler or easier or reduce in complexity or extent""}]","{""pastParticiple"":""simplified"",""thirdPerson"":""simplifies"",""presentParticiple"":""simplifying"",""past"":""simplified""}","[""cet4"",""cet6""]",8483,B2,HARD,ecdict
cock,cock,kɒk,,"[""n."",""vt."",""vi.""]","[{""pos"":""n."",""zh"":""公鸡, 雄禽, 龙头, 头目, 锥形小干草堆"",""en"":""n. obscene terms for penis""},{""pos"":""vt."",""zh"":""使耸立, 使竖起, 堆成锥形小干草堆"",""en"":""n. adult male chicken""},{""pos"":""vi."",""zh"":""大摇大摆地走, 翘起"",""en"":""n. adult male bird""}]","{""plural"":""cocks"",""past"":""cocked"",""presentParticiple"":""cocking"",""pastParticiple"":""cocked"",""thirdPerson"":""cocks""}","[""cet4"",""cet6""]",8484,B2,HARD,ecdict
thicken,thicken,'θikәn,,"[""vi."",""vt.""]","[{""pos"":""vi."",""zh"":""变浓, 变厚, 变得模糊, 变为复杂"",""en"":""v. make thick or thicker""},{""pos"":""vt."",""zh"":""使变厚, 加强, 使模糊"",""en"":""v. become thick or thicker""}]","{""pastParticiple"":""thickened"",""presentParticiple"":""thickening"",""thirdPerson"":""thickens"",""past"":""thickened""}","[""cet6""]",8485,B2,HARD,ecdict
handkerchief,handkerchief,'hæŋkәtʃif,,"[""n.""]","[{""pos"":""n."",""zh"":""手帕, 头巾, 围巾"",""en"":""n. a square piece of cloth used for wiping the eyes or nose or as a costume accessory""}]","{""plural"":""handkerchiefs""}","[""cet4"",""cet6""]",8487,B2,HARD,ecdict
noticeable,noticeable,'nәutisәbl,,"[""a.""]","[{""pos"":""a."",""zh"":""显而易见的, 显著的, 值得注意的"",""en"":""a. capable or worthy of being perceived""}]",{},"[""cet4"",""cet6""]",8488,B2,HARD,ecdict
envy,envy,'envi,,"[""n."",""vt.""]","[{""pos"":""n."",""zh"":""羡慕, 嫉妒"",""en"":""n. a feeling of grudging admiration and desire to have something that is possessed by another""},{""pos"":""vt."",""zh"":""羡慕, 嫉妒"",""en"":""n. spite and resentment at seeing the success of another (personified as one of the deadly sins)""}]","{""past"":""envied"",""pastParticiple"":""envied"",""presentParticiple"":""envying"",""thirdPerson"":""envies"",""plural"":""envies""}","[""cet4"",""cet6""]",8491,B2,HARD,ecdict
radiate,radiate,'reidieit,,"[""vt."",""vi."",""a.""]","[{""pos"":""vt."",""zh"":""放射, 散发, 辐射, 传播, 广播"",""en"":""v. send out rays or waves""},{""pos"":""vi."",""zh"":""发光, 辐射, 流露"",""en"":""v. send out real or metaphoric rays""},{""pos"":""a."",""zh"":""有射线的, 辐射状的"",""en"":""v. extend or spread outward from a center or focus or inward towards a center""}]","{""presentParticiple"":""radiating"",""past"":""radiated"",""thirdPerson"":""radiates"",""pastParticiple"":""radiated""}","[""cet4"",""cet6""]",8496,B2,HARD,ecdict
whereby,whereby,(h)weә'bai,,"[""adv.""]","[{""pos"":""adv."",""zh"":""靠什么, 如何, 为何, 靠那个, 因此, 由此"",""en"":""adv. By which; -- used relatively.""},{""pos"":"""",""zh"":""[法] 因此, 由是"",""en"":""adv. By what; how; -- used interrogatively.""}]",{},"[""cet6""]",8497,B2,HARD,ecdict
customary,customary,'kʌstәmәri,,"[""a.""]","[{""pos"":""a."",""zh"":""习惯的, 惯常的"",""en"":""s. in accordance with convention or custom""},{""pos"":"""",""zh"":""[经] 通常的, 习惯的"",""en"":""""}]",{},"[""cet6""]",8505,B2,HARD,ecdict
metallic,metallic,mi'tælik,,"[""a.""]","[{""pos"":""a."",""zh"":""金属的, 含金属的, 产生金属的"",""en"":""n. a fabric made of a yarn that is partly or entirely of metal""},{""pos"":"""",""zh"":""[经] 金属的"",""en"":""n. a yarn made partly or entirely of metal""}]","{""plural"":""metallics""}","[""cet6""]",8513,B2,HARD,ecdict
boycott,boycott,'bɒikɒt,,"[""n."",""vt.""]","[{""pos"":""n."",""zh"":""联合抵制"",""en"":""n. a group's refusal to have commercial dealings with some organization in protest against its policies""},{""pos"":""vt."",""zh"":""联合抵制"",""en"":""v. refuse to sponsor; refuse to do business with""}]","{""pastParticiple"":""boycotted"",""past"":""boycotted"",""presentParticiple"":""boycotting"",""plural"":""boycotts"",""thirdPerson"":""boycotts""}","[""cet6""]",8514,B2,HARD,ecdict
skim,skim,skim,,"[""vt."",""vi."",""n."",""a.""]","[{""pos"":""vt."",""zh"":""撇取浮沫, 略读, 掠过"",""en"":""n. a thin layer covering the surface of a liquid""},{""pos"":""vi."",""zh"":""擦过, 浏览"",""en"":""n. reading or glancing through quickly""},{""pos"":""n."",""zh"":""脱脂乳, 擦过, 表层物"",""en"":""v. cause to skip over a surface""},{""pos"":""a."",""zh"":""撇去浮沫的"",""en"":""v. coat (a liquid) with a layer""}]","{""presentParticiple"":""skimming"",""past"":""skimmed"",""pastParticiple"":""skimmed"",""thirdPerson"":""skims"",""plural"":""skims""}","[""cet4"",""cet6""]",8515,B2,HARD,ecdict
referee,referee,.refә'ri:,,"[""n."",""v.""]","[{""pos"":""n."",""zh"":""仲裁人, 调解人, 裁判员"",""en"":""n. (sports) the chief official (as in boxing or American football) who is expected to ensure fair play""},{""pos"":""v."",""zh"":""仲裁, 裁判"",""en"":""n. an attorney appointed by a court to investigate and report on a case""}]","{""plural"":""referees"",""pastParticiple"":""refereed"",""presentParticiple"":""refereeing"",""past"":""refereed"",""thirdPerson"":""referees""}","[""cet6""]",8516,B2,HARD,ecdict
pudding,pudding,'pudiŋ,,"[""n.""]","[{""pos"":""n."",""zh"":""布丁"",""en"":""n. any of various soft thick unsweetened baked dishes""}]","{""plural"":""puddings""}","[""cet4"",""cet6""]",8518,B2,HARD,ecdict
alas,alas,ә'læs,,[],"[{""pos"":"""",""zh"":""interj. 唉"",""en"":""n a flat wing-shaped process or winglike part of an organism""}]",{},"[""cet6""]",8520,B2,HARD,ecdict
intuition,intuition,.intju:'iʃәn,,"[""n.""]","[{""pos"":""n."",""zh"":""直觉, 直觉的知识"",""en"":""n. instinctive knowing (without the use of rational processes)""}]","{""plural"":""intuitions""}","[""cet6""]",8521,B2,HARD,ecdict
accustomed,accustomed,ә'kʌstәmd,,"[""a.""]","[{""pos"":""a."",""zh"":""惯常的, 习惯了的"",""en"":""a. (often followed by `to') in the habit of or adapted to""}]","{""pastParticiple"":""accustomed"",""lemmaOf"":""accustomed"",""lemma"":""dp"",""past"":""accustomed""}","[""cet4"",""cet6""]",8524,B2,HARD,ecdict
reckon,reckon,'rekәn,,"[""vt."",""vi.""]","[{""pos"":""vt."",""zh"":""计算, 总计, 估计, 认为, 猜想"",""en"":""v. take account of""},{""pos"":""vi."",""zh"":""数, 计算, 估计, 依赖, 料想"",""en"":""""}]","{""thirdPerson"":""reckons"",""past"":""reckoned"",""pastParticiple"":""reckoned"",""presentParticiple"":""reckoning""}","[""cet6""]",8525,B2,HARD,ecdict
granddaughter,granddaughter,'^rændɔ:tә(r),,"[""n.""]","[{""pos"":""n."",""zh"":""孙女, 外孙女"",""en"":""n. a female grandchild""}]","{""plural"":""granddaughters""}","[""cet4"",""cet6""]",8528,B2,HARD,ecdict
dissatisfaction,dissatisfaction,'dis.sætis'fækʃәn,,"[""n.""]","[{""pos"":""n."",""zh"":""不满, 不平"",""en"":""n. the feeling of being displeased and discontent""}]","{""plural"":""dissatisfactions""}","[""cet6""]",8530,B2,HARD,ecdict
eccentric,eccentric,ik'sentrik,,"[""n."",""a.""]","[{""pos"":""n."",""zh"":""怪人, 偏心圆"",""en"":""n. a person with an unusual or odd personality""},{""pos"":""a."",""zh"":""古怪的, 反常的, 不同圆心的"",""en"":""a. not having a common center; not concentric""}]","{""plural"":""eccentrics""}","[""cet6""]",8531,B2,HARD,ecdict
silicon,silicon,'silikәn,,"[""n.""]","[{""pos"":""n."",""zh"":""硅"",""en"":""n. a tetravalent nonmetallic element; next to oxygen it is the most abundant element in the earth's crust; occurs in clay and feldspar and granite and quartz and sand; used as a semiconductor in transistors""},{""pos"":"""",""zh"":""[化] 硅Si"",""en"":""""}]","{""pastParticiple"":""siliconed"",""past"":""siliconed"",""presentParticiple"":""siliconing""}","[""cet6""]",8531,B2,HARD,ecdict
overhear,overhear,.әuvә'hiә,,"[""vt.""]","[{""pos"":""vt."",""zh"":""无意中听到, 偷听"",""en"":""v hear, usually without the knowledge of the speakers""}]","{""pastParticiple"":""overheard"",""past"":""overheard"",""presentParticiple"":""overhearing"",""thirdPerson"":""overhears""}","[""cet6""]",8536,B2,HARD,ecdict
gracious,gracious,'greiʃәs,,"[""a.""]","[{""pos"":""a."",""zh"":""亲切的, 慈善的"",""en"":""a. characterized by charm, good taste, and generosity of spirit""}]",{},"[""cet4"",""cet6""]",8538,B2,HARD,ecdict
diversify,diversify,dai'vә:sifai,,"[""vt.""]","[{""pos"":""vt."",""zh"":""使多样化, 使变化"",""en"":""v. make (more) diverse""}]","{""pastParticiple"":""diversified"",""presentParticiple"":""diversifying"",""past"":""diversified"",""thirdPerson"":""diversifies""}","[""cet6""]",8552,B2,HARD,ecdict
thickness,thickness,'θiknis,,"[""n.""]","[{""pos"":""n."",""zh"":""厚度, 密度, 愚钝, 含混不清"",""en"":""n. the dimension through an object as opposed to its length or width""},{""pos"":"""",""zh"":""[医] 厚度"",""en"":""n. indistinct articulation""}]","{""plural"":""thicknesses"",""presentParticiple"":""thicknessing""}","[""cet4"",""cet6""]",8553,B2,HARD,ecdict
overthrow,overthrow,.әuvә'θrәu,,"[""n."",""vt.""]","[{""pos"":""n."",""zh"":""推翻, 瓦解, 倾覆"",""en"":""n. the termination of a ruler or institution (especially by force)""},{""pos"":""vt."",""zh"":""打倒, 推翻, 倾覆"",""en"":""v. cause the downfall of; of rulers""}]","{""pastParticiple"":""overthrown"",""presentParticiple"":""overthrowing"",""thirdPerson"":""overthrows"",""plural"":""overthrows"",""past"":""overthrew""}","[""cet6""]",8555,B2,HARD,ecdict
grumble,grumble,'grʌmbl,,"[""n."",""vi."",""vt.""]","[{""pos"":""n."",""zh"":""怨言, 满腹牢骚"",""en"":""n. a complaint uttered in a low and indistinct tone""},{""pos"":""vi."",""zh"":""抱怨, 发牢骚, 发隆隆声"",""en"":""v. to utter or emit low dull rumbling sounds""},{""pos"":""vt."",""zh"":""抱怨"",""en"":""""}]","{""past"":""grumbled"",""presentParticiple"":""grumbling"",""plural"":""grumbles"",""thirdPerson"":""grumbles"",""pastParticiple"":""grumbled""}","[""cet6""]",8559,B2,HARD,ecdict
reckless,reckless,'reklis,,"[""a.""]","[{""pos"":""a."",""zh"":""不介意的, 大意的, 鲁莽的, 不顾后果的"",""en"":""s marked by defiant disregard for danger or consequences""},{""pos"":"""",""zh"":""[法] 不注意的, 粗心大意的, 鲁莽的"",""en"":""s characterized by careless unconcern""}]",{},"[""cet6""]",8562,B2,HARD,ecdict
drawback,drawback,'drɒ:bæk,,"[""n.""]","[{""pos"":""n."",""zh"":""缺点, 退税"",""en"":""n. the quality of being a hindrance""},{""pos"":"""",""zh"":""[法] 退款, 退税"",""en"":""""}]","{""plural"":""drawbacks""}","[""cet6""]",8563,B2,HARD,ecdict
freight,freight,'freit,,"[""n."",""vt.""]","[{""pos"":""n."",""zh"":""船货, 运费, 货运"",""en"":""n. transporting goods commercially at rates cheaper than express rates""},{""pos"":""vt."",""zh"":""装货, 使充满, 以货运运送, 租(或出租)(船等)"",""en"":""n. the charge for transporting something by common carrier""}]","{""plural"":""freights"",""pastParticiple"":""freighted"",""presentParticiple"":""freighting"",""past"":""freighted"",""thirdPerson"":""freights""}","[""cet4"",""cet6""]",8566,B2,HARD,ecdict
vengeance,vengeance,'vendʒәns,,"[""n.""]","[{""pos"":""n."",""zh"":""复仇, 报仇"",""en"":""n. the act of taking revenge (harming someone in retaliation for something harmful that they have done) especially in the next life; I will repay, saith the Lord\""--Romans 12:19""},{""pos"":"""",""zh"":""[法] 报仇, 复仇"",""en"":""""}]",{},"[""cet6""]",8569,B2,HARD,ecdict
lighten,lighten,'laitn,,"[""vt."",""vi.""]","[{""pos"":""vt."",""zh"":""照亮, 点亮, 减轻, 使轻松, 闪出"",""en"":""v. make more cheerful""},{""pos"":""vi."",""zh"":""发亮, 打闪, 变轻"",""en"":""v. reduce the weight on; make lighter""}]","{""pastParticiple"":""lightened"",""presentParticiple"":""lightening"",""past"":""lightened"",""thirdPerson"":""lightens""}","[""cet4"",""cet6""]",8581,B2,HARD,ecdict
handicap,handicap,'hændikæp,,"[""n."",""vt.""]","[{""pos"":""n."",""zh"":""障碍, 困难, 不利条件"",""en"":""n. advantage given to a competitor to equalize chances of winning""},{""pos"":""vt."",""zh"":""加障碍于, 妨碍"",""en"":""v. attempt to forecast the winner (especially in a horse race) and assign odds for or against a contestant""}]","{""pastParticiple"":""handicapped"",""plural"":""handicaps"",""presentParticiple"":""handicapping"",""past"":""handicapped"",""thirdPerson"":""handicaps""}","[""cet6""]",8589,B2,HARD,ecdict
hemisphere,hemisphere,'hemisfiә,,"[""n.""]","[{""pos"":""n."",""zh"":""半球, 地球的半面, 大脑半球"",""en"":""n. half of the terrestrial globe""},{""pos"":"""",""zh"":""[医] 半球"",""en"":""n. half of a sphere""}]","{""plural"":""hemispheres""}","[""cet6""]",8591,B2,HARD,ecdict
housewife,housewife,'hauswaif,,"[""n.""]","[{""pos"":""n."",""zh"":""主妇, 家庭妇女"",""en"":""n. a wife who manages a household while her husband earns the family income""}]","{""plural"":""housewives""}","[""cet4"",""cet6""]",8592,B2,HARD,ecdict
absorption,absorption,әb'sɒ:pʃәn,,"[""n.""]","[{""pos"":""n."",""zh"":""吸收, 专心, 全神贯注"",""en"":""n. (chemistry) a process in which one substance permeates another; a fluid permeates or is dissolved by a liquid or solid""},{""pos"":"""",""zh"":""[化] 吸收; 吸收作用"",""en"":""n. (physics) the process in which incident radiated energy is retained without reflection or transmission on passing through a medium""}]","{""plural"":""absorptions""}","[""cet6""]",8596,B2,HARD,ecdict
outward,outward,'autwәd,,"[""a."",""adv.""]","[{""pos"":""a."",""zh"":""向外的, 表面的, 外服的"",""en"":""a. relating to physical reality rather than with thoughts or the mind""},{""pos"":""adv."",""zh"":""向外, 在外, 表面"",""en"":""r. toward the outside""}]",{},"[""cet4"",""cet6""]",8599,B2,HARD,ecdict
amaze,amaze,ә'meiz,,"[""vt.""]","[{""pos"":""vt."",""zh"":""使吃惊"",""en"":""v. affect with wonder""}]","{""past"":""amazed"",""thirdPerson"":""amazes"",""presentParticiple"":""amazing"",""pastParticiple"":""amazed"",""plural"":""amazes""}","[""cet4"",""cet6""]",8607,B2,HARD,ecdict
affective,affective,ә'fektiv,,"[""a.""]","[{""pos"":""a."",""zh"":""情感的, 表达感情的"",""en"":""s characterized by emotion""},{""pos"":"""",""zh"":""[医] 感情的, 情感的"",""en"":""""}]",{},"[""cet6""]",8614,B2,HARD,ecdict
minus,minus,'mainәs,,"[""n."",""a."",""prep.""]","[{""pos"":""n."",""zh"":""负号, 不足"",""en"":""a. on the negative side or lower end of a scale""},{""pos"":""a."",""zh"":""减的, 负的, 阴性的"",""en"":""s. involving disadvantage or harm""},{""pos"":""prep."",""zh"":""减, 缺"",""en"":""""},{""pos"":"""",""zh"":""[计] 负差"",""en"":""""}]","{""plural"":""minuses""}","[""cet4"",""cet6""]",8628,B2,HARD,ecdict
rein,rein,rein,,"[""n."",""vt."",""vi.""]","[{""pos"":""n."",""zh"":""缰绳, 统治, 支配"",""en"":""n. one of a pair of long straps (usually connected to the bit or the headpiece) used to control a horse""},{""pos"":""vt."",""zh"":""驾驭, 以缰绳控制, 控制"",""en"":""n. any means of control""},{""pos"":""vi."",""zh"":""勒住马"",""en"":""v. stop or slow up one's horse or oneself by or as if by pulling the reins""}]","{""plural"":""reins"",""past"":""reined"",""pastParticiple"":""reined"",""presentParticiple"":""reining"",""thirdPerson"":""reins""}","[""cet4"",""cet6""]",8629,B2,HARD,ecdict
cradle,cradle,'kreidl,,"[""n."",""vt."",""vi.""]","[{""pos"":""n."",""zh"":""摇篮, 发祥地, 孩提时代"",""en"":""n. a baby bed with sides and rockers""},{""pos"":""vt."",""zh"":""放在摇篮内, 抚育"",""en"":""n. birth of a person""},{""pos"":""vi."",""zh"":""刈割"",""en"":""v. hold gently and carefully""}]","{""presentParticiple"":""cradling"",""past"":""cradled"",""plural"":""cradles"",""pastParticiple"":""cradled"",""thirdPerson"":""cradles""}","[""cet6""]",8639,B2,HARD,ecdict
monarch,monarch,'mɒnәk,,"[""n.""]","[{""pos"":""n."",""zh"":""帝王, 统治者, 元首"",""en"":""n. large migratory American butterfly having deep orange wings with black and white markings; the larvae feed on milkweed""},{""pos"":"""",""zh"":""[医] 单原型(植)"",""en"":""""}]","{""plural"":""monarchs""}","[""cet6""]",8640,B2,HARD,ecdict
crank,crank,kræŋk,,"[""a."",""n."",""vt."",""vi.""]","[{""pos"":""a."",""zh"":""不稳的, 脾气暴燥的, 易怒的"",""en"":""n. a hand tool consisting of a rotating shaft with parallel handle""},{""pos"":""n."",""zh"":""曲柄, 奇想"",""en"":""v. start by cranking""},{""pos"":""vt."",""zh"":""装曲柄"",""en"":""v. rotate with a crank""},{""pos"":""vi."",""zh"":""转动曲柄"",""en"":""v. fasten with a crank""}]","{""plural"":""cranks"",""presentParticiple"":""cranking"",""past"":""cranked"",""pastParticiple"":""cranked"",""thirdPerson"":""cranks""}","[""cet6""]",8650,B2,HARD,ecdict
spacious,spacious,'speiʃәs,,"[""a.""]","[{""pos"":""a."",""zh"":""广大的, 宽广的"",""en"":""s very large in expanse or scope""}]",{},"[""cet6""]",8653,B2,HARD,ecdict
cherish,cherish,'tʃeriʃ,,"[""vt.""]","[{""pos"":""vt."",""zh"":""珍爱, 怀有, 爱护"",""en"":""v be fond of; be attached to""}]","{""pastParticiple"":""cherished"",""past"":""cherished"",""thirdPerson"":""cherishes"",""presentParticiple"":""cherishing""}","[""cet6""]",8660,B2,HARD,ecdict
eruption,eruption,i'rʌpʃәn,,"[""n.""]","[{""pos"":""n."",""zh"":""爆发, 喷出物, 出疹"",""en"":""n. symptom consisting of a breaking out and becoming visible""},{""pos"":"""",""zh"":""[化] 喷发"",""en"":""n. (of volcanos) pouring out fumes or lava (or a deposit so formed)""}]","{""plural"":""eruptions""}","[""cet6""]",8662,B2,HARD,ecdict
smuggle,smuggle,'smʌgl,,"[""vt."",""vi.""]","[{""pos"":""vt."",""zh"":""偷运, 走私, 私运"",""en"":""v. import or export without paying customs duties""},{""pos"":""vi."",""zh"":""走私"",""en"":""""}]","{""pastParticiple"":""smuggled"",""past"":""smuggled"",""presentParticiple"":""smuggling"",""thirdPerson"":""smuggles""}","[""cet6""]",8668,B2,HARD,ecdict
commonplace,commonplace,'kɒmәnpleis,,"[""n."",""a.""]","[{""pos"":""n."",""zh"":""寻常事, 老生常谈, 普通的东西"",""en"":""s. completely ordinary and unremarkable""},{""pos"":""a."",""zh"":""平凡的, 普通的"",""en"":""s. not challenging; dull and lacking excitement""}]","{""plural"":""commonplaces""}","[""cet6""]",8669,B2,HARD,ecdict
mislead,mislead,mis'li:d,,"[""vt.""]","[{""pos"":""vt."",""zh"":""误导"",""en"":""v. lead someone in the wrong direction or give someone wrong directions""}]","{""pastParticiple"":""misled"",""presentParticiple"":""misleading"",""past"":""misled"",""thirdPerson"":""misleads""}","[""cet4"",""cet6""]",8670,B2,HARD,ecdict
visualize,visualize,'viʒuәlaiz,,"[""vt."",""vi.""]","[{""pos"":""vt."",""zh"":""使看得见, 使具体化, 想象, 设想"",""en"":""v. imagine; conceive of; see in one's mind""},{""pos"":""vi."",""zh"":""想象, 显形"",""en"":""v. view the outline of by means of an X-ray""}]","{""pastParticiple"":""visualized"",""past"":""visualized"",""presentParticiple"":""visualizing"",""thirdPerson"":""visualizes""}","[""cet6""]",8673,B2,HARD,ecdict
mint,mint,mint,,"[""n."",""vt.""]","[{""pos"":""n."",""zh"":""薄荷, 造币厂, 巨额"",""en"":""n. any north temperate plant of the genus Mentha with aromatic leaves and small mauve flowers""},{""pos"":""vt."",""zh"":""铸造, 铸币, 制造"",""en"":""n. any member of the mint family of plants""}]","{""plural"":""mints"",""past"":""minted"",""pastParticiple"":""minted"",""presentParticiple"":""minting"",""thirdPerson"":""mints""}","[""cet6""]",8674,B2,HARD,ecdict
incidentally,incidentally,.insi'dentәli,,"[""adv.""]","[{""pos"":""adv."",""zh"":""伴随地, 偶然, 顺便"",""en"":""r. of a minor or subordinate nature""}]",{},"[""cet6""]",8677,B2,HARD,ecdict
inaccurate,inaccurate,in'ækjurit,,"[""a.""]","[{""pos"":""a."",""zh"":""错误的, 不准确的"",""en"":""a. not exact""},{""pos"":"""",""zh"":""[化] 不精确"",""en"":""""}]",{},"[""cet6""]",8689,B2,HARD,ecdict
simultaneous,simultaneous,.simәl'teinjәs,,"[""a.""]","[{""pos"":""a."",""zh"":""同时的, 同时发生的"",""en"":""s occurring or operating at the same time""},{""pos"":"""",""zh"":""[计] 同时的"",""en"":""""}]",{},"[""cet6""]",8695,B2,HARD,ecdict
abrupt,abrupt,ә'brʌpt,,"[""a.""]","[{""pos"":""a."",""zh"":""突然的, 唐突的, 陡峭的, 不连贯的"",""en"":""s. marked by sudden changes in subject and sharp transitions""}]",{},"[""cet6""]",8703,B2,HARD,ecdict
moss,moss,mɒs,,"[""n."",""vt.""]","[{""pos"":""n."",""zh"":""苔藓, 泥沼"",""en"":""n. tiny leafy-stemmed flowerless plants""},{""pos"":""vt."",""zh"":""使长满苔藓"",""en"":""""}]","{""plural"":""mosses"",""thirdPerson"":""mosses""}","[""cet6""]",8708,B2,HARD,ecdict
generalization,generalization,",dʒenәrәlai'zeiʃәn",,"[""n.""]","[{""pos"":""n."",""zh"":""一般化, 普遍化, 概括"",""en"":""n. reasoning from detailed facts to general principles""},{""pos"":"""",""zh"":""[化] 推广; 普适化"",""en"":""n. an idea or conclusion having general application""}]","{""plural"":""generalizations""}","[""cet6""]",8708,B2,HARD,ecdict
heater,heater,'hi:tә,,"[""n.""]","[{""pos"":""n."",""zh"":""加热器, 灯丝, 加热工"",""en"":""n. device that heats water or supplies warmth to a room""},{""pos"":"""",""zh"":""[化] 加热器"",""en"":""""}]","{""plural"":""heaters""}","[""cet6""]",8719,B2,HARD,ecdict
versatile,versatile,'vә:sәtail,,"[""a.""]","[{""pos"":""a."",""zh"":""多才多艺的, 万用的, 万向的"",""en"":""s. having great diversity or variety""}]",{},"[""cet6""]",8734,B2,HARD,ecdict
semiconductor,semiconductor,.semikәn'dʌktә,,"[""n.""]","[{""pos"":""n."",""zh"":""半导体"",""en"":""n. a substance as germanium or silicon whose electrical conductivity is intermediate between that of a metal and an insulator; its conductivity increases with temperature and in the presence of impurities""},{""pos"":"""",""zh"":""[化] 半导体"",""en"":""""}]","{""plural"":""semiconductors""}","[""cet4"",""cet6""]",8736,B2,HARD,ecdict
nuisance,nuisance,'nju:sns,,"[""n.""]","[{""pos"":""n."",""zh"":""讨厌的东西, 讨厌的人, 损害"",""en"":""n. (law) a broad legal concept including anything that disturbs the reasonable use of your property or endangers life and health or is offensive""},{""pos"":"""",""zh"":""[医] 损害, 讨厌"",""en"":""""}]","{""plural"":""nuisances""}","[""cet4"",""cet6""]",8738,B2,HARD,ecdict
dizzy,dizzy,'dizi,,"[""a."",""vt.""]","[{""pos"":""a."",""zh"":""晕眩的, 眼花缭乱的"",""en"":""v. make dizzy or giddy""},{""pos"":""vt."",""zh"":""使晕眩"",""en"":""s. having or causing a whirling sensation; liable to falling""}]","{""past"":""dizzied"",""comparative"":""dizzier"",""pastParticiple"":""dizzied"",""presentParticiple"":""dizzying"",""thirdPerson"":""dizzies""}","[""cet6""]",8740,B2,HARD,ecdict
intentional,intentional,in'tenʃәnәl,,"[""a.""]","[{""pos"":""a."",""zh"":""故意的, 与目的有关的"",""en"":""s. characterized by conscious design or purpose""},{""pos"":"""",""zh"":""[法] 故意的, 有意的"",""en"":""""}]",{},"[""cet4"",""cet6""]",8744,B2,HARD,ecdict
growl,growl,graul,,"[""n."",""v.""]","[{""pos"":""n."",""zh"":""吠声, 咆哮声"",""en"":""n. the sound of growling (as made by animals)""},{""pos"":""v."",""zh"":""怒吠, 咆哮, 吼"",""en"":""""}]","{""past"":""growled"",""presentParticiple"":""growling"",""plural"":""growls"",""thirdPerson"":""growls"",""pastParticiple"":""growled""}","[""cet6""]",8745,B2,HARD,ecdict
purity,purity,'pjuәrәti,,"[""n.""]","[{""pos"":""n."",""zh"":""纯净, 纯正, 纯粹"",""en"":""n. being undiluted or unmixed with extraneous material""},{""pos"":"""",""zh"":""[化] 纯度"",""en"":""n. the state of being unsullied by sin or moral wrong; lacking a knowledge of evil""}]","{""plural"":""purities""}","[""cet4"",""cet6""]",8748,B2,HARD,ecdict
exterior,exterior,ik'stiәriә,,"[""n."",""a.""]","[{""pos"":""n."",""zh"":""外部, 表面, 外貌"",""en"":""a. situated in or suitable for the outdoors or outside of a building""},{""pos"":""a."",""zh"":""外部的, 外在的, 表面的"",""en"":""""}]","{""plural"":""exteriors""}","[""cet4"",""cet6""]",8761,B2,HARD,ecdict
perpetual,perpetual,pә'petʃuәl,,"[""a.""]","[{""pos"":""a."",""zh"":""永久的, 不断的, 无期限的, 没完没了的, 四季开花的"",""en"":""s continuing forever or indefinitely""},{""pos"":"""",""zh"":""[经] 永远的, 终身的, 持续的"",""en"":""s uninterrupted in time and indefinitely long continuing""}]","{""plural"":""perpetuals""}","[""cet6""]",8766,B2,HARD,ecdict
facet,facet,'fæsit,,"[""n.""]","[{""pos"":""n."",""zh"":""(多面体的)面, 方面, 琢面"",""en"":""n. a smooth surface (as of a bone or cut gemstone)""},{""pos"":"""",""zh"":""[医] 小平面, 小面"",""en"":""""}]","{""plural"":""facets""}","[""cet6""]",8774,B2,HARD,ecdict
slipper,slipper,'slipә,,"[""n."",""vt.""]","[{""pos"":""n."",""zh"":""拖鞋, 制轮器"",""en"":""n. low footwear that can be slipped on and off easily; usually worn indoors""},{""pos"":""vt."",""zh"":""用拖鞋打"",""en"":""""}]","{""plural"":""slippers"",""pastParticiple"":""slippered"",""past"":""slippered"",""presentParticiple"":""slippering""}","[""cet4"",""cet6""]",8779,B2,HARD,ecdict
quiz,quiz,kwiz,,"[""n."",""vt.""]","[{""pos"":""n."",""zh"":""考查, 课堂测验, 恶作剧, 智力测验"",""en"":""n. an examination consisting of a few short questions""},{""pos"":""vt."",""zh"":""戏弄, 考查, 恶作剧"",""en"":""v. examine someone's knowledge of something""}]","{""pastParticiple"":""quizzed"",""past"":""quizzed"",""presentParticiple"":""quizzing"",""thirdPerson"":""quizzes""}","[""cet4"",""cet6""]",8784,B2,HARD,ecdict
aerospace,aerospace,'єәrәuspeis,,"[""n.""]","[{""pos"":""n."",""zh"":""航天空间, 航天技术"",""en"":""n. the atmosphere and outer space considered as a whole""}]",{},"[""cet6""]",8798,B2,HARD,ecdict
barren,barren,'bærәn,,"[""a."",""n.""]","[{""pos"":""a."",""zh"":""不育的, 贫瘠的"",""en"":""n. an uninhabited wilderness that is worthless for cultivation""},{""pos"":""n."",""zh"":""荒地"",""en"":""s. not bearing offspring""}]","{""plural"":""barrens""}","[""cet6""]",8809,B2,HARD,ecdict
hinge,hinge,hindʒ,,"[""n."",""vt."",""vi.""]","[{""pos"":""n."",""zh"":""铰链, 关键, 枢纽"",""en"":""n. a joint that holds two parts together so that one can swing relative to the other""},{""pos"":""vt."",""zh"":""装铰链"",""en"":""n. a circumstance upon which subsequent events depend""},{""pos"":""vi."",""zh"":""靠铰链移动, 依...而转移"",""en"":""v. attach with a hinge""}]","{""plural"":""hinges"",""past"":""hinged"",""thirdPerson"":""hinges"",""pastParticiple"":""hinged"",""presentParticiple"":""hingeing""}","[""cet6""]",8810,B2,HARD,ecdict
timetable,timetable,'taimteibl,,"[""n.""]","[{""pos"":""n."",""zh"":""时间表"",""en"":""n. a schedule listing events and the times at which they will take place""}]","{""plural"":""timetables"",""presentParticiple"":""timetabling"",""pastParticiple"":""timetabled"",""past"":""timetabled""}","[""cet4"",""cet6""]",8819,B2,HARD,ecdict
prudent,prudent,'pru:dnt,,"[""a.""]","[{""pos"":""a."",""zh"":""审慎的, 三思而后行的, 精明的, 节俭的"",""en"":""a. careful and sensible; marked by sound judgment""}]","{""comparative"":""prudenter""}","[""cet6""]",8823,B2,HARD,ecdict
unanimous,unanimous,ju:'nænimәs,,"[""a.""]","[{""pos"":""a."",""zh"":""意见一致的, 无异议的"",""en"":""s in complete agreement""}]",{},"[""cet6""]",8826,B2,HARD,ecdict
lest,lest,lest,,"[""conj.""]","[{""pos"":""conj."",""zh"":""以免, 唯恐, 免得"",""en"":""s being ten more than forty""}]",{},"[""cet4"",""cet6""]",8827,B2,HARD,ecdict
assassinate,assassinate,ә'sæsineit,,"[""vt.""]","[{""pos"":""vt."",""zh"":""暗杀, 行刺"",""en"":""v. murder; especially of socially prominent persons""},{""pos"":"""",""zh"":""[法] 暗杀, 行刺, 中伤"",""en"":""v. destroy or damage seriously, as of someone's reputation""}]","{""pastParticiple"":""assassinated"",""presentParticiple"":""assassinating"",""past"":""assassinated"",""thirdPerson"":""assassinates""}","[""cet6""]",8844,B2,HARD,ecdict
worthless,worthless,'wә:θlis,,"[""a.""]","[{""pos"":""a."",""zh"":""无价值的, 无益的, 无足轻重的"",""en"":""a. lacking in usefulness or value""},{""pos"":"""",""zh"":""[法] 无价值的, 无用的"",""en"":""""}]",{},"[""cet4"",""cet6""]",8848,B2,HARD,ecdict
intellect,intellect,'intәlekt,,"[""n.""]","[{""pos"":""n."",""zh"":""智力, 出众的才华, 知识分子"",""en"":""n knowledge and intellectual ability""},{""pos"":"""",""zh"":""[医] 智力, 才智"",""en"":""n the capacity for rational thought or inference or discrimination""}]","{""plural"":""intellects""}","[""cet6""]",8849,B2,HARD,ecdict
tremendously,tremendously,trə'mendəslɪ,,"[""adv.""]","[{""pos"":""adv."",""zh"":""极大地; 极端地; 极其; 非常"",""en"":""r extremely""}]",{},"[""cet6""]",8855,B2,HARD,ecdict
quotation,quotation,kwәu'teiʃәn,,"[""n.""]","[{""pos"":""n."",""zh"":""引用语, 语录, 牌价, 报价"",""en"":""n. a passage or expression that is quoted or cited""},{""pos"":"""",""zh"":""[化] 报价"",""en"":""n. a statement of the current market price of a security or commodity""}]","{""plural"":""quotations""}","[""cet4"",""cet6""]",8858,B2,HARD,ecdict
rake,rake,reik,,"[""n."",""v.""]","[{""pos"":""n."",""zh"":""耙子, 钱耙, 斜度, 浪子"",""en"":""n. a dissolute man in fashionable society""},{""pos"":""v."",""zh"":""搜索, 掠过, (用耙子)耙, (使)倾斜"",""en"":""n. a long-handled tool with a row of teeth at its head; used to move leaves or loosen soil""}]","{""past"":""raked"",""presentParticiple"":""raking"",""pastParticiple"":""raked"",""plural"":""rakes"",""thirdPerson"":""rakes""}","[""cet4"",""cet6""]",8861,B2,HARD,ecdict
inflate,inflate,in'fleit,,"[""vt."",""vi.""]","[{""pos"":""vt."",""zh"":""使膨胀, 使得意, 使通货膨胀, 使充气"",""en"":""v. exaggerate or make bigger""},{""pos"":""vi."",""zh"":""充气, 膨胀"",""en"":""v. fill with gas or air""}]","{""pastParticiple"":""inflated"",""presentParticiple"":""inflating"",""past"":""inflated"",""thirdPerson"":""inflates""}","[""cet6""]",8865,B2,HARD,ecdict
chestnut,chestnut,'tʃesnʌt,,"[""n."",""a.""]","[{""pos"":""n."",""zh"":""栗子, 栗树, 栗色"",""en"":""n. wood of any of various chestnut trees of the genus Castanea""},{""pos"":""a."",""zh"":""栗色的"",""en"":""n. any of several attractive deciduous trees yellow-brown in autumn; yield a hard wood and edible nuts in a prickly bur""}]","{""plural"":""chestnuts""}","[""cet6""]",8866,B2,HARD,ecdict
windy,windy,'windi,,"[""a.""]","[{""pos"":""a."",""zh"":""多风的, 风强的, 腹胀的, 吹牛的"",""en"":""s. resembling the wind in speed, force, or variability""}]","{""plural"":""windies"",""superlative"":""windiest"",""comparative"":""windier""}","[""cet6""]",8867,B2,HARD,ecdict
overlap,overlap,.әuvә'læp,,"[""n."",""vt."",""vi.""]","[{""pos"":""n."",""zh"":""重叠, 重复, 部分的同时发生"",""en"":""n. a representation of common ground between theories or phenomena""},{""pos"":""vt."",""zh"":""重叠, 重复, 与...同时发生"",""en"":""n. the property of partial coincidence in time""},{""pos"":""vi."",""zh"":""迭盖, 部分的同时发生"",""en"":""v. coincide partially or wholly""},{""pos"":"""",""zh"":""[计] 重叠"",""en"":""v. extend over and cover a part of""}]","{""presentParticiple"":""overlapping"",""plural"":""overlaps"",""thirdPerson"":""overlaps"",""pastParticiple"":""overlapped"",""past"":""overlapped""}","[""cet6""]",8870,B2,HARD,ecdict
longevity,longevity,lɒn'dʒeviti,,"[""n.""]","[{""pos"":""n."",""zh"":""长命, 长寿, 寿命"",""en"":""n. duration of service""},{""pos"":"""",""zh"":""[医] 长寿"",""en"":""n. the property of being long-lived""}]",{},"[""cet6""]",8871,B2,HARD,ecdict
muse,muse,mju:z,,"[""n."",""v.""]","[{""pos"":""n."",""zh"":""沉思, 冥想"",""en"":""n. in ancient Greek mythology any of 9 daughters of Zeus and Mnemosyne; protector of an art or science""},{""pos"":""v."",""zh"":""沉思, 冥想, 若有所思地凝望或说"",""en"":""n. the source of an artist's inspiration""}]","{""past"":""mused"",""plural"":""muses"",""presentParticiple"":""musing"",""thirdPerson"":""muses"",""pastParticiple"":""mused""}","[""cet6""]",8874,B2,HARD,ecdict
bankrupt,bankrupt,'bæŋkrʌpt,,"[""n."",""a."",""vt.""]","[{""pos"":""n."",""zh"":""破产者"",""en"":""n. someone who has insufficient assets to cover their debts""},{""pos"":""a."",""zh"":""破产的"",""en"":""v. reduce to bankruptcy""},{""pos"":""vt."",""zh"":""使破产"",""en"":""s. financially ruined""}]","{""plural"":""bankrupts"",""pastParticiple"":""bankrupted"",""past"":""bankrupted"",""thirdPerson"":""bankrupts"",""presentParticiple"":""bankrupting""}","[""cet6""]",8878,B2,HARD,ecdict
intellectually,intellectually,,,"[""adv.""]","[{""pos"":""adv."",""zh"":""智力上；知性上；理智地"",""en"":""r. in an intellectual manner""}]",{},"[""cet6""]",8883,B2,HARD,ecdict
insignificant,insignificant,.insig'nifikәnt,,"[""a.""]","[{""pos"":""a."",""zh"":""无关紧要的, 无意义的, 琐碎的"",""en"":""s. not worthy of notice""}]",{},"[""cet4"",""cet6""]",8884,B2,HARD,ecdict
overtake,overtake,.әuvә'teik,,"[""vt.""]","[{""pos"":""vt."",""zh"":""赶上, 突然降临于, 压倒, 代替"",""en"":""v. catch up with and possibly overtake""}]","{""pastParticiple"":""overtaken"",""past"":""overtook"",""presentParticiple"":""overtaking"",""thirdPerson"":""overtakes""}","[""cet4"",""cet6""]",8889,B2,HARD,ecdict
causal,causal,'kɒ:zәl,,"[""a."",""n.""]","[{""pos"":""a."",""zh"":""原因的, 因果关系的, 表示原因或理由的"",""en"":""s. involving or constituting a cause; causing""},{""pos"":""n."",""zh"":""表示原因的连词"",""en"":""""}]",{},"[""cet6""]",8904,B2,HARD,ecdict
scissors,scissors,'sizәz,,"[""pl.""]","[{""pos"":""pl."",""zh"":""剪刀"",""en"":""n. an edge tool having two crossed pivoting blades""},{""pos"":"""",""zh"":""[医] 剪"",""en"":""n. a wrestling hold in which you wrap your legs around the opponents body or head and put your feet together and squeeze""}]","{""plural"":""scissors"",""lemmaOf"":""scissors"",""lemma"":""s""}","[""cet4"",""cet6""]",8906,B2,HARD,ecdict
greedy,greedy,'gri:di,,"[""a.""]","[{""pos"":""a."",""zh"":""贪婪的, 贪得的, 贪吃的"",""en"":""s. wanting to eat or drink more than one can reasonably consume""}]","{""comparative"":""greedier"",""superlative"":""greediest""}","[""cet4"",""cet6""]",8908,B2,HARD,ecdict
shepherd,shepherd,'ʃepәd,,"[""n."",""vt.""]","[{""pos"":""n."",""zh"":""牧羊人, 牧羊犬, 牧师, 保护者"",""en"":""n. a clergyman who watches over a group of people""},{""pos"":""vt."",""zh"":""看守, 领导, 指导, 牧羊"",""en"":""v. watch over like a shepherd, as a teacher of her pupils""}]","{""plural"":""shepherds"",""past"":""shepherded"",""pastParticiple"":""shepherded"",""presentParticiple"":""shepherding"",""thirdPerson"":""shepherds""}","[""cet4"",""cet6""]",8911,B2,HARD,ecdict
yearly,yearly,'jiәli,,"[""a."",""adv.""]","[{""pos"":""a."",""zh"":""每年的, 一年一度的"",""en"":""n a reference book that is published regularly once every year""},{""pos"":""adv."",""zh"":""一年一次, 每年"",""en"":""s occurring or payable every year""}]",{},"[""cet4"",""cet6""]",8913,B2,HARD,ecdict
token,token,'tәukәn,,"[""n."",""a.""]","[{""pos"":""n."",""zh"":""表征, 记号, 代币"",""en"":""n. an individual instance of a type of symbol""},{""pos"":""a."",""zh"":""象征的, 表意的"",""en"":""n. something serving as a sign of something else""},{""pos"":"""",""zh"":""[计] 记号"",""en"":""n. a metal or plastic disk that can be redeemed or used in designated slot machines""}]","{""plural"":""tokens""}","[""cet6""]",8924,B2,HARD,ecdict
frail,frail,freil,,"[""a."",""n.""]","[{""pos"":""a."",""zh"":""脆弱的, 虚弱的, 意志薄弱的"",""en"":""n. the weight of a frail (basket) full of raisins or figs; between 50 and 75 pounds""},{""pos"":""n."",""zh"":""少女, 少妇, 灯心草篓"",""en"":""n. a basket for holding dried fruit (especially raisins or figs)""}]","{""comparative"":""frailer"",""superlative"":""frailest"",""plural"":""frails""}","[""cet6""]",8930,B2,HARD,ecdict
trumpet,trumpet,'trʌmpit,,"[""n."",""vi."",""vt.""]","[{""pos"":""n."",""zh"":""喇叭, 小号, 喇叭声"",""en"":""v. proclaim on, or as if on, a trumpet""},{""pos"":""vi."",""zh"":""吹喇叭"",""en"":""v. play or blow on the trumpet""},{""pos"":""vt."",""zh"":""用喇叭吹出, 吹嘘"",""en"":""v. utter in trumpet-like sounds""}]","{""plural"":""trumpets"",""thirdPerson"":""trumpets"",""presentParticiple"":""trumpeting"",""past"":""trumpeted"",""pastParticiple"":""trumpeted""}","[""cet4"",""cet6""]",8936,B2,HARD,ecdict
rash,rash,ræʃ,,"[""a."",""n.""]","[{""pos"":""a."",""zh"":""轻率的, 匆忙的, 鲁莽的"",""en"":""n. any red eruption of the skin""},{""pos"":""n."",""zh"":""皮疹"",""en"":""n. a series of unexpected and unpleasant occurrences""}]","{""plural"":""rashes""}","[""cet6""]",8937,B2,HARD,ecdict
universally,universally,ju:ni'v\\\\:sәli,,"[""adv.""]","[{""pos"":""adv."",""zh"":""宇宙, 全世界, 普遍, 一般, 普通, 全体, 一致, 通用, 万能, 广用, 广泛"",""en"":""r. everywhere""}]",{},"[""cet6""]",8939,B2,HARD,ecdict
continental,continental,.kɒnti'nentl,,"[""a."",""n.""]","[{""pos"":""a."",""zh"":""大陆的, 洲的"",""en"":""a. of or pertaining to or typical of Europe""},{""pos"":""n."",""zh"":""欧洲大陆人"",""en"":""a. of or relating to or concerning the American colonies during and immediately after the American Revolutionary War""}]","{""plural"":""continentals""}","[""cet6""]",8947,B2,HARD,ecdict
verb,verb,vә:b,,"[""n.""]","[{""pos"":""n."",""zh"":""动词"",""en"":""n. the word class that serves as the predicate of a sentence""},{""pos"":"""",""zh"":""[计] 动词"",""en"":""n. a content word that denotes an action, occurrence, or state of existence""}]","{""plural"":""verbs""}","[""cet4"",""cet6""]",8951,B2,HARD,ecdict
indispensable,indispensable,.indis'pensәbl,,"[""n."",""a.""]","[{""pos"":""n."",""zh"":""不可缺少之物"",""en"":""a. not to be dispensed with; essential""},{""pos"":""a."",""zh"":""不可缺少的, 责无旁贷的, 绝对必要的"",""en"":""s. unavoidable""}]","{""plural"":""indispensables""}","[""cet4"",""cet6""]",8952,B2,HARD,ecdict
revolt,revolt,ri'vәult,,"[""n."",""vi."",""vt.""]","[{""pos"":""n."",""zh"":""叛乱, 反抗, 反感"",""en"":""v. make revolution""},{""pos"":""vi."",""zh"":""叛乱, 反抗, 起义, 厌恶, 反感"",""en"":""""},{""pos"":""vt."",""zh"":""使反感, 使恶心"",""en"":""""}]","{""plural"":""revolts"",""past"":""revolted"",""pastParticiple"":""revolted"",""presentParticiple"":""revolting"",""thirdPerson"":""revolts""}","[""cet4"",""cet6""]",8955,B2,HARD,ecdict
dye,dye,dai,,"[""n."",""vt."",""vi.""]","[{""pos"":""n."",""zh"":""颜料, 染料"",""en"":""n. a usually soluble substance for staining or coloring e.g. fabrics or hair""},{""pos"":""vt."",""zh"":""染, 染色"",""en"":""v. color with dye""},{""pos"":""vi."",""zh"":""被着色"",""en"":""""}]","{""plural"":""dyes"",""pastParticiple"":""dyed"",""presentParticiple"":""dyeing"",""past"":""dyed"",""thirdPerson"":""dyes""}","[""cet4"",""cet6""]",8956,B2,HARD,ecdict
pamphlet,pamphlet,'pæmflit,,"[""n.""]","[{""pos"":""n."",""zh"":""小册子, 活页文选"",""en"":""n a small book usually having a paper cover""}]","{""plural"":""pamphlets""}","[""cet6""]",8959,B2,HARD,ecdict
salute,salute,sә'lu:t,,"[""vi."",""vt."",""n.""]","[{""pos"":""vi."",""zh"":""行礼, 致意, 问候, 放礼炮"",""en"":""n. an act of honor or courteous recognition""},{""pos"":""vt."",""zh"":""向...致意, 迎接, 赞扬"",""en"":""n. a formal military gesture of respect""},{""pos"":""n."",""zh"":""招呼, 敬礼, 礼炮"",""en"":""n. an act of greeting with friendly words and gestures like bowing or lifting the hat""}]","{""past"":""saluted"",""thirdPerson"":""salutes"",""presentParticiple"":""saluting"",""pastParticiple"":""saluted"",""plural"":""salutes""}","[""cet4"",""cet6""]",8974,B2,HARD,ecdict
oriental,oriental,.ɒ:ri'entl,,"[""n."",""a.""]","[{""pos"":""n."",""zh"":""东方人, 亚洲人"",""en"":""n. a member of an Oriental race; the term is regarded as offensive by Asians (especially by Asian Americans)""},{""pos"":""a."",""zh"":""东方诸国的, 亚洲的, 东方的"",""en"":""s. denoting or characteristic of countries of Asia""}]","{""plural"":""orientals""}","[""cet4"",""cet6""]",8982,B2,HARD,ecdict
swarm,swarm,swɒ:m,,"[""n."",""vi."",""vt.""]","[{""pos"":""n."",""zh"":""群, 大群, 蜂群, 分蜂群"",""en"":""n. a group of many things in the air or on the ground""},{""pos"":""vi."",""zh"":""分群, 群集, 聚集一块, 云集, 攀"",""en"":""""},{""pos"":""vt."",""zh"":""挤满, 爬, 攀"",""en"":""""}]","{""past"":""swarmed"",""presentParticiple"":""swarming"",""plural"":""swarms"",""pastParticiple"":""swarmed"",""thirdPerson"":""swarms""}","[""cet4"",""cet6""]",8983,B2,HARD,ecdict
mixer,mixer,'miksә,,"[""n.""]","[{""pos"":""n."",""zh"":""混合者, 混合器, 搅拌机, 搅拌器, 混频器, (非正式)交际家, 与人相处的人"",""en"":""n. club soda or fruit juice used to mix with alcohol""},{""pos"":"""",""zh"":""[计] 混频器, 音装置"",""en"":""n. electronic equipment that mixes two or more input signals to give a single output signal""}]","{""plural"":""mixers""}","[""cet6""]",8987,B2,HARD,ecdict
raisin,raisin,'reizn,,"[""n.""]","[{""pos"":""n."",""zh"":""葡萄干"",""en"":""n. dried grape""}]","{""plural"":""raisins""}","[""cet6""]",8989,B2,HARD,ecdict
chronicle,chronicle,'krɒnikl,,"[""n."",""vt.""]","[{""pos"":""n."",""zh"":""年代记, 记录, 编年史"",""en"":""v. record in chronological order; make a historical record""},{""pos"":""vt."",""zh"":""把...载入编年史"",""en"":""""}]","{""plural"":""chronicles"",""pastParticiple"":""chronicled"",""thirdPerson"":""chronicles"",""presentParticiple"":""chronicling"",""past"":""chronicled""}","[""cet6""]",8992,B2,HARD,ecdict
interruption,interruption,.intә'rʌpʃәn,,"[""n.""]","[{""pos"":""n."",""zh"":""打扰, 中断, 障碍物"",""en"":""n. some abrupt occurrence that interrupts an ongoing activity""},{""pos"":"""",""zh"":""[医] 间断, 阻断, 中止"",""en"":""""}]","{""plural"":""interruptions""}","[""cet4"",""cet6""]",8994,B2,HARD,ecdict
experimentation,experimentation,"eks,perimen'teiʃәn",,"[""n.""]","[{""pos"":""n."",""zh"":""实验, 试验, 实验法"",""en"":""n the testing of an idea""},{""pos"":"""",""zh"":""[化] 实验; 实验过程"",""en"":""n the act of conducting a controlled test or investigation""}]","{""plural"":""experimentations""}","[""cet6""]",8997,B2,HARD,ecdict
clasp,clasp,klɑ:sp,,"[""n."",""v.""]","[{""pos"":""n."",""zh"":""扣子, 钩, 紧握"",""en"":""n. a fastener (as a buckle or hook) that is used to hold two things together""},{""pos"":""v."",""zh"":""扣紧, 紧握"",""en"":""n. the act of grasping""}]","{""past"":""clasped"",""presentParticiple"":""clasping"",""pastParticiple"":""clasped"",""plural"":""clasps"",""thirdPerson"":""clasps""}","[""cet4"",""cet6""]",8998,B2,HARD,ecdict
tow,tow,tәu,,"[""n."",""vt.""]","[{""pos"":""n."",""zh"":""拖, 拖绳, 拖轮"",""en"":""n. the act of hauling something (as a vehicle) by means of a hitch or rope""},{""pos"":""vt."",""zh"":""拖, 拉, 牵引"",""en"":""v. drag behind""}]","{""pastParticiple"":""towed"",""presentParticiple"":""towing"",""past"":""towed"",""plural"":""tows"",""thirdPerson"":""tows""}","[""cet6""]",9000,B2,HARD,ecdict
blush,blush,blʌʃ,,"[""vi."",""vt."",""n.""]","[{""pos"":""vi."",""zh"":""脸红, 羞愧"",""en"":""n. sudden reddening of the face (as from embarrassment or guilt or shame or modesty)""},{""pos"":""vt."",""zh"":""弄成红色"",""en"":""v. turn red, as if in embarrassment or shame""},{""pos"":""n."",""zh"":""脸红"",""en"":""v. become rosy or reddish""}]","{""past"":""blushed"",""presentParticiple"":""blushing"",""plural"":""blushes"",""pastParticiple"":""blushed"",""thirdPerson"":""blushes""}","[""cet6""]",9003,B2,HARD,ecdict
alteration,alteration,.ɒ:ltә'reiʃәn,,"[""n.""]","[{""pos"":""n."",""zh"":""变更, 改动"",""en"":""n. the act of making something different (as e.g. the size of a garment)""},{""pos"":"""",""zh"":""[医] 变更"",""en"":""""}]","{""plural"":""alterations""}","[""cet6""]",9007,B2,HARD,ecdict
peninsula,peninsula,pi'ninsjulә,,"[""n.""]","[{""pos"":""n."",""zh"":""半岛, 突出的地方, 伊比利亚半岛"",""en"":""n. a large mass of land projecting into a body of water""}]","{""plural"":""peninsulas""}","[""cet4"",""cet6""]",9009,B2,HARD,ecdict
shutter,shutter,'ʃʌtә,,"[""n."",""vt.""]","[{""pos"":""n."",""zh"":""百叶窗, 关闭物, 照相机快门, 关闭者"",""en"":""n. a mechanical device on a camera that opens and closes to control the time of a photographic exposure""},{""pos"":""vt."",""zh"":""为...装百叶窗, 以百叶窗遮闭"",""en"":""n. a hinged blind for a window""}]","{""plural"":""shutters"",""presentParticiple"":""shuttering"",""past"":""shuttered"",""thirdPerson"":""shutters"",""pastParticiple"":""shuttered""}","[""cet6""]",9012,B2,HARD,ecdict
doubtful,doubtful,'dautful,,"[""a.""]","[{""pos"":""a."",""zh"":""可疑的, 疑心的, 不明确的"",""en"":""s. open to doubt or suspicion""},{""pos"":"""",""zh"":""[法] 怀疑的, 有疑问的, 未确的"",""en"":""s. fraught with uncertainty or doubt""}]",{},"[""cet4"",""cet6""]",9015,B2,HARD,ecdict
despise,despise,di'spaiz,,"[""vt.""]","[{""pos"":""vt."",""zh"":""轻视"",""en"":""v look down on with disdain""}]","{""past"":""despised"",""pastParticiple"":""despised"",""thirdPerson"":""despises"",""presentParticiple"":""despising""}","[""cet4"",""cet6""]",9016,B2,HARD,ecdict
dismay,dismay,dis'mei,,"[""n."",""vt.""]","[{""pos"":""n."",""zh"":""沮丧"",""en"":""v. fill with apprehension or alarm; cause to be unpleasantly surprised""},{""pos"":""vt."",""zh"":""使惊愕, 使气馁"",""en"":""""}]","{""past"":""dismayed"",""pastParticiple"":""dismayed"",""presentParticiple"":""dismaying"",""plural"":""dismays"",""thirdPerson"":""dismays""}","[""cet6""]",9018,B2,HARD,ecdict
jelly,jelly,'dʒeli,,"[""n."",""v.""]","[{""pos"":""n."",""zh"":""果冻, 果冻甜食, 胶状物"",""en"":""n. a preserve made of the jelled juice of fruit""},{""pos"":""v."",""zh"":""(使)结冻, (使)成胶状"",""en"":""n. any substance having the consistency of jelly or gelatin""}]","{""plural"":""jellies"",""past"":""jellied"",""presentParticiple"":""jellying"",""thirdPerson"":""jellies"",""pastParticiple"":""jellied""}","[""cet6""]",9024,B2,HARD,ecdict
refrain,refrain,ri'frein,,"[""n."",""vi.""]","[{""pos"":""n."",""zh"":""重复的话, 叠句, 副歌"",""en"":""n. the part of a song where a soloist is joined by a group of singers""},{""pos"":""vi."",""zh"":""节制, 避免, 克制"",""en"":""v. resist doing something""}]","{""past"":""refrained"",""presentParticiple"":""refraining"",""pastParticiple"":""refrained"",""thirdPerson"":""refrains"",""plural"":""refrains""}","[""cet6""]",9029,B2,HARD,ecdict
pilgrim,pilgrim,'pilgrim,,"[""n."",""vi.""]","[{""pos"":""n."",""zh"":""旅行者, 朝圣者, 香客"",""en"":""n. someone who journeys in foreign lands""},{""pos"":""vi."",""zh"":""朝圣"",""en"":""n. one of the colonists from England who sailed to America on the Mayflower and founded the colony of Plymouth in New England in 1620""}]","{""plural"":""pilgrims""}","[""cet6""]",9037,B2,HARD,ecdict
hamper,hamper,'hæpә,,"[""n."",""vt.""]","[{""pos"":""n."",""zh"":""食篮, 阻碍物, 食盒"",""en"":""n. a basket usually with a cover""},{""pos"":""vt."",""zh"":""阻碍, 使困累, 妨碍, 牵制"",""en"":""v. prevent the progress or free movement of""}]","{""pastParticiple"":""hampered"",""past"":""hampered"",""plural"":""hampers"",""presentParticiple"":""hampering"",""thirdPerson"":""hampers""}","[""cet6""]",9044,B2,HARD,ecdict
fragrant,fragrant,'freigrәnt,,"[""a.""]","[{""pos"":""a."",""zh"":""芬香的, 馥郁的, 愉快的"",""en"":""a. pleasant-smelling""}]",{},"[""cet6""]",9055,B2,HARD,ecdict
banquet,banquet,'bæŋkwit,,"[""n.""]","[{""pos"":""n."",""zh"":""宴会"",""en"":""n. a ceremonial dinner party for many people""}]","{""plural"":""banquets"",""presentParticiple"":""banquetting"",""past"":""banqueted"",""thirdPerson"":""banquets"",""pastParticiple"":""banqueted""}","[""cet6""]",9056,B2,HARD,ecdict
equilibrium,equilibrium,.i:kwi'libriәm,,"[""n.""]","[{""pos"":""n."",""zh"":""平衡, 平静, 均衡"",""en"":""n. a stable situation in which forces cancel one another""},{""pos"":"""",""zh"":""[化] 平衡"",""en"":""n. a sensory system located in structures of the inner ear that registers the orientation of the head""}]",{},"[""cet6""]",9063,B2,HARD,ecdict
luxurious,luxurious,lʌg'zjuәriәs,,"[""a.""]","[{""pos"":""a."",""zh"":""豪华的, 奢侈的, 放纵的"",""en"":""s displaying luxury and furnishing gratification to the senses""}]",{},"[""cet6""]",9064,B2,HARD,ecdict
fireman,fireman,'faiәmәn,,"[""n.""]","[{""pos"":""n."",""zh"":""救火队员, 消防队员"",""en"":""n. play in which children pretend to put out a fire""},{""pos"":"""",""zh"":""[机] 司炉"",""en"":""n. a member of a fire department who tries to extinguish fires""}]","{""plural"":""firemen""}","[""cet4"",""cet6""]",9069,B2,HARD,ecdict
bourgeois,bourgeois,buә'ʒwɑ:,,"[""n."",""a.""]","[{""pos"":""n."",""zh"":""中产阶级分子, 商人, 资产阶级"",""en"":""n. a member of the middle class""},{""pos"":""a."",""zh"":""中产阶级的, 平庸的"",""en"":""s. (according to Marxist thought) being of the property-owning class and exploitive of the working class""},{""pos"":""n."",""zh"":""九点活字"",""en"":""s. conforming to the standards and conventions of the middle class""}]",{},"[""cet6""]",9071,B2,HARD,ecdict
tuberculosis,tuberculosis,"tju,bә:kju'lәusis",,"[""n.""]","[{""pos"":""n."",""zh"":""肺结核"",""en"":""n. infection transmitted by inhalation or ingestion of tubercle bacilli and manifested in fever and small lesions (usually in the lungs but in various other parts of the body in acute stages)""},{""pos"":"""",""zh"":""[医] 顿挫性结核"",""en"":""""}]",{},"[""cet6""]",9082,B2,HARD,ecdict
fluorescent,fluorescent,.fluә'resәnt,,"[""n."",""a.""]","[{""pos"":""n."",""zh"":""荧光"",""en"":""n. a lighting fixture that uses a fluorescent lamp""},{""pos"":""a."",""zh"":""荧光的"",""en"":""s. emitting light during exposure to radiation from an external source""}]","{""plural"":""fluorescents""}","[""cet6""]",9083,B2,HARD,ecdict
pineapple,pineapple,'pain.æpl,,"[""n.""]","[{""pos"":""n."",""zh"":""凤梨, 菠萝, 失业救济金"",""en"":""n. a tropical American plant bearing a large fleshy edible fruit with a terminal tuft of stiff leaves; widely cultivated in the tropics""},{""pos"":"""",""zh"":""[医] 凤梨, 波萝"",""en"":""n. large sweet fleshy tropical fruit with a terminal tuft of stiff leaves; widely cultivated""}]","{""plural"":""pineapples""}","[""cet6""]",9086,B2,HARD,ecdict
tutor,tutor,'tju:tә,,"[""n."",""vt."",""vi.""]","[{""pos"":""n."",""zh"":""家庭教师, 导师, 助教, 监护人"",""en"":""v. be a tutor to someone; give individual instruction""},{""pos"":""vt."",""zh"":""当...的教师, 教, 指导, 约束, 克制"",""en"":""v. act as a guardian to someone""},{""pos"":""vi."",""zh"":""当家庭教师, 受家庭教师的指导"",""en"":""""}]","{""plural"":""tutors"",""presentParticiple"":""tutoring"",""past"":""tutored"",""thirdPerson"":""tutors"",""pastParticiple"":""tutored""}","[""cet4"",""cet6""]",9093,B2,HARD,ecdict
chalk,chalk,tʃɒ:k,,"[""n."",""vt.""]","[{""pos"":""n."",""zh"":""粉笔, 白垩"",""en"":""n. a soft whitish calcite""},{""pos"":""vt."",""zh"":""用粉笔写, 记录"",""en"":""n. a pure flat white with little reflectance""}]","{""past"":""chalked"",""plural"":""chalks"",""pastParticiple"":""chalked"",""presentParticiple"":""chalking"",""thirdPerson"":""chalks""}","[""cet4"",""cet6""]",9095,B2,HARD,ecdict
displacement,displacement,dis'pleismәnt,,"[""n.""]","[{""pos"":""n."",""zh"":""换置, 移位, 移动, 取代"",""en"":""n. (chemistry) a reaction in which an elementary substance displaces and sets free a constituent element from a compound""},{""pos"":"""",""zh"":""[化] 顶替展开法"",""en"":""n. (psychiatry) a defense mechanism that transfers affect or reaction from the original object to some more acceptable one""}]","{""plural"":""displacements""}","[""cet6""]",9099,B2,HARD,ecdict
furnace,furnace,'fә:nis,,"[""n."",""vt.""]","[{""pos"":""n."",""zh"":""火炉, 熔炉, 考验"",""en"":""n. an enclosed chamber in which heat is produced to heat buildings, destroy refuse, smelt or refine ores, etc.""},{""pos"":""vt."",""zh"":""在炉中烧"",""en"":""""}]","{""plural"":""furnaces""}","[""cet4"",""cet6""]",9102,B2,HARD,ecdict
eradicate,eradicate,i'rædikeit,,"[""vt.""]","[{""pos"":""vt."",""zh"":""根除, 扑灭, 根绝, 消灭"",""en"":""v kill in large numbers""}]","{""pastParticiple"":""eradicated"",""presentParticiple"":""eradicating"",""thirdPerson"":""eradicates"",""past"":""eradicated""}","[""cet6""]",9110,B2,HARD,ecdict
augment,augment,ɒ:g'ment,,"[""v.""]","[{""pos"":""v."",""zh"":""增加, 增长"",""en"":""v. enlarge or increase""},{""pos"":"""",""zh"":""[计] 增加; 增量; 添加"",""en"":""v. grow or intensify""}]","{""pastParticiple"":""augmented"",""presentParticiple"":""augmenting"",""past"":""augmented"",""thirdPerson"":""augments""}","[""cet6""]",9113,B2,HARD,ecdict
fortress,fortress,'fɒ:tris,,"[""n."",""vt.""]","[{""pos"":""n."",""zh"":""城堡, 要塞"",""en"":""n. a fortified defensive structure""},{""pos"":""vt."",""zh"":""筑要塞, 以要塞防守"",""en"":""""}]","{""plural"":""fortresses"",""pastParticiple"":""fortressed""}","[""cet6""]",9115,B2,HARD,ecdict
safeguard,safeguard,'seifgɑ:d,,"[""n."",""vt.""]","[{""pos"":""n."",""zh"":""保卫, 保护措施, 防护设施"",""en"":""v. make safe""},{""pos"":""vt."",""zh"":""保卫, 保护"",""en"":""v. escort safely""}]","{""plural"":""safeguards"",""presentParticiple"":""safeguarding"",""pastParticiple"":""safeguarded"",""thirdPerson"":""safeguards"",""past"":""safeguarded""}","[""cet6""]",9121,B2,HARD,ecdict
midday,midday,'middei,,"[""n."",""a.""]","[{""pos"":""n."",""zh"":""正午, 中午"",""en"":""n the middle of the day""},{""pos"":""a."",""zh"":""正午的"",""en"":""""}]",{},"[""cet4"",""cet6""]",9129,B2,HARD,ecdict
cartridge,cartridge,'kɑ:tridʒ,,"[""n.""]","[{""pos"":""n."",""zh"":""弹药筒, 弹药, 一卷软片, 墨粉鼓"",""en"":""n. ammunition consisting of a cylindrical casing containing an explosive charge and a bullet; fired from a rifle or handgun""},{""pos"":"""",""zh"":""[计] 盒式磁带机"",""en"":""n. a module designed to be inserted into a larger piece of equipment""}]","{""plural"":""cartridges""}","[""cet6""]",9132,B2,HARD,ecdict
gamble,gamble,'gæmbl,,"[""n."",""v.""]","[{""pos"":""n."",""zh"":""赌博, 冒险"",""en"":""n. money that is risked for possible monetary gain""},{""pos"":""v."",""zh"":""赌博, 孤注一掷"",""en"":""n. a risky act or venture""}]","{""past"":""gambled"",""presentParticiple"":""gambling"",""plural"":""gambles"",""pastParticiple"":""gambled"",""thirdPerson"":""gambles""}","[""cet6""]",9148,B2,HARD,ecdict
brisk,brisk,brisk,,"[""a."",""vt."",""vi.""]","[{""pos"":""a."",""zh"":""强烈的, 寒冷而干燥的, 活泼的"",""en"":""v. become brisk""},{""pos"":""vt."",""zh"":""使活泼"",""en"":""s. very active""},{""pos"":""vi."",""zh"":""活跃起来"",""en"":""""}]","{""comparative"":""brisker"",""presentParticiple"":""brisking"",""superlative"":""briskest""}","[""cet4"",""cet6""]",9149,B2,HARD,ecdict
console,console,kәn'sәul,,"[""vt."",""n.""]","[{""pos"":""vt."",""zh"":""安慰, 藉慰"",""en"":""n. a scientific instrument consisting of displays and an input device that an operator can use to monitor and control a system (especially a computer system)""},{""pos"":""n."",""zh"":""控制台"",""en"":""n. an ornamental scroll-shaped bracket (especially one used to support a wall fixture)""},{""pos"":"""",""zh"":""[计] 控制台"",""en"":""""}]","{""past"":""consoled"",""pastParticiple"":""consoled"",""thirdPerson"":""consoles"",""presentParticiple"":""consoling"",""plural"":""consoles""}","[""cet6""]",9160,B2,HARD,ecdict
hymn,hymn,him,,"[""n."",""v.""]","[{""pos"":""n."",""zh"":""赞美诗, 圣歌"",""en"":""n. a song of praise (to God or to a saint or to a nation)""},{""pos"":""v."",""zh"":""唱赞美歌"",""en"":""v. sing a hymn""}]","{""plural"":""hymns"",""pastParticiple"":""hymned"",""past"":""hymned"",""presentParticiple"":""hymning"",""thirdPerson"":""hymns""}","[""cet6""]",9164,B2,HARD,ecdict
tolerant,tolerant,'tɒlәrәnt,,"[""a.""]","[{""pos"":""a."",""zh"":""宽容的, 容忍的, (对冷、热)能耐的"",""en"":""a. showing respect for the rights or opinions or practices of others""},{""pos"":"""",""zh"":""[医] 能耐受的"",""en"":""s. able to tolerate environmental conditions or physiological stress""}]",{},"[""cet6""]",9167,B2,HARD,ecdict
solemn,solemn,'sɒlәm,,"[""a.""]","[{""pos"":""a."",""zh"":""严肃的, 郑重的, 庄严的"",""en"":""s dignified and somber in manner or character and committed to keeping promises""}]",{},"[""cet4"",""cet6""]",9168,B2,HARD,ecdict
heave,heave,hi:v,,"[""n."",""vt."",""vi.""]","[{""pos"":""n."",""zh"":""举, 抛, 起伏, 鼓起"",""en"":""n. an upward movement (especially a rhythmical rising and falling)""},{""pos"":""vt."",""zh"":""用力举起, 使举起, 使鼓起"",""en"":""n. (geology) a horizontal dislocation""},{""pos"":""vi."",""zh"":""抛出, 起伏, 喘息, 凸起"",""en"":""n. the act of lifting something with great effort""}]","{""past"":""heaved"",""presentParticiple"":""heaving"",""pastParticiple"":""heaved"",""thirdPerson"":""heaves"",""plural"":""heaves""}","[""cet6""]",9170,B2,HARD,ecdict
disregard,disregard,.disri'gɑ:d,,"[""n."",""vt.""]","[{""pos"":""n."",""zh"":""忽视, 漠视"",""en"":""n. lack of attention and due care""},{""pos"":""vt."",""zh"":""忽视, 不顾"",""en"":""n. willful lack of care and attention""}]","{""pastParticiple"":""disregarded"",""presentParticiple"":""disregarding"",""past"":""disregarded"",""thirdPerson"":""disregards"",""plural"":""disregards""}","[""cet6""]",9174,B2,HARD,ecdict
hound,hound,haund,,"[""n."",""vt.""]","[{""pos"":""n."",""zh"":""猎犬"",""en"":""n. any of several breeds of dog used for hunting typically having large drooping ears""},{""pos"":""vt."",""zh"":""带猎犬狩猎, 追捕, 激励, 使追逐"",""en"":""v. pursue or chase relentlessly""}]","{""plural"":""hounds"",""pastParticiple"":""hounded"",""presentParticiple"":""hounding"",""past"":""hounded"",""thirdPerson"":""hounds""}","[""cet6""]",9177,B2,HARD,ecdict
dread,dread,dred,,"[""n."",""a."",""v.""]","[{""pos"":""n."",""zh"":""恐惧, 可怕的人(或事)"",""en"":""n fearful expectation or anticipation""},{""pos"":""a."",""zh"":""可怕的, 可怖的"",""en"":""v be afraid or scared of; be frightened of""},{""pos"":""v."",""zh"":""恐惧, 害怕"",""en"":""s causing fear or dread or terror""}]","{""past"":""dreaded"",""presentParticiple"":""dreading"",""pastParticiple"":""dreaded"",""thirdPerson"":""dreads"",""plural"":""dreads""}","[""cet4"",""cet6""]",9181,B2,HARD,ecdict
chemist,chemist,'kemist,,"[""n.""]","[{""pos"":""n."",""zh"":""化学家, 药剂师"",""en"":""n. a scientist who specializes in chemistry""},{""pos"":"""",""zh"":""[化] 化学家; 化学师; 化学工作者; 药剂师; 药房"",""en"":""""}]","{""plural"":""chemists""}","[""cet4"",""cet6""]",9185,B2,HARD,ecdict
alphabet,alphabet,'ælfәbit,,"[""n.""]","[{""pos"":""n."",""zh"":""字母"",""en"":""n. a character set that includes letters and is used to write a language""},{""pos"":"""",""zh"":""[计] 字母表"",""en"":""""}]","{""plural"":""alphabets""}","[""cet4"",""cet6""]",9190,B2,HARD,ecdict
limestone,limestone,'laimstәun,,"[""n.""]","[{""pos"":""n."",""zh"":""石灰石"",""en"":""n. a sedimentary rock consisting mainly of calcium that was deposited by the remains of marine animals""},{""pos"":"""",""zh"":""[化] 石灰石; 石灰岩"",""en"":""""}]","{""plural"":""limestones""}","[""cet6""]",9196,B2,HARD,ecdict
handwriting,handwriting,'hændraitiŋ,,"[""n.""]","[{""pos"":""n."",""zh"":""笔迹"",""en"":""n. something written by hand""}]","{""plural"":""handwritings""}","[""cet4"",""cet6""]",9204,B2,HARD,ecdict
energize,energize,'enәdʒaiz,,"[""vt.""]","[{""pos"":""vt."",""zh"":""使活跃, 激励, 供给...能量"",""en"":""v cause to be alert and energetic""},{""pos"":"""",""zh"":""[电] 激励"",""en"":""v raise to a higher energy level""}]","{""pastParticiple"":""energized"",""presentParticiple"":""energizing"",""past"":""energized"",""thirdPerson"":""energizes""}","[""cet6""]",9205,B2,HARD,ecdict
pollute,pollute,pә'lu:t,,"[""vt.""]","[{""pos"":""vt."",""zh"":""污染, 弄脏, 玷污"",""en"":""v. make impure""},{""pos"":"""",""zh"":""[化] 污染"",""en"":""""}]","{""presentParticiple"":""polluting"",""pastParticiple"":""polluted"",""thirdPerson"":""pollutes"",""past"":""polluted""}","[""cet4"",""cet6""]",9208,B2,HARD,ecdict
clumsy,clumsy,'klʌmzi,,"[""a.""]","[{""pos"":""a."",""zh"":""笨拙的, 不雅观的, 粗陋的"",""en"":""s lacking grace in movement or posture""}]","{""comparative"":""clumsier"",""superlative"":""clumsiest""}","[""cet4"",""cet6""]",9209,B2,HARD,ecdict
singular,singular,'siŋgjulә,,"[""n."",""a.""]","[{""pos"":""n."",""zh"":""单数"",""en"":""n. the form of a word that is used to denote a singleton""},{""pos"":""a."",""zh"":""异常的, 单一的"",""en"":""s. being a single and separate person or thing""}]","{""plural"":""singulars""}","[""cet4"",""cet6""]",9212,B2,HARD,ecdict
coil,coil,kɒil,,"[""n."",""vt.""]","[{""pos"":""n."",""zh"":""线圈, 盘绕, 骚动, 卷"",""en"":""n. a structure consisting of something wound in a continuous series of loops""},{""pos"":""vt."",""zh"":""盘绕, 卷"",""en"":""n. a round shape formed by a series of concentric circles (as formed by leaves or flower petals)""}]","{""plural"":""coils"",""past"":""coiled"",""presentParticiple"":""coiling"",""pastParticiple"":""coiled"",""thirdPerson"":""coils""}","[""cet4"",""cet6""]",9217,B2,HARD,ecdict
infer,infer,in'fә:,,"[""vt."",""vi.""]","[{""pos"":""vt."",""zh"":""推论出, 推断"",""en"":""v reason by deduction; establish by deduction""},{""pos"":""vi."",""zh"":""作推论"",""en"":""v draw from specific cases for more general cases""}]","{""pastParticiple"":""inferred"",""presentParticiple"":""inferring"",""thirdPerson"":""infers"",""past"":""inferred""}","[""cet4"",""cet6""]",9219,B2,HARD,ecdict
instinctively,instinctively,,,"[""adv.""]","[{""pos"":""adv."",""zh"":""本能地, 直觉地"",""en"":""r. as a matter of instinct""}]",{},"[""cet6""]",9224,B2,HARD,ecdict
scripture,scripture,'skriptʃә,,"[""n.""]","[{""pos"":""n."",""zh"":""圣经, 圣经的一节, 圣经的一句, 铭文"",""en"":""n. any writing that is regarded as sacred by a religious group""}]","{""plural"":""scriptures""}","[""cet6""]",9225,B2,HARD,ecdict
captive,captive,'kæptiv,,"[""n."",""a.""]","[{""pos"":""n."",""zh"":""俘虏, 迷恋者"",""en"":""n. an animal that is confined""},{""pos"":""a."",""zh"":""被俘的, 被迷住的"",""en"":""n. a person held in the grip of a strong emotion or passion""}]","{""plural"":""captives""}","[""cet4"",""cet6""]",9226,B2,HARD,ecdict
overt,overt,'әuvә:t,,"[""a.""]","[{""pos"":""a."",""zh"":""明显的, 公然的, 蓄意的"",""en"":""a. open and observable; not secret or hidden""},{""pos"":"""",""zh"":""[法] 明显的, 公开的"",""en"":""""}]",{},"[""cet6""]",9229,B2,HARD,ecdict
curly,curly,'kә:li,,"[""a.""]","[{""pos"":""a."",""zh"":""拳曲的, 卷毛的, 弯曲的"",""en"":""a. (of hair) having curls or waves""}]","{""plural"":""curlies"",""comparative"":""curlier"",""thirdPerson"":""curlies"",""superlative"":""curliest""}","[""cet6""]",9234,B2,HARD,ecdict
duplicate,duplicate,'dju:plikeit,,"[""n."",""a."",""vt.""]","[{""pos"":""n."",""zh"":""副本, 复本, 复制品"",""en"":""n. a copy that corresponds to an original exactly""},{""pos"":""a."",""zh"":""复制的, 二重的"",""en"":""v. make or do or perform again""},{""pos"":""vt."",""zh"":""复制, 使加倍"",""en"":""v. make a duplicate or duplicates of""},{""pos"":"""",""zh"":""[计] 复制"",""en"":""s. identically copied from an original""}]","{""pastParticiple"":""duplicated"",""plural"":""duplicates"",""presentParticiple"":""duplicating"",""past"":""duplicated"",""thirdPerson"":""duplicates""}","[""cet6""]",9237,B2,HARD,ecdict
unreasonable,unreasonable,.ʌn'ri:znәbl,,"[""a.""]","[{""pos"":""a."",""zh"":""不合理的, 过度的, 不切实际的"",""en"":""a. not reasonable; not showing good judgment""},{""pos"":"""",""zh"":""[法] 不讲道理的, 非理智的, 不合理的"",""en"":""""}]",{},"[""cet6""]",9239,B2,HARD,ecdict
germ,germ,dʒә:m,,"[""n.""]","[{""pos"":""n."",""zh"":""细菌, 种子, 生殖细胞, 根源"",""en"":""n. a small apparently simple structure (as a fertilized egg) from which new tissue can develop into a complete organism""},{""pos"":"""",""zh"":""[医] 芽胞, 胚, 胚芽, 病菌"",""en"":""""}]","{""plural"":""germs"",""thirdPerson"":""germs""}","[""cet4"",""cet6""]",9241,B2,HARD,ecdict
hysterical,hysterical,his'terikәl,,"[""a.""]","[{""pos"":""a."",""zh"":""歇斯底里的, 异常兴奋的"",""en"":""s. marked by excessive or uncontrollable emotion""},{""pos"":"""",""zh"":""[医] 癔病的, 歇斯底里的"",""en"":""""}]",{},"[""cet6""]",9244,B2,HARD,ecdict
stray,stray,strei,,"[""n."",""a."",""vi.""]","[{""pos"":""n."",""zh"":""走失的家畜, 浪子"",""en"":""n. an animal that has strayed (especially a domestic animal)""},{""pos"":""a."",""zh"":""迷途的, 偶然的"",""en"":""v. wander from a direct course or at random""},{""pos"":""vi."",""zh"":""迷路, 彷徨, 流浪"",""en"":""s. (of an animal) having no home or having wandered away from home""}]","{""past"":""strayed"",""pastParticiple"":""strayed"",""presentParticiple"":""straying"",""plural"":""strays"",""thirdPerson"":""strays""}","[""cet6""]",9258,B2,HARD,ecdict
daring,daring,'dєәriŋ,,"[""a.""]","[{""pos"":""a."",""zh"":""大胆的"",""en"":""n a challenge to do something dangerous or foolhardy""}]","{""lemmaOf"":""dare"",""lemma"":""i"",""presentParticiple"":""daring""}","[""cet4"",""cet6""]",9273,B2,HARD,ecdict
tanker,tanker,'tæŋkә,,"[""n.""]","[{""pos"":""n."",""zh"":""坦克手, 油船, 空中加油飞机, 运油飞机, 油槽/水槽汽车"",""en"":""n. a soldier who drives a tank""},{""pos"":"""",""zh"":""[化] 槽车; 油槽船"",""en"":""""}]","{""plural"":""tankers"",""pastParticiple"":""tankered""}","[""cet6""]",9275,B2,HARD,ecdict
fellowship,fellowship,'felәuʃip,,"[""n.""]","[{""pos"":""n."",""zh"":""伙伴关系, 共同参与, 团体, 奖学金, 友谊"",""en"":""n. money granted (by a university or foundation or other agency) for advanced study or research""},{""pos"":"""",""zh"":""[经] 合伙关系, 研究员薪金, 研究员基金"",""en"":""""}]","{""plural"":""fellowships""}","[""cet6""]",9276,B2,HARD,ecdict
overflow,overflow,.әuvә'flәu,,"[""n."",""v.""]","[{""pos"":""n."",""zh"":""溢值, 超值, 泛滥"",""en"":""n. the occurrence of surplus liquid (as water) exceeding the limit or capacity""},{""pos"":""v."",""zh"":""(使)泛滥, (使)溢出, (使)充溢"",""en"":""v. flow or run over (a limit or brim)""},{""pos"":"""",""zh"":""[计] 上溢; 溢出"",""en"":""""}]","{""presentParticiple"":""overflowing"",""past"":""overflowed"",""thirdPerson"":""overflows"",""pastParticiple"":""overflowed"",""plural"":""overflows""}","[""cet6""]",9278,B2,HARD,ecdict
dreadful,dreadful,'dredful,,"[""a.""]","[{""pos"":""a."",""zh"":""可怕的"",""en"":""s. very unpleasant""}]",{},"[""cet6""]",9280,B2,HARD,ecdict
sponge,sponge,spʌndʒ,,"[""n."",""vt."",""vi.""]","[{""pos"":""n."",""zh"":""海绵, 海绵状的东西"",""en"":""n. a porous mass of interlacing fibers that forms the internal skeleton of various marine animals and usable to absorb water or any porous rubber or cellulose product similarly used""},{""pos"":""vt."",""zh"":""用海绵擦拭, 吸收掉, 抹掉"",""en"":""n. primitive multicellular marine animal whose porous body is supported by a fibrous skeletal framework; usually occurs in sessile colonies""},{""pos"":""vi."",""zh"":""采集海绵, 海绵般吸收"",""en"":""v. wipe with a sponge, so as to clean or moisten""}]","{""plural"":""sponges"",""past"":""sponged"",""pastParticiple"":""sponged"",""thirdPerson"":""sponges"",""presentParticiple"":""sponging""}","[""cet4"",""cet6""]",9290,B2,HARD,ecdict
suffice,suffice,sә'fais,,"[""vi."",""vt.""]","[{""pos"":""vi."",""zh"":""足够, 有能力"",""en"":""v. be sufficient; be adequate, either in quality or quantity""},{""pos"":""vt."",""zh"":""满足"",""en"":""""}]","{""thirdPerson"":""suffices"",""past"":""sufficed"",""pastParticiple"":""sufficed"",""presentParticiple"":""sufficing""}","[""cet6""]",9294,B2,HARD,ecdict
needless,needless,'ni:dlis,,"[""a.""]","[{""pos"":""a."",""zh"":""不需要的, 不必要的"",""en"":""n the leaf of a conifer""}]",{},"[""cet4"",""cet6""]",9297,B2,HARD,ecdict
terminology,terminology,.tә:mi'nɒlәdʒi,,"[""n.""]","[{""pos"":""n."",""zh"":""术语, 术语学"",""en"":""n. a system of words used to name things in a particular discipline""},{""pos"":"""",""zh"":""[医] 名词学, 命名法"",""en"":""""}]","{""plural"":""terminologies""}","[""cet6""]",9306,B2,HARD,ecdict
shriek,shriek,ʃri:k,,"[""n."",""vi."",""vt.""]","[{""pos"":""n."",""zh"":""尖锐的响声"",""en"":""v. utter a shrill cry""},{""pos"":""vi."",""zh"":""尖叫, 发尖声"",""en"":""""},{""pos"":""vt."",""zh"":""尖声发出"",""en"":""""}]","{""past"":""shrieked"",""presentParticiple"":""shrieking"",""plural"":""shrieks"",""thirdPerson"":""shrieks"",""pastParticiple"":""shrieked""}","[""cet4"",""cet6""]",9309,B2,HARD,ecdict
opaque,opaque,әu'peik,,"[""n."",""a.""]","[{""pos"":""n."",""zh"":""不透明物"",""en"":""a. not transmitting or reflecting light or radiant energy; impenetrable to sight""},{""pos"":""a."",""zh"":""不透明的, 不传热的, 不传导的, 阴暗的"",""en"":""s. not clearly understood or expressed""},{""pos"":"""",""zh"":""[计] 白底"",""en"":""""}]","{""plural"":""opaques"",""past"":""opaqued""}","[""cet6""]",9310,B2,HARD,ecdict
menace,menace,'menis,,"[""n."",""v.""]","[{""pos"":""n."",""zh"":""威胁, 胁迫"",""en"":""n. something that is a source of danger""},{""pos"":""v."",""zh"":""威吓, 胁迫"",""en"":""n. a threat or the act of threatening""}]","{""plural"":""menaces"",""pastParticiple"":""menaced"",""past"":""menaced"",""presentParticiple"":""menacing"",""thirdPerson"":""menaces""}","[""cet6""]",9314,B2,HARD,ecdict
fridge,fridge,fridʒ,,"[""n.""]","[{""pos"":""n."",""zh"":""电冰箱"",""en"":""n a refrigerator in which the coolant is pumped around by an electric motor""}]","{""plural"":""fridges""}","[""cet4"",""cet6""]",9318,B2,HARD,ecdict
fuss,fuss,fʌs,,"[""n."",""vi."",""vt.""]","[{""pos"":""n."",""zh"":""大惊小怪, 小题大作, 忙乱"",""en"":""n. an angry disturbance""},{""pos"":""vi."",""zh"":""无事自扰, 焦急, 焦燥, 忙乱"",""en"":""v. worry unnecessarily or excessively""},{""pos"":""vt."",""zh"":""使激动, 使烦燥"",""en"":""""}]","{""presentParticiple"":""fussing"",""past"":""fussed"",""pastParticiple"":""fussed"",""thirdPerson"":""fusses""}","[""cet6""]",9325,B2,HARD,ecdict
tyranny,tyranny,'tirәni,,"[""n.""]","[{""pos"":""n."",""zh"":""专制, 暴政"",""en"":""n a form of government in which the ruler is an absolute dictator (not restricted by a constitution or laws or opposition etc.)""},{""pos"":"""",""zh"":""[法] 苛政, 暴政, 专横"",""en"":""n dominance through threat of punishment and violence""}]","{""plural"":""tyrannies""}","[""cet6""]",9346,B2,HARD,ecdict
breadth,breadth,bredθ,,"[""n.""]","[{""pos"":""n."",""zh"":""宽度"",""en"":""n. the capacity to understand a broad range of topics""},{""pos"":"""",""zh"":""[法] 违背, 违犯, 未遵守"",""en"":""""}]",{},"[""cet4"",""cet6""]",9348,B2,HARD,ecdict
vividly,vividly,,,"[""adv.""]","[{""pos"":""adv."",""zh"":""鲜艳, 强烈, 明亮, 鲜明, 活泼, 有生气, 生动, 清晰, 逼真"",""en"":""r. in a vivid manner""}]",{},"[""cet6""]",9349,B2,HARD,ecdict
gangster,gangster,'gæŋstә,,"[""n.""]","[{""pos"":""n."",""zh"":""流氓, 歹徒"",""en"":""n. a criminal who is a member of gang""},{""pos"":"""",""zh"":""[法] 暴徒, 恶棍, 打手"",""en"":""""}]","{""plural"":""gangsters""}","[""cet6""]",9353,B2,HARD,ecdict
extinct,extinct,ik'stiŋkt,,"[""a.""]","[{""pos"":""a."",""zh"":""熄灭的, 灭绝的, 耗尽的"",""en"":""a. no longer in existence; lost or especially having died out leaving no living representatives""},{""pos"":"""",""zh"":""[法] 消灭了的, 过时的, 无效的"",""en"":""a. (of e.g. volcanos) permanently inactive""}]",{},"[""cet4"",""cet6""]",9357,B2,HARD,ecdict
cupboard,cupboard,'kʌpbɒ:d,,"[""n.""]","[{""pos"":""n."",""zh"":""食橱, 碗柜, 餐具柜"",""en"":""n. a small room (or recess) or cabinet used for storage space""}]","{""plural"":""cupboards""}","[""cet4"",""cet6""]",9358,B2,HARD,ecdict
impetus,impetus,'impitәs,,"[""n.""]","[{""pos"":""n."",""zh"":""动力, 推动力, 动量"",""en"":""n a force that moves something along""},{""pos"":"""",""zh"":""[医] 冲动, 动能, 起始(病)"",""en"":""n the act of applying force suddenly""}]",{},"[""cet6""]",9359,B2,HARD,ecdict
plump,plump,plʌmp,,"[""a."",""vt."",""vi."",""adv.""]","[{""pos"":""a."",""zh"":""圆胖的, 丰满的, 直接下落的, 直率的"",""en"":""n. the sound of a sudden heavy fall""},{""pos"":""vt."",""zh"":""突然放下, 支持, 使丰满, 使鼓起"",""en"":""v. give support (to) or make a choice (of) one out of a group or number""},{""pos"":""vi."",""zh"":""扑通落下, 投票赞成, 变丰满, 鼓起"",""en"":""r. straight down especially heavily or abruptly""},{""pos"":""adv."",""zh"":""沉重地, 突然地, 直截了当地"",""en"":""""}]","{""past"":""plumped"",""pastParticiple"":""plumped"",""presentParticiple"":""plumping"",""comparative"":""plumper"",""thirdPerson"":""plumps"",""superlative"":""plumpest"",""plural"":""plumps""}","[""cet6""]",9362,B2,HARD,ecdict
gorilla,gorilla,gә'rilә,,"[""n.""]","[{""pos"":""n."",""zh"":""大猩猩, 残暴的男人, 歹徒"",""en"":""n. largest anthropoid ape; terrestrial and vegetarian; of forests of central west Africa""}]","{""plural"":""gorillas""}","[""cet6""]",9367,B2,HARD,ecdict
assimilation,assimilation,ә.simi'leiʃәn,,"[""n.""]","[{""pos"":""n."",""zh"":""同化, 同化作用, 吸收"",""en"":""n. the state of being assimilated; people of different backgrounds come to see themselves as part of a larger national family""},{""pos"":"""",""zh"":""[化] 同化; 同化作用"",""en"":""n. the social process of absorbing one cultural group into harmony with another""}]","{""plural"":""assimilations""}","[""cet6""]",9369,B2,HARD,ecdict
cutter,cutter,'kʌtә,,"[""n.""]","[{""pos"":""n."",""zh"":""裁剪者, 切割者, 切割器"",""en"":""n. someone who carves the meat""},{""pos"":"""",""zh"":""[化] 刀具; 剪切机; 切刀; 切胶机"",""en"":""n. someone whose work is cutting (as e.g. cutting cloth for garments)""}]","{""plural"":""cutters""}","[""cet6""]",9379,B2,HARD,ecdict
refinery,refinery,ri'fainәri,,"[""n.""]","[{""pos"":""n."",""zh"":""精炼厂"",""en"":""n. an industrial plant for purifying a crude substance""},{""pos"":"""",""zh"":""[化] 精炼厂炼糖厂"",""en"":""""}]","{""plural"":""refineries""}","[""cet6""]",9383,B2,HARD,ecdict
conspicuous,conspicuous,kәn'spikjuәs,,"[""a.""]","[{""pos"":""a."",""zh"":""显著的, 显眼的, 出众的"",""en"":""a. obvious to the eye or mind""}]",{},"[""cet6""]",9384,B2,HARD,ecdict
ordinarily,ordinarily,'ɒ:dinәrili,,"[""adv.""]","[{""pos"":""adv."",""zh"":""通常, 普通, 一般地"",""en"":""r under normal conditions""}]",{},"[""cet6""]",9387,B2,HARD,ecdict
ruthless,ruthless,'ru:θlis,,"[""a.""]","[{""pos"":""a."",""zh"":""无情的, 残忍的, 毫不留情的, 彻底的"",""en"":""s without mercy or pity""},{""pos"":"""",""zh"":""[法] 无情的, 残忍的"",""en"":""""}]",{},"[""cet6""]",9398,B2,HARD,ecdict
outlaw,outlaw,'autlɒ:,,"[""n."",""vt.""]","[{""pos"":""n."",""zh"":""被剥夺法律保护的人, 罪犯"",""en"":""v. declare illegal; outlaw""},{""pos"":""vt."",""zh"":""使...失去法律保护, 将...逐出社会, 宣告非法, 取缔"",""en"":""""}]","{""pastParticiple"":""outlawed"",""plural"":""outlaws"",""past"":""outlawed"",""presentParticiple"":""outlawing"",""thirdPerson"":""outlaws""}","[""cet6""]",9400,B2,HARD,ecdict
cripple,cripple,'kripl,,"[""n."",""vt."",""a.""]","[{""pos"":""n."",""zh"":""跛者, 残废"",""en"":""n. someone who is unable to walk normally because of an injury or disability to the legs or back""},{""pos"":""vt."",""zh"":""使跛, 使成残废, 削弱"",""en"":""v. deprive of strength or efficiency; make useless or worthless""},{""pos"":""a."",""zh"":""跛的, 残废的"",""en"":""v. deprive of the use of a limb, especially a leg""}]","{""pastParticiple"":""crippled"",""past"":""crippled"",""plural"":""cripples"",""presentParticiple"":""crippling"",""thirdPerson"":""cripples""}","[""cet4"",""cet6""]",9401,B2,HARD,ecdict
shady,shady,'ʃeidi,,"[""a.""]","[{""pos"":""a."",""zh"":""荫凉的, 成荫的, 阴暗的, 隐蔽的"",""en"":""s. filled with shade""},{""pos"":"""",""zh"":""[法] 成问题的, 令人怀疑的"",""en"":""""}]","{""comparative"":""shadier"",""superlative"":""shadiest""}","[""cet4"",""cet6""]",9404,B2,HARD,ecdict
waver,waver,'weivә,,"[""n."",""vi.""]","[{""pos"":""n."",""zh"":""动摇, 踌躇, 挥动者"",""en"":""n. someone who communicates by waving""},{""pos"":""vi."",""zh"":""摇摆, 颤抖, 摆动, 摇曳, 犹豫"",""en"":""n. the act of moving back and forth""}]","{""past"":""wavered"",""presentParticiple"":""wavering"",""thirdPerson"":""wavers"",""pastParticiple"":""wavered""}","[""cet6""]",9407,B2,HARD,ecdict
radius,radius,'reidiәs,,"[""n.""]","[{""pos"":""n."",""zh"":""半径, 范围, 辐射光线"",""en"":""n. the length of a line segment between the center and circumference of a circle or sphere""},{""pos"":"""",""zh"":""[电] 半径"",""en"":""n. a straight line from the center to the perimeter of a circle (or from the center to the surface of a sphere)""}]","{""plural"":""radii""}","[""cet4"",""cet6""]",9413,B2,HARD,ecdict
magician,magician,mә'dʒiʃәn,,"[""n.""]","[{""pos"":""n."",""zh"":""魔术家, 幻术家, 术士"",""en"":""n. someone who performs magic tricks to amuse an audience""}]","{""plural"":""magicians""}","[""cet6""]",9416,B2,HARD,ecdict
prophecy,prophecy,'prɒfәsi,,"[""n.""]","[{""pos"":""n."",""zh"":""预言, 预言能力"",""en"":""n. knowledge of the future (usually said to be obtained from a divine source)""}]","{""plural"":""prophecies""}","[""cet6""]",9417,B2,HARD,ecdict
broom,broom,bru:m,,"[""n."",""vt.""]","[{""pos"":""n."",""zh"":""扫帚, 金雀花"",""en"":""n. a cleaning implement for sweeping; bundle of straws or twigs attached to a long handle""},{""pos"":""vt."",""zh"":""扫除"",""en"":""n. any of various shrubs of the genera Cytisus or Genista or Spartium having long slender branches and racemes of yellow flowers""}]","{""plural"":""brooms""}","[""cet4"",""cet6""]",9418,B2,HARD,ecdict
bestow,bestow,bi'stәu,,"[""vt.""]","[{""pos"":""vt."",""zh"":""授予, 使用, 贮藏, 留宿"",""en"":""v. give as a gift""}]","{""pastParticiple"":""bestowed"",""past"":""bestowed"",""presentParticiple"":""bestowing"",""thirdPerson"":""bestows""}","[""cet6""]",9425,B2,HARD,ecdict
assimilate,assimilate,ә'simileit,,"[""vt."",""vi.""]","[{""pos"":""vt."",""zh"":""使同化, 吸收, 使相拟, 把...比作"",""en"":""v. become similar to one's environment""},{""pos"":""vi."",""zh"":""被吸收, 被同化"",""en"":""v. make similar""}]","{""pastParticiple"":""assimilated"",""presentParticiple"":""assimilating"",""past"":""assimilated"",""thirdPerson"":""assimilates""}","[""cet6""]",9426,B2,HARD,ecdict
bandage,bandage,'bændidʒ,,"[""n.""]","[{""pos"":""n."",""zh"":""绷带"",""en"":""n. a piece of soft material that covers and protects an injured part of the body""},{""pos"":"""",""zh"":""[化] 帘布筒; 实心轮胎; 紧带; 绷带"",""en"":""v. dress by covering or binding""}]","{""plural"":""bandages"",""pastParticiple"":""bandaged"",""past"":""bandaged"",""presentParticiple"":""bandaging"",""thirdPerson"":""bandages""}","[""cet6""]",9428,B2,HARD,ecdict
lining,lining,'lainiŋ,,"[""n.""]","[{""pos"":""n."",""zh"":""衬里, 内层, 衬垫"",""en"":""n. a protective covering that protects an inside surface""},{""pos"":"""",""zh"":""[化] 衬里; 衬垫; 衬套; 衬层"",""en"":""n. providing something with a surface of a different material""}]","{""lemmaOf"":""line"",""lemma"":""i"",""plural"":""linings"",""presentParticiple"":""lining""}","[""cet6""]",9435,B2,HARD,ecdict
hoist,hoist,hɒist,,"[""n."",""v.""]","[{""pos"":""n."",""zh"":""升高, 起重机, 推动"",""en"":""n. lifting device for raising heavy or cumbersome objects""},{""pos"":""v."",""zh"":""升起, 升高, 举起"",""en"":""v. raise or haul up with or as if with mechanical help""}]","{""past"":""hoisted"",""pastParticiple"":""hoisted"",""presentParticiple"":""hoisting"",""thirdPerson"":""hoists"",""lemmaOf"":""hoist"",""lemma"":""d"",""plural"":""hoists""}","[""cet6""]",9437,B2,HARD,ecdict
tangle,tangle,'tæŋgl,,"[""n."",""vt."",""vi.""]","[{""pos"":""n."",""zh"":""缠结, 纠结的一团, 困惑, 纠纷, 混乱"",""en"":""n. a twisted and tangled mass that is highly interwoven""},{""pos"":""vt."",""zh"":""使缠结, 缠住"",""en"":""n. something jumbled or confused""},{""pos"":""vi."",""zh"":""缠结, 乱作一团"",""en"":""""}]","{""plural"":""tangles"",""past"":""tangled"",""pastParticiple"":""tangled"",""presentParticiple"":""tangling"",""thirdPerson"":""tangles""}","[""cet6""]",9440,B2,HARD,ecdict
undertaking,undertaking,.ʌndә'teikiŋ,,"[""n.""]","[{""pos"":""n."",""zh"":""事业, 企业, 保证"",""en"":""n. any piece of work that is undertaken or attempted""},{""pos"":"""",""zh"":""[经] 企业, 事业, 承担"",""en"":""n. the trade of a funeral director""}]","{""lemmaOf"":""undertake"",""lemma"":""i"",""plural"":""undertakings"",""presentParticiple"":""undertaking""}","[""cet4"",""cet6""]",9442,B2,HARD,ecdict
hasten,hasten,'heisn,,"[""vt."",""vi.""]","[{""pos"":""vt."",""zh"":""催促, 加紧"",""en"":""v act or move at high speed""},{""pos"":""vi."",""zh"":""赶快, 急忙"",""en"":""v move fast""}]","{""past"":""hastened"",""pastParticiple"":""hastened"",""presentParticiple"":""hastening"",""thirdPerson"":""hastens""}","[""cet4"",""cet6""]",9445,B2,HARD,ecdict
digest,digest,di'dʒest,,"[""n."",""vi."",""vt.""]","[{""pos"":""n."",""zh"":""文摘"",""en"":""n. a periodical that summarizes the news""},{""pos"":""vi."",""zh"":""消化"",""en"":""v. convert food into absorbable substances""},{""pos"":""vt."",""zh"":""消化, 理解"",""en"":""v. arrange and integrate in the mind""},{""pos"":"""",""zh"":""[计] 摘要"",""en"":""v. put up with something or somebody unpleasant""}]","{""pastParticiple"":""digested"",""presentParticiple"":""digesting"",""past"":""digested"",""thirdPerson"":""digests""}","[""cet4"",""cet6""]",9447,B2,HARD,ecdict
prolong,prolong,prәu'lɒŋ,,"[""vt.""]","[{""pos"":""vt."",""zh"":""延长, 拖延, 拖长"",""en"":""v. lengthen in time; cause to be or last longer""},{""pos"":"""",""zh"":""[化] 冷凝管"",""en"":""v. lengthen or extend in duration or space""}]","{""presentParticiple"":""prolonging"",""pastParticiple"":""prolonged"",""thirdPerson"":""prolongs"",""past"":""prolonged""}","[""cet6""]",9450,B2,HARD,ecdict
commence,commence,kә'mens,,"[""v.""]","[{""pos"":""v."",""zh"":""(使)开始, 得学位"",""en"":""v take the first step or steps in carrying out an action""}]","{""pastParticiple"":""commenced"",""presentParticiple"":""commencing"",""past"":""commenced"",""thirdPerson"":""commences""}","[""cet6""]",9454,B2,HARD,ecdict
sweetness,sweetness,'swi:tnis,,"[""n.""]","[{""pos"":""n."",""zh"":""甜蜜, 芳香, 美妙"",""en"":""n. the property of tasting as if it contains sugar""}]","{""plural"":""sweetnesses""}","[""cet6""]",9462,B2,HARD,ecdict
attentive,attentive,ә'tentiv,,"[""a.""]","[{""pos"":""a."",""zh"":""注意的, 留心的"",""en"":""a. (often followed by `to') giving care or attention""}]",{},"[""cet4"",""cet6""]",9473,B2,HARD,ecdict
perish,perish,'periʃ,,"[""vi."",""vt.""]","[{""pos"":""vi."",""zh"":""毁灭, 丧生, 凋谢, 颓丧, 死亡, 腐烂"",""en"":""v pass from physical life and lose all bodily attributes and functions necessary to sustain life""},{""pos"":""vt."",""zh"":""毁坏, 使麻木, 使丧生, 耗尽"",""en"":""""}]","{""past"":""perished"",""pastParticiple"":""perished"",""presentParticiple"":""perishing"",""thirdPerson"":""perishes""}","[""cet6""]",9475,B2,HARD,ecdict
vicinity,vicinity,vi'siniti,,"[""n.""]","[{""pos"":""n."",""zh"":""附近, 邻近, 附近地区, 近处"",""en"":""n. a surrounding or nearby region""},{""pos"":"""",""zh"":""[法] 附近, 邻近, 附近地区"",""en"":""""}]","{""plural"":""vicinities""}","[""cet6""]",9483,B2,HARD,ecdict
vanity,vanity,'væniti,,"[""n.""]","[{""pos"":""n."",""zh"":""虚荣心, 虚无, 自负, 空虚, 时髦的小摆饰"",""en"":""n. the quality of being valueless or futile""}]","{""plural"":""vanities""}","[""cet4"",""cet6""]",9493,B2,HARD,ecdict
limp,limp,limp,,"[""n."",""a."",""vi.""]","[{""pos"":""n."",""zh"":""跛行"",""en"":""v. walk impeded by some physical limitation or injury""},{""pos"":""a."",""zh"":""柔软的, 无力的, 软弱的"",""en"":""v. proceed slowly or with difficulty""},{""pos"":""vi."",""zh"":""跛行"",""en"":""s. not firm""}]","{""past"":""limped"",""presentParticiple"":""limping"",""pastParticiple"":""limped"",""thirdPerson"":""limps"",""plural"":""limps"",""superlative"":""limpest""}","[""cet6""]",9496,B2,HARD,ecdict
tickle,tickle,'tikl,,"[""n."",""vt."",""vi.""]","[{""pos"":""n."",""zh"":""胳肢, 痒"",""en"":""n. a cutaneous sensation often resulting from light stroking""},{""pos"":""vt."",""zh"":""胳肢, 使发痒, 使快乐, 逗乐"",""en"":""n. the act of tickling""},{""pos"":""vi."",""zh"":""觉得痒, 使人痒"",""en"":""v. touch (a body part) lightly so as to excite the surface nerves and cause uneasiness, laughter, or spasmodic movements""}]","{""presentParticiple"":""tickling"",""past"":""tickled"",""pastParticiple"":""tickled"",""thirdPerson"":""tickles"",""plural"":""tickles""}","[""cet6""]",9498,B2,HARD,ecdict
dilute,dilute,dai'lju:t,,"[""vt."",""a.""]","[{""pos"":""vt."",""zh"":""冲淡, 稀释"",""en"":""v. lessen the strength or flavor of a solution or mixture""},{""pos"":""a."",""zh"":""淡的, 稀释的"",""en"":""""}]","{""pastParticiple"":""diluted"",""past"":""diluted"",""presentParticiple"":""diluting"",""thirdPerson"":""dilutes""}","[""cet6""]",9506,B2,HARD,ecdict
kite,kite,kait,,"[""n."",""vi."",""vt.""]","[{""pos"":""n."",""zh"":""风筝, 筝帆, 空头支票, 骗子"",""en"":""n. a bank check that has been fraudulently altered to increase its face value""},{""pos"":""vi."",""zh"":""象风筝一样飞, 轻快地移动, 使用空头支票"",""en"":""n. a bank check drawn on insufficient funds at another bank in order to take advantage of the float""},{""pos"":""vt."",""zh"":""使上升, 骗钱"",""en"":""n. plaything consisting of a light frame covered with tissue paper; flown in wind at end of a string""}]","{""plural"":""kites"",""presentParticiple"":""kiting"",""past"":""kited"",""thirdPerson"":""kites"",""pastParticiple"":""kited""}","[""cet4"",""cet6""]",9509,B2,HARD,ecdict
compress,compress,kәm'pres,,"[""vt."",""vi.""]","[{""pos"":""vt."",""zh"":""压缩, 压紧"",""en"":""n. a cloth pad or dressing (with or without medication) applied firmly to some part of the body (to relieve discomfort or reduce fever)""},{""pos"":""vi."",""zh"":""受压缩小"",""en"":""v. make more compact by or as if by pressing""},{""pos"":"""",""zh"":""[计] 压缩程序"",""en"":""v. squeeze or press together""}]","{""pastParticiple"":""compressed"",""presentParticiple"":""compressing"",""past"":""compressed"",""thirdPerson"":""compresses"",""plural"":""compresses""}","[""cet4"",""cet6""]",9510,B2,HARD,ecdict
mortal,mortal,'mɒ:tәl,,"[""n."",""a.""]","[{""pos"":""n."",""zh"":""生物, 人类"",""en"":""a. subject to death""},{""pos"":""a."",""zh"":""不免一死的, 人类的, 临终的"",""en"":""s. unrelenting and deadly""}]","{""plural"":""mortals""}","[""cet4"",""cet6""]",9517,B2,HARD,ecdict
ascend,ascend,ә'send,,"[""vi."",""vt.""]","[{""pos"":""vi."",""zh"":""上升, 追溯, 登高"",""en"":""v. travel up, \""We ascended the mountain\""""},{""pos"":""vt."",""zh"":""攀登"",""en"":""v. go back in order of genealogical succession""}]","{""past"":""ascended"",""thirdPerson"":""ascends"",""pastParticiple"":""ascended"",""presentParticiple"":""ascending""}","[""cet6""]",9518,B2,HARD,ecdict
exempt,exempt,ig'zempt,,"[""n."",""a."",""vt.""]","[{""pos"":""n."",""zh"":""免税者, 被免除义务者"",""en"":""v. grant relief or an exemption from a rule or requirement to""},{""pos"":""a."",""zh"":""免除的"",""en"":""a. (of persons) freed from or not subject to an obligation or liability (as e.g. taxes) to which others or other things are subject""},{""pos"":""vt."",""zh"":""使免除, 豁免"",""en"":""""}]","{""pastParticiple"":""exempted"",""presentParticiple"":""exempting"",""thirdPerson"":""exempts"",""past"":""exempted""}","[""cet6""]",9520,B2,HARD,ecdict
ultraviolet,ultraviolet,.ʌltrә'vaiәlit,,"[""a.""]","[{""pos"":""a."",""zh"":""紫外线的"",""en"":""n. radiation lying in the ultraviolet range; wave lengths shorter than light but longer than X rays""},{""pos"":"""",""zh"":""[化] 紫外线的; 紫外线"",""en"":""s. having or employing wavelengths shorter than light but longer than X-rays; lying outside the visible spectrum at its violet end""}]",{},"[""cet6""]",9521,B2,HARD,ecdict
ashore,ashore,ә'ʃɒ:,,"[""adv.""]","[{""pos"":""adv."",""zh"":""向岸, 在岸上"",""en"":""r. towards the shore from the water""}]",{},"[""cet6""]",9526,B2,HARD,ecdict
rectangular,rectangular,rek'tæŋgjulә,,"[""a.""]","[{""pos"":""a."",""zh"":""成直角的"",""en"":""s. having four right angles""},{""pos"":"""",""zh"":""[化] 矩形的"",""en"":""""}]",{},"[""cet6""]",9527,B2,HARD,ecdict
persuasion,persuasion,pә'sweiʒәn,,"[""n.""]","[{""pos"":""n."",""zh"":""说服, 信念, 派别, 说服力"",""en"":""n. the act of persuading (or attempting to persuade); communication intended to induce belief or action""}]","{""plural"":""persuasions""}","[""cet6""]",9532,B2,HARD,ecdict
repeal,repeal,ri'pi:l,,"[""n."",""vt.""]","[{""pos"":""n."",""zh"":""废止, 撤消"",""en"":""n the act of abrogating; an official or legal cancellation""},{""pos"":""vt."",""zh"":""废止, 撤消, 放弃"",""en"":""v cancel officially""}]","{""pastParticiple"":""repealed"",""presentParticiple"":""repealing"",""past"":""repealed"",""thirdPerson"":""repeals"",""plural"":""repeals""}","[""cet6""]",9535,B2,HARD,ecdict
ensue,ensue,en'su:,,"[""vi."",""vt.""]","[{""pos"":""vi."",""zh"":""跟着发生, 继起"",""en"":""v issue or terminate (in a specified way, state, etc.); end""},{""pos"":""vt."",""zh"":""追求"",""en"":""""}]","{""past"":""ensued"",""thirdPerson"":""ensues"",""pastParticiple"":""ensued"",""presentParticiple"":""ensuing""}","[""cet6""]",9538,B2,HARD,ecdict
inference,inference,'infәrәns,,"[""n.""]","[{""pos"":""n."",""zh"":""推论"",""en"":""n. the reasoning involved in drawing a conclusion or making a logical judgment on the basis of circumstantial evidence and prior conclusions rather than on the basis of direct observation""},{""pos"":"""",""zh"":""[法] 推论, 推理, 推断"",""en"":""""}]","{""plural"":""inferences"",""presentParticiple"":""inferencing""}","[""cet6""]",9554,B2,HARD,ecdict
robber,robber,'rɒbә,,"[""n.""]","[{""pos"":""n."",""zh"":""强盗, 盗贼"",""en"":""n. a thief who steals from someone by threatening violence""}]","{""plural"":""robbers""}","[""cet4"",""cet6""]",9557,B2,HARD,ecdict
magnify,magnify,'mægnifai,,"[""vt."",""vi.""]","[{""pos"":""vt."",""zh"":""放大, 扩大, 赞美, 夸大"",""en"":""v. increase in size, volume or significance""},{""pos"":""vi."",""zh"":""有放大能力"",""en"":""""}]","{""pastParticiple"":""magnified"",""thirdPerson"":""magnifies"",""presentParticiple"":""magnifying"",""past"":""magnified""}","[""cet6""]",9568,B2,HARD,ecdict
colonist,colonist,'kɒlәnist,,"[""n.""]","[{""pos"":""n."",""zh"":""殖民地居民, 移民"",""en"":""n a person who settles in a new colony or moves into new country""}]","{""plural"":""colonists""}","[""cet6""]",9569,B2,HARD,ecdict
ascertain,ascertain,.æsә'tein,,"[""vt.""]","[{""pos"":""vt."",""zh"":""确定, 查明"",""en"":""v. learn or discover with certainty""},{""pos"":"""",""zh"":""[法] 查明, 弄清, 确定"",""en"":""""}]","{""pastParticiple"":""ascertained"",""presentParticiple"":""ascertaining"",""past"":""ascertained"",""thirdPerson"":""ascertains""}","[""cet6""]",9571,B2,HARD,ecdict
malpractice,malpractice,mæl'præktis,,"[""n.""]","[{""pos"":""n."",""zh"":""不当治疗, 不端行为, 渎职"",""en"":""n. professional wrongdoing that results in injury or damage""},{""pos"":"""",""zh"":""[医] 疗法失当, 医疗差错"",""en"":""n. a wrongful act that the actor had no right to do; improper professional conduct""}]","{""plural"":""malpractices""}","[""cet6""]",9572,B2,HARD,ecdict
microscopic,microscopic,maikrә'skɔpik,,"[""a.""]","[{""pos"":""a."",""zh"":""显微镜的, 用显微镜可见的, 微观的, (非正式)极微小的, 细微的"",""en"":""a. of or relating to or used in microscopy""},{""pos"":"""",""zh"":""[计] 微观的"",""en"":""s. visible under a microscope; using a microscope""}]",{},"[""cet6""]",9581,B2,HARD,ecdict
plentiful,plentiful,'plentiful,,"[""a.""]","[{""pos"":""a."",""zh"":""许多的, 丰富的, 丰饶的"",""en"":""s. existing in great number or quantity""}]",{},"[""cet4"",""cet6""]",9587,B2,HARD,ecdict
deflect,deflect,di'flekt,,"[""vt."",""vi.""]","[{""pos"":""vt."",""zh"":""转移, 使偏斜"",""en"":""v. turn from a straight course, fixed direction, or line of interest""},{""pos"":""vi."",""zh"":""偏斜"",""en"":""v. turn aside and away from an initial or intended course""}]","{""pastParticiple"":""deflected"",""past"":""deflected"",""presentParticiple"":""deflecting"",""thirdPerson"":""deflects""}","[""cet6""]",9591,B2,HARD,ecdict
luminous,luminous,'lu:minәs,,"[""a.""]","[{""pos"":""a."",""zh"":""发光的, 明亮的"",""en"":""s softly bright or radiant""},{""pos"":"""",""zh"":""[医] 发光的"",""en"":""""}]",{},"[""cet6""]",9593,B2,HARD,ecdict
shear,shear,ʃiә,,"[""n."",""vt."",""vi.""]","[{""pos"":""n."",""zh"":""修剪, 剪下的东西, 大剪刀, 切变, 剪切机, 切"",""en"":""n. (physics) a deformation of an object in which parallel planes remain parallel but are shifted in a direction parallel to themselves""},{""pos"":""vt."",""zh"":""修剪, 割, 剥夺, 横越, 削剪"",""en"":""n. a large edge tool that cuts sheet metal by passing a blade through it""},{""pos"":""vi."",""zh"":""剪, 修剪, 剪羊毛, 切断"",""en"":""v. cut with shears""}]","{""plural"":""shears"",""pastParticiple"":""shorn"",""presentParticiple"":""shearing"",""past"":""sheared"",""thirdPerson"":""shears""}","[""cet4"",""cet6""]",9594,B2,HARD,ecdict
amplify,amplify,'æmplifai,,"[""vt."",""vi.""]","[{""pos"":""vt."",""zh"":""增强, 放大, 扩大, 详述"",""en"":""v. increase the volume of""},{""pos"":""vi."",""zh"":""引伸"",""en"":""""}]","{""pastParticiple"":""amplified"",""past"":""amplified"",""presentParticiple"":""amplifying"",""thirdPerson"":""amplifies""}","[""cet4"",""cet6""]",9595,B2,HARD,ecdict
lofty,lofty,'lɒfti,,"[""a.""]","[{""pos"":""a."",""zh"":""高的, 傲慢的, 崇高的, 高级的, 玄虚的"",""en"":""s of high moral or intellectual value; elevated in nature or style""}]","{""comparative"":""loftier"",""superlative"":""loftiest""}","[""cet6""]",9596,B2,HARD,ecdict
snowy,snowy,'snәui,,"[""a.""]","[{""pos"":""a."",""zh"":""多雪的, 雪的, 被雪所覆盖着的, 下雪的"",""en"":""s marked by the presence of snow""}]","{""plural"":""snowys"",""superlative"":""snowiest""}","[""cet4"",""cet6""]",9600,B2,HARD,ecdict
rot,rot,rɒt,,"[""n."",""vi."",""vt.""]","[{""pos"":""n."",""zh"":""腐烂, 腐蚀, 败坏"",""en"":""n a state of decay usually accompanied by an offensive odor""},{""pos"":""vi."",""zh"":""腐烂, 烂, 堕落, 憔悴"",""en"":""n (biology) the process of decay caused by bacterial or fungal action""},{""pos"":""vt."",""zh"":""使腐烂, 使腐朽, 使堕落"",""en"":""n unacceptable behavior (especially ludicrously false statements)""}]","{""pastParticiple"":""rotted"",""presentParticiple"":""rotting"",""thirdPerson"":""rots"",""past"":""rotted"",""plural"":""rots""}","[""cet4"",""cet6""]",9603,B2,HARD,ecdict
rusty,rusty,'rʌsti,,"[""a.""]","[{""pos"":""a."",""zh"":""生锈的, 腐蚀的, 生疏的, 顽固的, 腐烂的"",""en"":""s. covered with or consisting of rust""},{""pos"":"""",""zh"":""[医] 锈色的"",""en"":""""}]","{""superlative"":""rustiest"",""comparative"":""rustier""}","[""cet4"",""cet6""]",9614,B2,HARD,ecdict
jug,jug,dʒʌg,,"[""n."",""vt."",""vi.""]","[{""pos"":""n."",""zh"":""水壶, 监牢, 模仿夜莺的叫声"",""en"":""n. a large bottle with a narrow mouth""},{""pos"":""vt."",""zh"":""放入壶中, 炖, 关押"",""en"":""n. the quantity contained in a jug""},{""pos"":""vi."",""zh"":""模仿夜莺叫"",""en"":""v. stew in an earthenware jug""}]","{""plural"":""jugs"",""presentParticiple"":""jugging"",""past"":""jugged"",""thirdPerson"":""jugs"",""pastParticiple"":""jugged""}","[""cet6""]",9618,B2,HARD,ecdict
permeate,permeate,'pә:mieit,,"[""vt."",""vi.""]","[{""pos"":""vt."",""zh"":""弥漫, 渗透, 充满, 影响, 感染"",""en"":""v. spread or diffuse through""},{""pos"":""vi."",""zh"":""透入, 散布"",""en"":""""}]","{""thirdPerson"":""permeates"",""past"":""permeated"",""pastParticiple"":""permeated"",""presentParticiple"":""permeating"",""plural"":""permeates""}","[""cet6""]",9622,B2,HARD,ecdict
maritime,maritime,'mæritaim,,"[""a.""]","[{""pos"":""a."",""zh"":""海的, 海上的, 海事的, 沿海的, 海员的"",""en"":""s. bordering on or living or characteristic of those near the sea""},{""pos"":"""",""zh"":""[经] 海事的, 海上的, 海员的"",""en"":""""}]","{""plural"":""maritimes""}","[""cet6""]",9625,B2,HARD,ecdict
grunt,grunt,grʌnt,,"[""vi."",""vt."",""n.""]","[{""pos"":""vi."",""zh"":""作呼噜声"",""en"":""n. the short low gruff noise of the kind made by hogs""},{""pos"":""vt."",""zh"":""咕哝"",""en"":""n. an unskilled or low-ranking soldier or other worker""},{""pos"":""n."",""zh"":""呼噜声, 咕哝"",""en"":""n. medium-sized tropical marine food fishes that utter grunting sounds when caught""}]","{""past"":""grunted"",""plural"":""grunts"",""presentParticiple"":""grunting"",""thirdPerson"":""grunts"",""pastParticiple"":""grunted""}","[""cet6""]",9626,B2,HARD,ecdict
acquaint,acquaint,ә'kweint,,"[""vt.""]","[{""pos"":""vt."",""zh"":""使认识, 介绍"",""en"":""v. inform""}]","{""pastParticiple"":""acquainted"",""presentParticiple"":""acquainting"",""past"":""acquainted"",""thirdPerson"":""acquaints""}","[""cet6""]",9630,B2,HARD,ecdict
afflict,afflict,ә'flikt,,"[""vt.""]","[{""pos"":""vt."",""zh"":""使苦恼, 折磨"",""en"":""v. cause great unhappiness for; distress""}]","{""pastParticiple"":""afflicted"",""thirdPerson"":""afflicts"",""presentParticiple"":""afflicting"",""past"":""afflicted""}","[""cet6""]",9633,B2,HARD,ecdict
tan,tan,tæn,,"[""n."",""a."",""vi."",""vt.""]","[{""pos"":""n."",""zh"":""黄褐色, 鞣料, 马戏团"",""en"":""n. a browning of the skin resulting from exposure to the rays of the sun""},{""pos"":""a."",""zh"":""黄褐色的, 鞣皮的"",""en"":""n. a light brown the color of topaz""},{""pos"":""vi."",""zh"":""晒成棕褐色"",""en"":""v. treat skins and hides with tannic acid so as to convert them into leather""},{""pos"":""vt."",""zh"":""把...晒黑, 鞣(革), 狠狠鞭打"",""en"":""v. get a tan, from wind or sun""}]","{""plural"":""tans"",""past"":""tanned"",""pastParticiple"":""tanned"",""presentParticiple"":""tanning"",""thirdPerson"":""tans""}","[""cet4"",""cet6""]",9634,B2,HARD,ecdict
browse,browse,brauz,,"[""v."",""n.""]","[{""pos"":""v."",""zh"":""浏览, 吃草"",""en"":""n. vegetation (such as young shoots, twigs, and leaves) that is suitable for animals to eat""},{""pos"":""n."",""zh"":""浏览, 吃草"",""en"":""n. reading superficially or at random""},{""pos"":"""",""zh"":""[计] 浏览"",""en"":""n. the act of feeding by continual nibbling""}]","{""presentParticiple"":""browsing"",""past"":""browsed"",""pastParticiple"":""browsed"",""thirdPerson"":""browses""}","[""cet6""]",9636,B2,HARD,ecdict
slum,slum,slʌm,,"[""n."",""vi.""]","[{""pos"":""n."",""zh"":""贫民窟"",""en"":""n. a district of a city marked by poverty and inferior living conditions""},{""pos"":""vi."",""zh"":""访问贫民区"",""en"":""v. spend time at a lower socio-economic level than one's own, motivated by curiosity or desire for adventure; usage considered condescending and insensitive""}]","{""plural"":""slums"",""presentParticiple"":""slumming"",""past"":""slummed"",""thirdPerson"":""slums"",""pastParticiple"":""slummed""}","[""cet4"",""cet6""]",9642,B2,HARD,ecdict
inefficient,inefficient,.ini'fiʃәnt,,"[""a.""]","[{""pos"":""a."",""zh"":""无效率的, 无能的"",""en"":""a. not producing desired results; wasteful""},{""pos"":"""",""zh"":""[医] 无效的, 无效力的"",""en"":""""}]",{},"[""cet4"",""cet6""]",9644,B2,HARD,ecdict
traverse,traverse,'trævә:s,,"[""n."",""vt."",""vi."",""a.""]","[{""pos"":""n."",""zh"":""越过, 横贯, 横断物, 屏障, 否认, 反驳"",""en"":""v. travel across or pass over""},{""pos"":""vt."",""zh"":""横过, 穿过, 经过, 详细研究, 反对, 在...来回移动"",""en"":""v. deny formally (an allegation of fact by the opposing party) in a legal suit""},{""pos"":""vi."",""zh"":""横越, 横断, 旋转, 来回移动"",""en"":""""},{""pos"":""a."",""zh"":""横亘的, 横贯的"",""en"":""""}]","{""pastParticiple"":""traversed"",""presentParticiple"":""traversing"",""past"":""traversed"",""thirdPerson"":""traverses"",""plural"":""traverses""}","[""cet6""]",9649,B2,HARD,ecdict
thermometer,thermometer,θә'mɒmitә,,"[""n.""]","[{""pos"":""n."",""zh"":""温度计, 体温计"",""en"":""n. measuring instrument for measuring temperature""},{""pos"":"""",""zh"":""[化] 温度计"",""en"":""""}]","{""plural"":""thermometers""}","[""cet4"",""cet6""]",9651,B2,HARD,ecdict
vigor,vigor,'vigә,,"[""n.""]","[{""pos"":""n."",""zh"":""精力, 活力"",""en"":""n. active strength of body or mind""}]",{},"[""cet6""]",9655,B2,HARD,ecdict
vibrate,vibrate,'vaibreit,,"[""vi."",""vt.""]","[{""pos"":""vi."",""zh"":""振动, 颤动, 激动, 摇摆, 踌躇"",""en"":""v. shake, quiver, or throb; move back and forth rapidly, usually in an uncontrolled manner""},{""pos"":""vt."",""zh"":""使颤动, 使振动, 使摆动"",""en"":""""}]","{""presentParticiple"":""vibrating"",""past"":""vibrated"",""thirdPerson"":""vibrates"",""pastParticiple"":""vibrated""}","[""cet4"",""cet6""]",9666,B2,HARD,ecdict
finite,finite,'fainait,,"[""a."",""n.""]","[{""pos"":""a."",""zh"":""有限的, 有穷的, 限定的"",""en"":""a. bounded or limited in magnitude or spatial or temporal extent""},{""pos"":""n."",""zh"":""有限物"",""en"":""a. of verbs; relating to forms of the verb that are limited in time by a tense and (usually) show agreement with number and person""}]","{""plural"":""finites""}","[""cet6""]",9670,B2,HARD,ecdict
impart,impart,im'pɑ:t,,"[""vt.""]","[{""pos"":""vt."",""zh"":""给予, 传授, 告知"",""en"":""v. transmit (knowledge or skills)""}]","{""past"":""imparted"",""thirdPerson"":""imparts"",""presentParticiple"":""imparting"",""pastParticiple"":""imparted""}","[""cet6""]",9673,B2,HARD,ecdict
parachute,parachute,'pærәʃu:t,,"[""n."",""vi.""]","[{""pos"":""n."",""zh"":""降落伞"",""en"":""n. rescue equipment consisting of a device that fills with air and retards your fall""},{""pos"":""vi."",""zh"":""跳伞"",""en"":""""}]","{""plural"":""parachutes"",""presentParticiple"":""parachuting"",""past"":""parachuted"",""pastParticiple"":""parachuted"",""thirdPerson"":""parachutes""}","[""cet6""]",9674,B2,HARD,ecdict
amuse,amuse,ә'mju:z,,"[""vt.""]","[{""pos"":""vt."",""zh"":""消遣, 娱乐, 使发笑"",""en"":""v. occupy in an agreeable, entertaining or pleasant fashion""}]","{""past"":""amused"",""pastParticiple"":""amused"",""presentParticiple"":""amusing"",""thirdPerson"":""amuses"",""plural"":""amuses""}","[""cet4"",""cet6""]",9683,B2,HARD,ecdict
underline,underline,'ʌndәlain,,"[""vt."",""n.""]","[{""pos"":""vt."",""zh"":""在...下面划线, 作...的衬里, 强调"",""en"":""v. draw a line or lines underneath to call attention to""},{""pos"":""n."",""zh"":""下划线, 图下说明文字"",""en"":""""},{""pos"":"""",""zh"":""[计] 加下划线; 下划线"",""en"":""""}]","{""pastParticiple"":""underlined"",""thirdPerson"":""underlines"",""past"":""underlined"",""presentParticiple"":""underlining""}","[""cet4"",""cet6""]",9691,B2,HARD,ecdict
sly,sly,slai,,"[""a.""]","[{""pos"":""a."",""zh"":""狡猾的, 诡密的, 俏皮的, 偷偷摸摸的"",""en"":""s marked by skill in deception""}]",{},"[""cet4"",""cet6""]",9698,B2,HARD,ecdict
relegate,relegate,'religeit,,"[""vt.""]","[{""pos"":""vt."",""zh"":""驱逐, 使降低地位, 把...归类, 把...委托给"",""en"":""v. refer to another person for decision or judgment""},{""pos"":"""",""zh"":""[法] 流放, 判流放刑, 驱逐"",""en"":""v. assign to a class or kind""}]","{""pastParticiple"":""relegated"",""past"":""relegated"",""presentParticiple"":""relegating"",""thirdPerson"":""relegates""}","[""cet6""]",9699,B2,HARD,ecdict
quantify,quantify,'kwɒntifai,,"[""vt.""]","[{""pos"":""vt."",""zh"":""定量, 用数量表示, 测量"",""en"":""v. use as a quantifier""}]","{""pastParticiple"":""quantified"",""presentParticiple"":""quantifying"",""thirdPerson"":""quantifies"",""past"":""quantified""}","[""cet6""]",9701,B2,HARD,ecdict
shadowy,shadowy,'ʃædәui,,"[""a.""]","[{""pos"":""a."",""zh"":""有影的, 暗黑的, 朦胧的, 虚幻的"",""en"":""s. lacking in substance""}]","{""comparative"":""shadowier""}","[""cet6""]",9710,B2,HARD,ecdict
partition,partition,pɑ:'tiʃәn,,"[""n."",""vt.""]","[{""pos"":""n."",""zh"":""分割, 隔离物, 隔墙, 财产分割"",""en"":""n. a vertical structure that divides or separates (as a wall divides one room from another)""},{""pos"":""vt."",""zh"":""区分, 瓜分, 隔开, 分割"",""en"":""n. (computer science) the part of a hard disk that is dedicated to a particular operating system or application and accessed as a single unit""},{""pos"":"""",""zh"":""[计] 分区; 划分"",""en"":""n. (anatomy) a structure that separates areas in an organism""}]","{""pastParticiple"":""partitioned"",""plural"":""partitions"",""presentParticiple"":""partitioning"",""thirdPerson"":""partitions"",""past"":""partitioned""}","[""cet6""]",9717,B2,HARD,ecdict
radiant,radiant,'reidiәnt,,"[""a.""]","[{""pos"":""a."",""zh"":""发光的, 明亮的, 辐射的, 容光焕发的"",""en"":""s radiating or as if radiating light""},{""pos"":"""",""zh"":""[医] 放射的, 辐射的, 辐射物[质]"",""en"":""""}]",{},"[""cet6""]",9731,B2,HARD,ecdict
backbone,backbone,'bækbәun,,"[""n.""]","[{""pos"":""n."",""zh"":""脊椎, 志气, 骨干, 支柱"",""en"":""n. fortitude and determination""},{""pos"":"""",""zh"":""[计] 主干网, 主干网点"",""en"":""n. the part of a network that connects other networks together""}]","{""plural"":""backbones""}","[""cet6""]",9733,B2,HARD,ecdict
stitch,stitch,stitʃ,,"[""n."",""v.""]","[{""pos"":""n."",""zh"":""一针, 疼痛, 针法, 碎布条, 针脚"",""en"":""n. a link or loop or knot made by an implement in knitting, crocheting, embroidery, or sewing""},{""pos"":""v."",""zh"":""缝, 缝合, 装订"",""en"":""n. a sharp spasm of pain in the side resulting from running""}]","{""plural"":""stitches"",""pastParticiple"":""stitched"",""presentParticiple"":""stitching"",""past"":""stitched"",""thirdPerson"":""stitches""}","[""cet4"",""cet6""]",9743,B2,HARD,ecdict
denote,denote,di'nәut,,"[""vt.""]","[{""pos"":""vt."",""zh"":""指示, 表示"",""en"":""v. be a sign or indication of""}]","{""thirdPerson"":""denotes"",""pastParticiple"":""denoted"",""presentParticiple"":""denoting"",""past"":""denoted""}","[""cet6""]",9748,B2,HARD,ecdict
stiffen,stiffen,'stifn,,"[""vt."",""vi.""]","[{""pos"":""vt."",""zh"":""使变硬, 使僵硬, 使顽强, 使严厉"",""en"":""v. become stiff or stiffer""},{""pos"":""vi."",""zh"":""变粘, 变硬, 变强烈"",""en"":""v. make stiff or stiffer""}]","{""past"":""stiffened"",""pastParticiple"":""stiffened"",""presentParticiple"":""stiffening"",""thirdPerson"":""stiffens""}","[""cet4"",""cet6""]",9758,B2,HARD,ecdict
voltage,voltage,'vәultidʒ,,"[""n.""]","[{""pos"":""n."",""zh"":""电压, 伏特数"",""en"":""n. the rate at which energy is drawn from a source that produces a flow of electricity in a circuit; expressed in volts""},{""pos"":"""",""zh"":""[化] 电压"",""en"":""""}]","{""plural"":""voltages""}","[""cet4"",""cet6""]",9759,B2,HARD,ecdict
grieve,grieve,gri:v,,"[""vt."",""vi.""]","[{""pos"":""vt."",""zh"":""使悲伤"",""en"":""v. feel grief""},{""pos"":""vi."",""zh"":""悲痛, 伤心"",""en"":""v. cause to feel sorrow""}]","{""thirdPerson"":""grieves"",""past"":""grieved"",""presentParticiple"":""grieving"",""pastParticiple"":""grieved""}","[""cet4"",""cet6""]",9760,B2,HARD,ecdict
heading,heading,'hediŋ,,"[""n.""]","[{""pos"":""n."",""zh"":""标题, 起始字, 方向"",""en"":""n. a line of text serving to indicate what the passage below it is about""},{""pos"":"""",""zh"":""[计] 上标题"",""en"":""""}]","{""lemmaOf"":""head"",""lemma"":""i"",""plural"":""headings"",""presentParticiple"":""heading""}","[""cet4"",""cet6""]",9765,B2,HARD,ecdict
harness,harness,'hɑ:nis,,"[""n."",""vt.""]","[{""pos"":""n."",""zh"":""马具, 挽具状带子, 甲胄"",""en"":""n. a support consisting of an arrangement of straps for holding something to the body (especially one supporting a person suspended from a parachute)""},{""pos"":""vt."",""zh"":""给...上挽具, 驾驭, 披上甲胄, 利用...以产生动力"",""en"":""n. stable gear consisting of an arrangement of leather straps fitted to a draft animal so that it can be attached to and pull a cart""}]","{""pastParticiple"":""harnessed"",""presentParticiple"":""harnessing"",""plural"":""harnesses"",""thirdPerson"":""harnesses"",""past"":""harnessed""}","[""cet4"",""cet6""]",9768,B2,HARD,ecdict
dissipate,dissipate,'disipeit,,"[""vt."",""vi.""]","[{""pos"":""vt."",""zh"":""散失, 驱散, 浪费"",""en"":""v. live a life of pleasure, especially with respect to alcoholic consumption""},{""pos"":""vi."",""zh"":""消散, 放荡"",""en"":""""}]","{""pastParticiple"":""dissipated"",""past"":""dissipated"",""thirdPerson"":""dissipates"",""presentParticiple"":""dissipating""}","[""cet6""]",9775,B2,HARD,ecdict
subordinate,subordinate,sә'bɒ:dnit,,"[""n."",""a."",""vt.""]","[{""pos"":""n."",""zh"":""属下, 附属物"",""en"":""n. an assistant subject to the authority or control of another""},{""pos"":""a."",""zh"":""下级的, 次要的, 附属的"",""en"":""v. rank or order as less important or consider of less value""},{""pos"":""vt."",""zh"":""使居下位, 使服从"",""en"":""v. make subordinate, dependent, or subservient""}]","{""plural"":""subordinates"",""pastParticiple"":""subordinated"",""past"":""subordinated"",""presentParticiple"":""subordinating"",""thirdPerson"":""subordinates""}","[""cet6""]",9779,B2,HARD,ecdict
oxide,oxide,'ɒksaid,,"[""n.""]","[{""pos"":""n."",""zh"":""氧化物"",""en"":""n. any compound of oxygen with another element or a radical""},{""pos"":"""",""zh"":""[医] 氧化物"",""en"":""""}]","{""plural"":""oxides""}","[""cet6""]",9787,B2,HARD,ecdict
pessimistic,pessimistic,.pesi'mistik,,"[""a.""]","[{""pos"":""a."",""zh"":""悲观的, 厌世的, 悲观主义的"",""en"":""a. expecting the worst possible outcome""}]",{},"[""cet4"",""cet6""]",9792,B2,HARD,ecdict
obscene,obscene,ɒb'si:n,,"[""a.""]","[{""pos"":""a."",""zh"":""淫秽的, 猥亵的, 讨人厌的, 可憎的"",""en"":""s. designed to incite to indecency or lust""},{""pos"":"""",""zh"":""[法] 猥亵的, 海洋的, 污秽的"",""en"":""""}]",{},"[""cet6""]",9798,B2,HARD,ecdict
scarcity,scarcity,'skɑ:siti,,"[""n.""]","[{""pos"":""n."",""zh"":""缺乏, 不足, 缺少"",""en"":""n. a small and inadequate amount""},{""pos"":"""",""zh"":""[经] 缺乏, 不足"",""en"":""""}]","{""plural"":""scarcities""}","[""cet6""]",9799,B2,HARD,ecdict
combustion,combustion,kәm'bʌstʃәn,,"[""n.""]","[{""pos"":""n."",""zh"":""燃烧, 骚动"",""en"":""n. a process in which a substance reacts with oxygen to give heat and light""},{""pos"":"""",""zh"":""[化] 燃烧"",""en"":""n. a state of violent disturbance and excitement""}]","{""plural"":""combustions""}","[""cet6""]",9802,B2,HARD,ecdict
turbulent,turbulent,'tә:bjulәnt,,"[""a.""]","[{""pos"":""a."",""zh"":""狂暴的, 骚乱的, 紊乱的"",""en"":""s characterized by unrest or disorder or insubordination""}]",{},"[""cet4"",""cet6""]",9806,B2,HARD,ecdict
luncheon,luncheon,'lʌntʃәn,,"[""n.""]","[{""pos"":""n."",""zh"":""午宴, 午餐会"",""en"":""n a midday meal""}]","{""plural"":""luncheons""}","[""cet6""]",9818,B2,HARD,ecdict
aggravate,aggravate,'ægrәveit,,"[""vt.""]","[{""pos"":""vt."",""zh"":""使恶化, 使更严重, 加重"",""en"":""v make worse""}]","{""pastParticiple"":""aggravated"",""past"":""aggravated"",""presentParticiple"":""aggravating"",""thirdPerson"":""aggravates""}","[""cet6""]",9820,B2,HARD,ecdict
insanity,insanity,in'sæniti,,"[""n.""]","[{""pos"":""n."",""zh"":""疯狂, 愚顽, 精神错乱"",""en"":""n. relatively permanent disorder of the mind""},{""pos"":"""",""zh"":""[医] 精神病"",""en"":""""}]","{""plural"":""insanities""}","[""cet6""]",9821,B2,HARD,ecdict
flux,flux,flʌks,,"[""n."",""vi."",""vt.""]","[{""pos"":""n."",""zh"":""流出, 涨潮, 变迁"",""en"":""n. the rate of flow of energy or particles across a given surface""},{""pos"":""vi."",""zh"":""熔化, 流出"",""en"":""n. a flow or discharge""},{""pos"":""vt."",""zh"":""使熔融"",""en"":""n. a substance added to molten metals to bond with impurities that can then be readily removed""},{""pos"":"""",""zh"":""[计] 助焊剂"",""en"":""n. excessive discharge of liquid from a cavity or organ (as in watery diarrhea)""}]","{""plural"":""fluxes"",""presentParticiple"":""fluxing"",""past"":""fluxed"",""thirdPerson"":""fluxes"",""pastParticiple"":""fluxed""}","[""cet6""]",9830,B2,HARD,ecdict
gloomy,gloomy,'glu:mi,,"[""a.""]","[{""pos"":""a."",""zh"":""抑沉的, 忧闷的, 黑暗的, 悲观的"",""en"":""s. filled with melancholy and despondency""}]","{""comparative"":""gloomier"",""superlative"":""gloomiest"",""plural"":""gloomies""}","[""cet4"",""cet6""]",9832,B2,HARD,ecdict
troublesome,troublesome,'trʌblsәm,,"[""a.""]","[{""pos"":""a."",""zh"":""麻烦的, 令人讨厌的"",""en"":""s. difficult to deal with""}]",{},"[""cet4"",""cet6""]",9839,B2,HARD,ecdict
wreath,wreath,ri:θ,,"[""n.""]","[{""pos"":""n."",""zh"":""花圈, 花环, 圈状物"",""en"":""n. flower arrangement consisting of a circular band of foliage or flowers for ornamental purposes""},{""pos"":"""",""zh"":""[医] 花冠, 花冠体(细胞核分裂的一时期)"",""en"":""""}]","{""plural"":""wreaths""}","[""cet4"",""cet6""]",9842,B2,HARD,ecdict
managerial,managerial,.mænә'dʒiәriәl,,"[""a.""]","[{""pos"":""a."",""zh"":""管理的"",""en"":""a. of or relating to the function or responsibility or activity of management""},{""pos"":"""",""zh"":""[经] 管理上的, 经营上的"",""en"":""""}]",{},"[""cet6""]",9846,B2,HARD,ecdict
discrete,discrete,dis'kri:t,,"[""a.""]","[{""pos"":""a."",""zh"":""不连续的, 离散的"",""en"":""s. constituting a separate entity or part""},{""pos"":"""",""zh"":""[计] 离散的"",""en"":""""}]","{""plural"":""discretes""}","[""cet6""]",9847,B2,HARD,ecdict
enclosure,enclosure,in'klәuʒә,,"[""n.""]","[{""pos"":""n."",""zh"":""附件, 围墙, 围绕"",""en"":""n. a structure consisting of an area that has been enclosed for some purpose""},{""pos"":"""",""zh"":""[化] 机壳; 外壳"",""en"":""n. the act of enclosing something inside something else""}]","{""plural"":""enclosures""}","[""cet6""]",9856,B2,HARD,ecdict
indicative,indicative,in'dikәtiv,,"[""a.""]","[{""pos"":""a."",""zh"":""指示的, 象征的, 表示...的"",""en"":""a. relating to the mood of verbs that is used simple in declarative statements""},{""pos"":"""",""zh"":""[经] 指标的"",""en"":""s. (usually followed by `of') pointing out or revealing clearly""}]",{},"[""cet6""]",9866,B2,HARD,ecdict
tidy,tidy,'taidi,,"[""n."",""a."",""vt."",""vi.""]","[{""pos"":""n."",""zh"":""椅子的背罩, 装杂物的容器"",""en"":""n. receptacle that holds odds and ends (as sewing materials)""},{""pos"":""a."",""zh"":""整齐的, 有条理的"",""en"":""v. put (things or places) in order""},{""pos"":""vt."",""zh"":""弄整齐, 收拾, 整理"",""en"":""a. marked by order and cleanliness in appearance or habits""},{""pos"":""vi."",""zh"":""整理, 收拾"",""en"":""""}]","{""presentParticiple"":""tidying"",""past"":""tidied"",""pastParticiple"":""tidied"",""comparative"":""tidier"",""thirdPerson"":""tidies"",""superlative"":""tidiest"",""plural"":""tidies""}","[""cet4"",""cet6""]",9867,B2,HARD,ecdict
typewriter,typewriter,'taip.raitә,,"[""n.""]","[{""pos"":""n."",""zh"":""打字机"",""en"":""n. hand-operated character printer for printing written messages one character at a time""}]","{""plural"":""typewriters""}","[""cet4"",""cet6""]",9870,B2,HARD,ecdict
humorous,humorous,'hju:mәrәs,,"[""a.""]","[{""pos"":""a."",""zh"":""富幽默感的, 滑稽的, 诙谐的"",""en"":""a. full of or characterized by humor""}]",{},"[""cet4"",""cet6""]",9877,B2,HARD,ecdict
utilization,utilization,.ju:tilai'zeiʃәn,,"[""n.""]","[{""pos"":""n."",""zh"":""利用"",""en"":""n. the state of having been made use of""},{""pos"":"""",""zh"":""[医] 利用"",""en"":""""}]",{},"[""cet6""]",9879,B2,HARD,ecdict
beware,beware,bi'wєә,,"[""v.""]","[{""pos"":""v."",""zh"":""小心, 谨防"",""en"":""v. be on one's guard; be cautious or wary about; be alert to""}]","{""presentParticiple"":""bewaring"",""past"":""bewared"",""thirdPerson"":""bewares"",""pastParticiple"":""bewared""}","[""cet6""]",9885,B2,HARD,ecdict
melon,melon,'melәn,,"[""n.""]","[{""pos"":""n."",""zh"":""瓜, 甜瓜, 红利, 赃物"",""en"":""n. any of numerous fruits of the gourd family having a hard rind and sweet juicy flesh""},{""pos"":"""",""zh"":""[化] 三聚二氰亚胺"",""en"":""n. any of various fruit of cucurbitaceous vines including: muskmelons; watermelons; cantaloupes; cucumbers""}]","{""plural"":""melons""}","[""cet4"",""cet6""]",9886,B2,HARD,ecdict
wrath,wrath,rɒ:θ,,"[""n.""]","[{""pos"":""n."",""zh"":""愤怒, 激怒, 愤怒的举动, (自然现象等)严酷"",""en"":""n. intense anger (usually on an epic scale)""}]","{""plural"":""wraths""}","[""cet6""]",9893,B2,HARD,ecdict
pertinent,pertinent,'pә:tinәnt,,"[""a.""]","[{""pos"":""a."",""zh"":""相关的, 中肯的, 切题的"",""en"":""s. having precise or logical relevance to the matter at hand""},{""pos"":"""",""zh"":""[法] 恰当的, 有关的"",""en"":""""}]",{},"[""cet6""]",9895,B2,HARD,ecdict
endow,endow,in'dau,,"[""vt.""]","[{""pos"":""vt."",""zh"":""捐赠, 捐助, 赋予"",""en"":""v. give qualities or abilities to""},{""pos"":"""",""zh"":""[法] 赠送财产给, 分给寡妇一份遗产, 授与"",""en"":""v. furnish with an endowment""}]","{""pastParticiple"":""endowed"",""past"":""endowed"",""presentParticiple"":""endowing"",""thirdPerson"":""endows""}","[""cet6""]",9907,B2,HARD,ecdict
vice,vice,vais,,"[""n."",""vt."",""prep.""]","[{""pos"":""n."",""zh"":""恶习, 恶行, 罪恶, 堕落, 缺陷, 恶癖, 老虎钳"",""en"":""n. a specific form of evildoing""},{""pos"":""vt."",""zh"":""钳住"",""en"":""""},{""pos"":""prep."",""zh"":""代替"",""en"":""""}]","{""plural"":""vices""}","[""cet4"",""cet6""]",9910,B2,HARD,ecdict
racket,racket,'rækit,,"[""n."",""vi."",""vt.""]","[{""pos"":""n."",""zh"":""球拍, 喧闹, 杂乱无章"",""en"":""n. a loud and disturbing noise""},{""pos"":""vi."",""zh"":""喧闹"",""en"":""n. an illegal enterprise (such as extortion or fraud or drug peddling or prostitution) carried on for profit""},{""pos"":""vt."",""zh"":""用球拍打"",""en"":""n. a sports implement (usually consisting of a handle and an oval frame with a tightly interlaced network of strings) used to strike a ball (or shuttlecock) in various games""}]","{""plural"":""rackets""}","[""cet4"",""cet6""]",9912,B2,HARD,ecdict
vocation,vocation,vәu'keiʃәn,,"[""n.""]","[{""pos"":""n."",""zh"":""职业, 天命, 天职, 才能, 行业"",""en"":""n the particular occupation for which you are trained""},{""pos"":"""",""zh"":""[法] 行业, 职业, 职业上的才能"",""en"":""n a body of people doing the same kind of work""}]","{""plural"":""vocations""}","[""cet6""]",9913,B2,HARD,ecdict
logistics,logistics,lәu'dʒistiks,,"[""n.""]","[{""pos"":""n."",""zh"":""后勤学, 后勤"",""en"":""n. handling an operation that involves providing labor and materials be supplied as needed""},{""pos"":"""",""zh"":""[医] 后勤学"",""en"":""""}]",{},"[""cet6""]",9920,B2,HARD,ecdict
witty,witty,'witi,,"[""a.""]","[{""pos"":""a."",""zh"":""富于机智的, 诙谐的"",""en"":""s. combining clever conception and facetious expression""}]","{""superlative"":""wittiest"",""comparative"":""wittier""}","[""cet6""]",9923,B2,HARD,ecdict
stale,stale,steil,,"[""n."",""a."",""vt."",""vi.""]","[{""pos"":""n."",""zh"":""尿"",""en"":""v. urinate, of cattle and horses""},{""pos"":""a."",""zh"":""不新鲜的, 陈腐的, 疲惫的, 陈旧的"",""en"":""a. lacking freshness, palatability, or showing deterioration from age""},{""pos"":""vt."",""zh"":""使变旧, 走味"",""en"":""""},{""pos"":""vi."",""zh"":""变陈旧, 走味, 失时效, 撒尿"",""en"":""""}]","{""comparative"":""staler"",""past"":""staled"",""plural"":""stales"",""presentParticiple"":""staling"",""superlative"":""stalest"",""thirdPerson"":""stales"",""pastParticiple"":""staled""}","[""cet4"",""cet6""]",9924,B2,HARD,ecdict
obedience,obedience,ә'bi:djәns,,"[""n.""]","[{""pos"":""n."",""zh"":""服从, 顺从, 忠实"",""en"":""n. the act of obeying; dutiful or submissive behavior with respect to another person""},{""pos"":"""",""zh"":""[法] 服从, 顺从, 遵从"",""en"":""n. the trait of being willing to obey""}]","{""plural"":""obediences""}","[""cet6""]",9926,B2,HARD,ecdict
fret,fret,fret,,"[""n."",""vi."",""vt.""]","[{""pos"":""n."",""zh"":""烦躁, 磨损, 焦急, 网状饰物"",""en"":""n. agitation resulting from active worry""},{""pos"":""vi."",""zh"":""烦恼, 不满, 磨损"",""en"":""n. an ornamental pattern consisting of repeated vertical and horizontal lines (often in relief)""},{""pos"":""vt."",""zh"":""使烦恼, 腐蚀, 使磨损, 使起波纹"",""en"":""n. a small bar of metal across the fingerboard of a musical instrument; when the string is stopped by a finger at the metal bar it will produce a note of the desired pitch""}]","{""plural"":""frets"",""past"":""fretted"",""presentParticiple"":""fretting"",""thirdPerson"":""frets"",""pastParticiple"":""fretted""}","[""cet6""]",9929,B2,HARD,ecdict
flatter,flatter,'flætә,,"[""vt.""]","[{""pos"":""vt."",""zh"":""奉承, 阿谀, 使高兴"",""en"":""v. praise somewhat dishonestly""},{""pos"":"""",""zh"":""[机] 平面锤"",""en"":""""}]","{""lemmaOf"":""flat"",""lemma"":""r"",""pastParticiple"":""flattered"",""presentParticiple"":""flattering"",""past"":""flattered"",""thirdPerson"":""flatters""}","[""cet6""]",9933,B2,HARD,ecdict
errand,errand,'erәnd,,"[""n.""]","[{""pos"":""n."",""zh"":""任务, 差使, 使命"",""en"":""n. a short trip that is taken in the performance of a necessary task or mission""}]","{""plural"":""errands""}","[""cet6""]",9937,B2,HARD,ecdict
barge,barge,bɑ:dʒ,,"[""n."",""vt."",""vi.""]","[{""pos"":""n."",""zh"":""驳船"",""en"":""n. a flatbottom boat for carrying heavy loads (especially on canals)""},{""pos"":""vt."",""zh"":""用船运输"",""en"":""v. push one's way""},{""pos"":""vi."",""zh"":""蹒跚, 闯入"",""en"":""v. transport by barge on a body of water""}]","{""plural"":""barges"",""past"":""barged"",""presentParticiple"":""barging"",""pastParticiple"":""barged"",""thirdPerson"":""barges""}","[""cet6""]",9954,B2,HARD,ecdict
traitor,traitor,'treitә,,"[""n.""]","[{""pos"":""n."",""zh"":""叛逆者, 叛国者"",""en"":""n. someone who betrays his country by committing treason""},{""pos"":"""",""zh"":""[法] 叛徒, 叛逆, 背信者"",""en"":""""}]","{""plural"":""traitors""}","[""cet4"",""cet6""]",9963,B2,HARD,ecdict
unconventional,unconventional,.ʌnkәn'venʃәnl,,"[""a.""]","[{""pos"":""a."",""zh"":""不依惯例的, 非传统的, 非常规的"",""en"":""a. not conforming to accepted rules or standards""}]",{},"[""cet6""]",9964,B2,HARD,ecdict
lame,lame,leim,,"[""a."",""vi."",""vt.""]","[{""pos"":""a."",""zh"":""跛足的, 僵痛的, 不完全的, 金属薄板, 不知内情的人"",""en"":""n. a fabric interwoven with threads of metal""},{""pos"":""vi."",""zh"":""变跛"",""en"":""""},{""pos"":""vt."",""zh"":""使成残废, 使无用"",""en"":""""}]","{""thirdPerson"":""lames"",""pastParticiple"":""lamed"",""past"":""lamed"",""presentParticiple"":""laming"",""superlative"":""lamest"",""comparative"":""lamer""}","[""cet4"",""cet6""]",9982,B2,HARD,ecdict
faulty,faulty,'fɒ:lti,,"[""a.""]","[{""pos"":""a."",""zh"":""有过失的, 有缺点的, 不完美的, 应受责备的"",""en"":""s. characterized by errors; not agreeing with a model or not following established rules; the wrong side of the road\""""},{""pos"":"""",""zh"":""[经] 缺点多的"",""en"":""""}]",{},"[""cet4"",""cet6""]",9993,B2,HARD,ecdict
paralysis,paralysis,pә'rælisis,,"[""n.""]","[{""pos"":""n."",""zh"":""麻痹, 停顿, 瘫痪"",""en"":""n. loss of the ability to move a body part""},{""pos"":"""",""zh"":""[医] 麻痹, 瘫痪"",""en"":""""}]","{""plural"":""paralyses""}","[""cet6""]",9996,B2,HARD,ecdict
tempo,tempo,'tempәu,,"[""n.""]","[{""pos"":""n."",""zh"":""速度, 节奏, 进行速度, (棋的)一着"",""en"":""n. (music) the speed at which a composition is to be played""}]","{""plural"":""tempos""}","[""cet6""]",9998,B2,HARD,ecdict
yeast,yeast,ji:st,,"[""n.""]","[{""pos"":""n."",""zh"":""酵母"",""en"":""n. a commercial leavening agent containing yeast cells; used to raise the dough in making bread and for fermenting beer or whiskey""},{""pos"":"""",""zh"":""[化] 酵母"",""en"":""n. any of various single-celled fungi that reproduce asexually by budding or division""}]","{""plural"":""yeasts""}","[""cet6""]",10001,B2,HARD,ecdict
savage,savage,'sævidʒ,,"[""a."",""vt."",""n.""]","[{""pos"":""a."",""zh"":""未开化的, 野蛮的, 无礼的, 残酷的, 原始的, 粗鲁的, 未开发的"",""en"":""n. a member of an uncivilized people""},{""pos"":""vt."",""zh"":""用暴力对付, 凶猛攻击"",""en"":""v. attack brutally and fiercely""},{""pos"":""n."",""zh"":""原始人, 粗鲁人"",""en"":""v. criticize harshly or violently""}]","{""plural"":""savages"",""pastParticiple"":""savaged"",""past"":""savaged"",""presentParticiple"":""savaging"",""thirdPerson"":""savages""}","[""cet6""]",10011,B2,HARD,ecdict
tack,tack,tæk,,"[""n."",""vt.""]","[{""pos"":""n."",""zh"":""平头钉, 大头钉, 粗缝针脚, 行动方针, 食物"",""en"":""n. the heading or position of a vessel relative to the trim of its sails""},{""pos"":""vt."",""zh"":""以大头针钉住, 附加"",""en"":""n. a short nail with a sharp point and a large head""}]","{""plural"":""tacks"",""pastParticiple"":""tacked"",""past"":""tacked"",""presentParticiple"":""tacking"",""thirdPerson"":""tacks""}","[""cet6""]",10013,B2,HARD,ecdict
willow,willow,'wilәu,,"[""n."",""a.""]","[{""pos"":""n."",""zh"":""柳树, 柳木制品"",""en"":""n. any of numerous deciduous trees and shrubs of the genus Salix""},{""pos"":""a."",""zh"":""柳树的, 柳木制的"",""en"":""n. a textile machine having a system of revolving spikes for opening and cleaning raw textile fibers""}]","{""plural"":""willows"",""presentParticiple"":""willowing""}","[""cet6""]",10016,B2,HARD,ecdict
adjustable,adjustable,ә'dʒʌstәbl,,"[""a.""]","[{""pos"":""a."",""zh"":""可调节的"",""en"":""s. capable of being changed so as to match or fit""},{""pos"":"""",""zh"":""[电] 可调整的"",""en"":""s. capable of being regulated""}]","{""plural"":""adjustables""}","[""cet6""]",10047,B2,HARD,ecdict
pickle,pickle,'pikl,,"[""n."",""vt.""]","[{""pos"":""n."",""zh"":""盐卤, 腌汁, 泡菜, 困境, 讨厌鬼"",""en"":""n. vegetables (especially cucumbers) preserved in brine or vinegar""},{""pos"":""vt."",""zh"":""腌制, 酸洗, 葬送(机会等), 泡"",""en"":""v. preserve in a pickling liquid""}]","{""plural"":""pickles"",""past"":""pickled"",""pastParticiple"":""pickled"",""presentParticiple"":""pickling"",""thirdPerson"":""pickles""}","[""cet6""]",10048,B2,HARD,ecdict
stationary,stationary,'steiʃ(ә)nәri,,"[""a.""]","[{""pos"":""a."",""zh"":""不动的, 静止的, 不变的, 固定的, 停留的"",""en"":""s. standing still""},{""pos"":"""",""zh"":""[计] 定常, 定态, 固定的"",""en"":""s. not capable of being moved""}]",{},"[""cet6""]",10049,B2,HARD,ecdict
continual,continual,kәn'tinjuәl,,"[""a.""]","[{""pos"":""a."",""zh"":""持续不断的, 继续的"",""en"":""a. occurring without interruption; chiefly restricted to what recurs regularly or frequently in a prolonged and closely spaced series""},{""pos"":"""",""zh"":""[建] 连续的"",""en"":""s. `continual' (meaning seemingly uninterrupted) is often used interchangeably with `continuous' (meaning without interruption)""}]",{},"[""cet4"",""cet6""]",10050,B2,HARD,ecdict
ridicule,ridicule,'ridikju:l,,"[""n."",""vt.""]","[{""pos"":""n."",""zh"":""嘲笑, 愚弄, 笑柄"",""en"":""n. language or behavior intended to mock or humiliate""},{""pos"":""vt."",""zh"":""嘲笑, 嘲弄, 愚弄"",""en"":""v. subject to laughter or ridicule""}]","{""pastParticiple"":""ridiculed"",""past"":""ridiculed"",""presentParticiple"":""ridiculing"",""thirdPerson"":""ridicules"",""plural"":""ridicules""}","[""cet6""]",10051,B2,HARD,ecdict
virgin,virgin,'vә:dʒin,,"[""n."",""a.""]","[{""pos"":""n."",""zh"":""处女"",""en"":""n. a person who has never had sex""},{""pos"":""a."",""zh"":""处女的, 贞洁的, 纯洁的, 初始的, 纯的"",""en"":""s. being used or worked for the first time""}]","{""plural"":""virgins""}","[""cet6""]",10055,B2,HARD,ecdict
rectangle,rectangle,'rektæŋgl,,"[""n.""]","[{""pos"":""n."",""zh"":""长方形, 矩形"",""en"":""n. a parallelogram with four right angles""},{""pos"":"""",""zh"":""[化] 矩形"",""en"":""""}]","{""plural"":""rectangles""}","[""cet6""]",10058,B2,HARD,ecdict
poisonous,poisonous,'pɒizәnәs,,"[""a.""]","[{""pos"":""a."",""zh"":""有毒的, 恶毒的, 讨厌的"",""en"":""s. having the qualities or effects of a poison""},{""pos"":"""",""zh"":""[医] 有毒的"",""en"":""s. not safe to eat""}]",{},"[""cet4"",""cet6""]",10074,B2,HARD,ecdict
statesman,statesman,'steitsmәn,,"[""n.""]","[{""pos"":""n."",""zh"":""政治家"",""en"":""n. a man who is a respected leader in national or international affairs""}]","{""plural"":""statesmen""}","[""cet4"",""cet6""]",10075,B2,HARD,ecdict
villa,villa,'vilә,,"[""n.""]","[{""pos"":""n."",""zh"":""别墅"",""en"":""n. Mexican revolutionary leader (1877-1923)""}]","{""plural"":""villas""}","[""cet6""]",10076,B2,HARD,ecdict
Marxist,marxist,'mɑ:ksist,,"[""a."",""n.""]","[{""pos"":""a."",""zh"":""马克思主义的"",""en"":""n. an advocate of Marxism""},{""pos"":""n."",""zh"":""马克思主义者"",""en"":""a. following the ideas of Marx and Engels""}]","{""plural"":""marxists""}","[""cet4"",""cet6""]",10077,B2,HARD,ecdict
invaluable,invaluable,in'væljuәbl,,"[""a.""]","[{""pos"":""a."",""zh"":""无价的, 价值无法衡量的"",""en"":""s. having incalculable monetary, intellectual, or spiritual worth""}]",{},"[""cet6""]",10081,B2,HARD,ecdict
infusion,infusion,in'fju:ʒәn,,"[""n.""]","[{""pos"":""n."",""zh"":""注入, 泡制, 注入物"",""en"":""n. a solution obtained by steeping or soaking a substance (usually in water)""},{""pos"":"""",""zh"":""[化] 浸渍; 浸泡"",""en"":""n. the process of extracting certain active properties (as a drug from a plant) by steeping or soaking (usually in water)""}]","{""plural"":""infusions""}","[""cet6""]",10082,B2,HARD,ecdict
shampoo,shampoo,ʃæm'pu:,,"[""n."",""vt.""]","[{""pos"":""n."",""zh"":""洗头, 洗发剂"",""en"":""n. cleansing agent consisting of soaps or detergents used for washing the hair""},{""pos"":""vt."",""zh"":""洗头, 洗发"",""en"":""n. the act of washing your hair with shampoo""}]","{""plural"":""shampoos"",""presentParticiple"":""shampooing"",""past"":""shampooed"",""thirdPerson"":""shampoos"",""pastParticiple"":""shampooed""}","[""cet4"",""cet6""]",10085,B2,HARD,ecdict
triumphant,triumphant,trai'ʌmfәnt,,"[""a.""]","[{""pos"":""a."",""zh"":""得胜的, 得意洋洋的"",""en"":""s. experiencing triumph""}]","{""plural"":""triumphants""}","[""cet6""]",10088,B2,HARD,ecdict
fitting,fitting,'fitiŋ,,"[""a."",""n.""]","[{""pos"":""a."",""zh"":""适宜的"",""en"":""n. a small and often standardized accessory to a larger system""},{""pos"":""n."",""zh"":""试穿, 试衣, 装配, 装置"",""en"":""n. putting clothes on to see whether they fit""}]","{""lemmaOf"":""fit"",""lemma"":""i"",""plural"":""fittings"",""presentParticiple"":""fitting""}","[""cet6""]",10090,B2,HARD,ecdict
halve,halve,hɑ:v,,"[""vt.""]","[{""pos"":""vt."",""zh"":""二等分, 对半分享, 把...减半"",""en"":""v. divide by two; divide into halves""}]","{""pastParticiple"":""halved"",""lemmaOf"":""halve"",""presentParticiple"":""halving"",""plural"":""halves"",""lemma"":""3"",""past"":""halved"",""thirdPerson"":""halves""}","[""cet6""]",10095,B2,HARD,ecdict
concentrated,concentrated,'kɒnsәntreitid,,"[""a.""]","[{""pos"":""a."",""zh"":""集中的, 浓缩的"",""en"":""a. gathered together or made less diffuse""},{""pos"":"""",""zh"":""[建] 浓的"",""en"":""s. of or relating to a solution whose dilution has been reduced""}]","{""lemmaOf"":""concentrate"",""lemma"":""dp"",""pastParticiple"":""concentrated"",""past"":""concentrated""}","[""cet6""]",10098,B2,HARD,ecdict
unpaid,unpaid,.ʌn'peid,,"[""a.""]","[{""pos"":""a."",""zh"":""未付款的, 不支薪水的"",""en"":""a. not paid""},{""pos"":"""",""zh"":""[经] 未付的, 未缴纳的"",""en"":""s. without payment""}]",{},"[""cet6""]",10099,B2,HARD,ecdict
grassy,grassy,'græsi,,"[""a.""]","[{""pos"":""a."",""zh"":""草绿色的, 象草的, 长满草的"",""en"":""a. abounding in grass""}]","{""plural"":""grassies"",""superlative"":""grassiest"",""comparative"":""grassier""}","[""cet6""]",10102,B2,HARD,ecdict
winding,winding,'waindiŋ,,"[""n."",""a.""]","[{""pos"":""n."",""zh"":""绕, 卷, 弯曲, 线圈"",""en"":""n the act of winding or twisting""},{""pos"":""a."",""zh"":""蜿蜒的, 卷绕的, 弯曲的"",""en"":""v to move or cause to move in a sinuous, spiral, or circular course""}]","{""lemmaOf"":""wind"",""lemma"":""i"",""presentParticiple"":""winding"",""plural"":""windings""}","[""cet6""]",10105,B2,HARD,ecdict
numerical,numerical,nju:'merikl,,"[""a.""]","[{""pos"":""a."",""zh"":""数字的, 数值的, 以数字表示的, 擅长于计数的"",""en"":""a. relating to or having ability to think in or work with numbers""},{""pos"":"""",""zh"":""[经] 数字的, 用数字表示的"",""en"":""""}]",{},"[""cet6""]",10114,B2,HARD,ecdict
grope,grope,grәup,,"[""v."",""n.""]","[{""pos"":""v."",""zh"":""摸索"",""en"":""n. the act of groping; and instance of groping""},{""pos"":""n."",""zh"":""摸索"",""en"":""v. feel about uncertainly or blindly""}]","{""past"":""groped"",""presentParticiple"":""groping"",""pastParticiple"":""groped"",""thirdPerson"":""gropes"",""plural"":""gropes""}","[""cet6""]",10123,B2,HARD,ecdict
notation,notation,nәu'teiʃәn,,"[""n.""]","[{""pos"":""n."",""zh"":""记号, 符号表示法, 注释"",""en"":""n. a technical system of symbols used to represent special things""},{""pos"":"""",""zh"":""[计] 记数法"",""en"":""n. the activity of representing something by a special system of marks or characters""}]","{""plural"":""notations""}","[""cet6""]",10133,B2,HARD,ecdict
vector,vector,'vektә,,"[""n."",""vt.""]","[{""pos"":""n."",""zh"":""矢量, 传病媒介"",""en"":""n. a variable quantity that can be resolved into components""},{""pos"":""vt."",""zh"":""(用无线电)导引, 给...导航"",""en"":""n. a straight line segment whose length is magnitude and whose orientation in space is direction""},{""pos"":"""",""zh"":""[计] 矢量; 向量"",""en"":""n. any agent (person or animal or microorganism) that carries and transmits a disease""}]","{""plural"":""vectors""}","[""cet6""]",10136,B2,HARD,ecdict
gust,gust,gʌst,,"[""n.""]","[{""pos"":""n."",""zh"":""突然一阵, 趣味, 爱好"",""en"":""n. a strong current of air""}]","{""plural"":""gusts"",""presentParticiple"":""gusting"",""past"":""gusted"",""pastParticiple"":""gusted"",""thirdPerson"":""gusts""}","[""cet6""]",10137,B2,HARD,ecdict
stern,stern,stә:n,,"[""n."",""a.""]","[{""pos"":""n."",""zh"":""尾部, 船尾, 臀"",""en"":""n. the rear part of a ship""},{""pos"":""a."",""zh"":""严厉的, 严格的, 坚定的, 坚决的"",""en"":""n. United States concert violinist (born in Russia in 1920)""}]","{""plural"":""sterns""}","[""cet4"",""cet6""]",10140,B2,HARD,ecdict
incompatible,incompatible,.inkәm'pætәbl,,"[""a.""]","[{""pos"":""a."",""zh"":""不相容的, 不能并存的, 矛盾的"",""en"":""a. not compatible""},{""pos"":"""",""zh"":""[化] 不协调"",""en"":""a. incapable of being used with or connected to other devices or components without modification""}]","{""plural"":""incompatibles""}","[""cet6""]",10142,B2,HARD,ecdict
vain,vain,vein,,"[""a.""]","[{""pos"":""a."",""zh"":""无价值的, 徒然的, 空虚的, 自负的, 愚蠢的"",""en"":""s characteristic of false pride; having an exaggerated sense of self-importance""}]","{""superlative"":""vainest"",""comparative"":""vainer""}","[""cet4"",""cet6""]",10144,B2,HARD,ecdict
neutron,neutron,'nju:trɒn,,"[""n.""]","[{""pos"":""n."",""zh"":""中子"",""en"":""n. an elementary particle with 0 charge and mass about equal to a proton; enters into the structure of the atomic nucleus""},{""pos"":"""",""zh"":""[化] 中子"",""en"":""""}]","{""plural"":""neutrons""}","[""cet6""]",10155,B2,HARD,ecdict
stairway,stairway,'stєәwei,,"[""n.""]","[{""pos"":""n."",""zh"":""楼梯, 阶梯"",""en"":""n. a way of access (upward and downward) consisting of a set of steps""}]","{""plural"":""stairways""}","[""cet6""]",10157,B2,HARD,ecdict
metric,metric,'metrik,,"[""a.""]","[{""pos"":""a."",""zh"":""公尺的, 公制的, 计量的"",""en"":""a. based on the meter as a standard of measurement""},{""pos"":"""",""zh"":""[医] 测量的, 米制的, 公制的"",""en"":""""}]","{""plural"":""metrics""}","[""cet4"",""cet6""]",10163,B2,HARD,ecdict
hearty,hearty,'hɑ:ti,,"[""a.""]","[{""pos"":""a."",""zh"":""诚恳的, 健壮的, 热烈的, 丰盛的"",""en"":""s. showing warm and heartfelt friendliness""}]","{""plural"":""hearties"",""superlative"":""heartiest"",""comparative"":""heartier""}","[""cet6""]",10166,B2,HARD,ecdict
symmetry,symmetry,'simitri,,"[""n.""]","[{""pos"":""n."",""zh"":""对称, 匀称"",""en"":""n. (mathematics) an attribute of a shape or relation; exact reflection of form on opposite sides of a dividing line or plane""},{""pos"":"""",""zh"":""[化] 对称; 对称性; 对称现象"",""en"":""n. balance among the parts of something""}]","{""plural"":""symmetries""}","[""cet6""]",10174,B2,HARD,ecdict
innate,innate,i'neit,,"[""a.""]","[{""pos"":""a."",""zh"":""先天的, 天生的"",""en"":""a not established by conditioning or learning""},{""pos"":"""",""zh"":""[医] 先天的, 生来的"",""en"":""s being talented through inherited qualities""}]",{},"[""cet6""]",10178,B2,HARD,ecdict
snail,snail,sneil,,"[""n."",""vt."",""vi.""]","[{""pos"":""n."",""zh"":""蜗牛, 行动迟缓的人, 脑筋迟钝的人, 蜗形凸轮"",""en"":""n. freshwater or marine or terrestrial gastropod mollusk usually having an external enclosing spiral shell""},{""pos"":""vt."",""zh"":""(蜗牛般)缓慢地打发(时间)"",""en"":""v. gather snails""},{""pos"":""vi."",""zh"":""缓慢移动"",""en"":""""}]","{""plural"":""snails""}","[""cet6""]",10183,B2,HARD,ecdict
zeal,zeal,zi:l,,"[""n.""]","[{""pos"":""n."",""zh"":""热心, 热衷, 热诚"",""en"":""n. excessive fervor to do something or accomplish some end""}]",{},"[""cet4"",""cet6""]",10184,B2,HARD,ecdict
proficiency,proficiency,prә'fiʃәns,,"[""n.""]","[{""pos"":""n."",""zh"":""精通, 熟练, 精练"",""en"":""n. the quality of having great facility and competence""}]","{""plural"":""proficiencies""}","[""cet6""]",10195,B2,HARD,ecdict
analogous,analogous,ә'nælәgәs,,"[""a.""]","[{""pos"":""a."",""zh"":""类似的, 相似的"",""en"":""s. similar or equivalent in some respects though otherwise dissimilar""},{""pos"":"""",""zh"":""[医] 类似的, 类同的"",""en"":""a. corresponding in function but not in evolutionary origin""}]",{},"[""cet6""]",10202,B2,HARD,ecdict
gleam,gleam,gli:m,,"[""n."",""vi."",""vt.""]","[{""pos"":""n."",""zh"":""光束, 微光, 反光"",""en"":""n. an appearance of reflected light""},{""pos"":""vi."",""zh"":""闪烁, 隐约地闪现"",""en"":""n. a flash of light (especially reflected light)""},{""pos"":""vt."",""zh"":""使发微光, 使闪烁"",""en"":""v. shine brightly, like a star or a light""}]","{""past"":""gleamed"",""presentParticiple"":""gleaming"",""thirdPerson"":""gleams"",""plural"":""gleams"",""pastParticiple"":""gleamed""}","[""cet6""]",10208,B2,HARD,ecdict
brittle,brittle,'britl,,"[""a.""]","[{""pos"":""a."",""zh"":""易碎的, 脆弱的, 易坏的"",""en"":""n. caramelized sugar cooled in thin sheets""},{""pos"":"""",""zh"":""[机] 脆的, 脆性的, 易碎的"",""en"":""s. having little elasticity; hence easily cracked or fractured or snapped""}]","{""presentParticiple"":""brittling""}","[""cet4"",""cet6""]",10220,B2,HARD,ecdict
torque,torque,tɒ:k,,"[""n.""]","[{""pos"":""n."",""zh"":""扭转力, 转矩, 项圈"",""en"":""n a twisting force""},{""pos"":"""",""zh"":""[化] 转矩"",""en"":""""}]","{""plural"":""torques""}","[""cet6""]",10225,B2,HARD,ecdict
necessitate,necessitate,ni'sesiteit,,"[""vt.""]","[{""pos"":""vt."",""zh"":""迫使, 使成为必需, 需要"",""en"":""v. require as useful, just, or proper""}]","{""past"":""necessitated"",""thirdPerson"":""necessitates"",""pastParticiple"":""necessitated"",""presentParticiple"":""necessitating""}","[""cet6""]",10233,B2,HARD,ecdict
installment,installment,in'stɒ:lmәnt,,"[""n.""]","[{""pos"":""n."",""zh"":""就职, 装设, 分期付款"",""en"":""n. a payment of part of a debt; usually paid at regular intervals""},{""pos"":"""",""zh"":""[经] 分期付款"",""en"":""n. a part of a published serial""}]","{""plural"":""installments""}","[""cet6""]",10234,B2,HARD,ecdict
precipitate,precipitate,pri'sipiteit,,"[""n."",""vt."",""vi."",""a.""]","[{""pos"":""n."",""zh"":""沉淀物, 凝结物, 结果"",""en"":""n. a precipitated solid substance in suspension or after settling or filtering""},{""pos"":""vt."",""zh"":""猛抛, 使陷入, 促成, 使沉淀"",""en"":""v. bring about abruptly""},{""pos"":""vi."",""zh"":""猛地落下"",""en"":""v. separate as a fine suspension of solid particles""},{""pos"":""a."",""zh"":""突然的, 猛地落下的, 轻率的"",""en"":""v. fall from clouds""}]","{""pastParticiple"":""precipitated"",""past"":""precipitated"",""presentParticiple"":""precipitating"",""thirdPerson"":""precipitates"",""plural"":""precipitates""}","[""cet6""]",10236,B2,HARD,ecdict
subtract,subtract,sәb'trækt,,"[""vt."",""vi.""]","[{""pos"":""vt."",""zh"":""减去, 扣掉, 减少"",""en"":""v. make a subtraction""},{""pos"":""vi."",""zh"":""做减法"",""en"":""v. take off or away""},{""pos"":"""",""zh"":""[计] 减"",""en"":""""}]","{""presentParticiple"":""subtracting"",""pastParticiple"":""subtracted"",""past"":""subtracted"",""thirdPerson"":""subtracts""}","[""cet4"",""cet6""]",10238,B2,HARD,ecdict
nourish,nourish,'nә:riʃ,,"[""vt.""]","[{""pos"":""vt."",""zh"":""滋养, 使健壮, 怀有"",""en"":""v. provide with nourishment""}]","{""pastParticiple"":""nourished"",""thirdPerson"":""nourishes"",""presentParticiple"":""nourishing"",""past"":""nourished""}","[""cet6""]",10239,B2,HARD,ecdict
likeness,likeness,'laiknis,,"[""n.""]","[{""pos"":""n."",""zh"":""相象, 相似物, 样子"",""en"":""n. similarity in appearance or character or nature between persons or things""}]","{""plural"":""likenesses""}","[""cet6""]",10244,B2,HARD,ecdict
scold,scold,skәuld,,"[""n."",""v.""]","[{""pos"":""n."",""zh"":""好骂街的人, 责骂"",""en"":""n. someone (especially a woman) who annoys people by constantly finding fault""},{""pos"":""v."",""zh"":""责骂"",""en"":""""}]","{""past"":""scolded"",""presentParticiple"":""scolding"",""pastParticiple"":""scolded"",""thirdPerson"":""scolds"",""plural"":""scolds""}","[""cet4"",""cet6""]",10246,B2,HARD,ecdict
hysteria,hysteria,his'tiәriә,,"[""n.""]","[{""pos"":""n."",""zh"":""歇斯底里症, 不正常的兴奋, 癔病"",""en"":""n. excessive or uncontrollable fear""},{""pos"":"""",""zh"":""[医] 癔病, 歇斯底里"",""en"":""n. neurotic disorder characterized by violent emotional outbreaks and disturbances of sensory and motor functions""}]","{""plural"":""hysterias""}","[""cet6""]",10247,B2,HARD,ecdict
rust,rust,rʌst,,"[""n."",""vi."",""vt.""]","[{""pos"":""n."",""zh"":""锈, 生锈, 衰退"",""en"":""n. a red or brown oxide coating on iron or steel caused by the action of oxygen and moisture""},{""pos"":""vi."",""zh"":""生锈, 衰退"",""en"":""n. a plant disease that produces a reddish-brown discoloration of leaves and stems; caused by various rust fungi""},{""pos"":""vt."",""zh"":""使生锈, 腐蚀"",""en"":""n. the formation of reddish-brown ferric oxides on iron by low-temperature oxidation in the presence of water""}]","{""presentParticiple"":""rusting"",""pastParticiple"":""rusted"",""thirdPerson"":""rusts"",""plural"":""rusts"",""past"":""rusted""}","[""cet4"",""cet6""]",10260,B2,HARD,ecdict
insulate,insulate,'insjuleit,,"[""vt.""]","[{""pos"":""vt."",""zh"":""使绝缘, 隔离"",""en"":""v. protect from heat, cold, or noise by surrounding with insulating material""},{""pos"":"""",""zh"":""[医] 绝缘"",""en"":""""}]","{""pastParticiple"":""insulated"",""past"":""insulated"",""presentParticiple"":""insulating"",""thirdPerson"":""insulates"",""plural"":""insulates""}","[""cet6""]",10264,B2,HARD,ecdict
disproportionate,disproportionate,.disprә'pɒ:ʃәnit,,"[""a.""]","[{""pos"":""a."",""zh"":""不成比例的"",""en"":""a. out of proportion""}]","{""presentParticiple"":""disproportionating""}","[""cet6""]",10266,B2,HARD,ecdict
ion,ion,'aiәn,,"[""n.""]","[{""pos"":""n."",""zh"":""离子"",""en"":""n. a particle that is electrically charged (positive or negative); an atom or molecule or group that has lost or gained one or more electrons""},{""pos"":"""",""zh"":""[化] 离子"",""en"":""""}]","{""plural"":""ions""}","[""cet6""]",10273,B2,HARD,ecdict
unbearable,unbearable,.ʌn'bєәrәbl,,"[""a.""]","[{""pos"":""a."",""zh"":""无法忍受的, 承受不住的"",""en"":""a incapable of being put up with""}]",{},"[""cet4"",""cet6""]",10284,B2,HARD,ecdict
Portuguese,portuguese,.pɒ:tju'gi:z,,"[""n."",""a.""]","[{""pos"":""n."",""zh"":""葡萄牙人, 葡萄牙语"",""en"":""n. the Romance language spoken in Portugal and Brazil""},{""pos"":""a."",""zh"":""葡萄牙的, 葡萄牙人的, 葡萄牙语的"",""en"":""n. a native or inhabitant of Portugal""}]",{},"[""cet4"",""cet6""]",10285,B2,HARD,ecdict
projector,projector,prә'dʒektә,,"[""n.""]","[{""pos"":""n."",""zh"":""计划人, 发起人, 规划人, 放映机, 映画器, 幻灯机, 幻灯, 探照灯, 发射器"",""en"":""n. an optical device for projecting a beam of light""},{""pos"":"""",""zh"":""[计] 投影仪"",""en"":""n. an optical instrument that projects an enlarged image onto a screen""}]","{""plural"":""projectors""}","[""cet6""]",10289,B2,HARD,ecdict
polymer,polymer,'pɒlimә,,"[""n.""]","[{""pos"":""n."",""zh"":""聚合物, 聚合体"",""en"":""n. a naturally occurring or synthetic compound consisting of large molecules made up of a linked series of repeated simple monomers""},{""pos"":"""",""zh"":""[化] 多聚体; 高分子; 大分子; 聚合物"",""en"":""""}]","{""plural"":""polymers""}","[""cet6""]",10292,B2,HARD,ecdict
eloquent,eloquent,'elәkwәnt,,"[""a.""]","[{""pos"":""a."",""zh"":""雄辩的, 有口才的, 有说服力的"",""en"":""s. expressing yourself readily, clearly, effectively""}]",{},"[""cet6""]",10294,B2,HARD,ecdict
regiment,regiment,'redʒimәnt,,"[""n."",""v.""]","[{""pos"":""n."",""zh"":""（军队）团, 大量（人或物）"",""en"":""n. army unit smaller than a division""},{""pos"":""v."",""zh"":""组编成团，组织，严格管制"",""en"":""v. subject to rigid discipline, order, and systematization""}]","{""plural"":""regiments"",""pastParticiple"":""regimented"",""presentParticiple"":""regimenting"",""past"":""regimented"",""thirdPerson"":""regiments""}","[""cet6""]",10298,B2,HARD,ecdict
scarlet,scarlet,'skɑ:lit,,"[""n."",""a.""]","[{""pos"":""n."",""zh"":""猩红色, 绯红色, 红衣"",""en"":""n. a variable color that is vivid red but sometimes with an orange tinge""},{""pos"":""a."",""zh"":""绯红色的, 鲜红色的"",""en"":""""}]","{""plural"":""scarlets""}","[""cet6""]",10320,B2,HARD,ecdict
misfortune,misfortune,mis'fɒ:tʃәn,,"[""n.""]","[{""pos"":""n."",""zh"":""不幸, 灾祸, 坏运气"",""en"":""n. unnecessary and unforeseen trouble resulting from an unfortunate event""},{""pos"":"""",""zh"":""[法] 不幸事故, 不幸, 灾祸"",""en"":""n. an unfortunate state resulting from unfavorable outcomes""}]","{""plural"":""misfortunes""}","[""cet6""]",10322,B2,HARD,ecdict
hostess,hostess,'hәustis,,"[""n.""]","[{""pos"":""n."",""zh"":""女主人, 女房东, 女老板"",""en"":""n. a woman host""}]","{""plural"":""hostesses"",""presentParticiple"":""hostessing"",""pastParticiple"":""hostessed""}","[""cet4"",""cet6""]",10323,B2,HARD,ecdict
monstrous,monstrous,'mɒnstrәs,,"[""a.""]","[{""pos"":""a."",""zh"":""巨大的, 畸形的, 怪异的"",""en"":""s. abnormally large""},{""pos"":"""",""zh"":""[法] 巨大的, 异形的, 畸形的:荒诞的"",""en"":""""}]",{},"[""cet6""]",10332,B2,HARD,ecdict
obese,obese,әu'bi:s,,"[""a.""]","[{""pos"":""a."",""zh"":""肥胖的"",""en"":""s excessively fat""},{""pos"":"""",""zh"":""[医] 肥胖的"",""en"":""""}]",{},"[""cet6""]",10333,B2,HARD,ecdict
ore,ore,ɒ:,,"[""n.""]","[{""pos"":""n."",""zh"":""矿石"",""en"":""n. a mineral that contains metal that is valuable enough to be mined""},{""pos"":"""",""zh"":""[经] 矿"",""en"":""n. a monetary subunit in Denmark and Norway and Sweden; 100 ore equal 1 krona""}]","{""plural"":""ores""}","[""cet4"",""cet6""]",10340,B2,HARD,ecdict
disgrace,disgrace,dis'greis,,"[""n."",""vt.""]","[{""pos"":""n."",""zh"":""耻辱, 不名誉"",""en"":""n a state of dishonor""},{""pos"":""vt."",""zh"":""使受耻辱, 使失体面"",""en"":""v bring shame or dishonor upon""}]","{""past"":""disgraced"",""pastParticiple"":""disgraced"",""presentParticiple"":""disgracing"",""thirdPerson"":""disgraces"",""plural"":""disgraces""}","[""cet6""]",10352,B2,HARD,ecdict
pantry,pantry,'pæntri,,"[""n.""]","[{""pos"":""n."",""zh"":""餐具室, 食品室"",""en"":""n. a small storeroom for storing foods or wines""}]","{""plural"":""pantries""}","[""cet6""]",10360,B2,HARD,ecdict
fuse,fuse,fju:z,,"[""n."",""v.""]","[{""pos"":""n."",""zh"":""保险丝, 导火线"",""en"":""n. an electrical device that can interrupt the flow of electrical current when it is overloaded""},{""pos"":""v."",""zh"":""熔化, 融合"",""en"":""n. any igniter that is used to initiate the burning of a propellant""}]","{""pastParticiple"":""fused"",""plural"":""fuses"",""presentParticiple"":""fusing"",""past"":""fused"",""thirdPerson"":""fuses""}","[""cet6""]",10364,B2,HARD,ecdict
fabricate,fabricate,'fæbrikeit,,"[""vt.""]","[{""pos"":""vt."",""zh"":""制造, 建造, 装配, 伪造"",""en"":""v. make up something artificial or untrue""}]","{""pastParticiple"":""fabricated"",""presentParticiple"":""fabricating"",""thirdPerson"":""fabricates"",""past"":""fabricated""}","[""cet6""]",10365,B2,HARD,ecdict
sow,sow,sau. sәu,,"[""n."",""vt."",""vi.""]","[{""pos"":""n."",""zh"":""母猪, 懒胖女人"",""en"":""n. an adult female hog""},{""pos"":""vt."",""zh"":""播种, 散布, 使密布"",""en"":""v. place (seeds) in or on the ground for future growth""},{""pos"":""vi."",""zh"":""播种"",""en"":""v. introduce into an environment""}]","{""pastParticiple"":""sown"",""plural"":""sows"",""presentParticiple"":""sowing"",""past"":""sowed"",""thirdPerson"":""sows""}","[""cet4"",""cet6""]",10366,B2,HARD,ecdict
disapproval,disapproval,.disә'pru:vәl,,"[""n.""]","[{""pos"":""n."",""zh"":""不赞成"",""en"":""n. a feeling of disliking something or what someone is doing""}]","{""plural"":""disapprovals""}","[""cet6""]",10369,B2,HARD,ecdict
wrench,wrench,'rentʃ,,"[""n."",""vt."",""vi.""]","[{""pos"":""n."",""zh"":""扳钳, 扳手, 扭伤, 歪曲, 痛苦"",""en"":""n. a sharp strain on muscles or ligaments""},{""pos"":""vt."",""zh"":""猛扭, 扭伤, 曲解, 折磨"",""en"":""n. a hand tool that is used to hold or twist a nut or bolt""},{""pos"":""vi."",""zh"":""猛扭, 猛绞"",""en"":""v. twist or pull violently or suddenly, especially so as to remove (something) from that to which it is attached or from where it originates""}]","{""past"":""wrenched"",""presentParticiple"":""wrenching"",""pastParticiple"":""wrenched"",""plural"":""wrenches"",""thirdPerson"":""wrenches""}","[""cet6""]",10376,B2,HARD,ecdict
stoop,stoop,stu:p,,"[""n."",""vi."",""vt.""]","[{""pos"":""n."",""zh"":""佝偻, 屈从, 弯腰"",""en"":""n. an inclination of the top half of the body forward and downward""},{""pos"":""vi."",""zh"":""弯下, 屈从, 弯腰, 堕落"",""en"":""n. small porch or set of steps at the front entrance of a house""},{""pos"":""vt."",""zh"":""使屈从, 使弯曲"",""en"":""v. descend swiftly, as if on prey""}]","{""past"":""stooped"",""presentParticiple"":""stooping"",""thirdPerson"":""stoops"",""pastParticiple"":""stooped"",""plural"":""stoops""}","[""cet4"",""cet6""]",10380,B2,HARD,ecdict
hardy,hardy,'hɑ:di,,"[""a."",""adv.""]","[{""pos"":""a."",""zh"":""难的, 艰苦的, 坚硬的, 勇敢的"",""en"":""n. United States slapstick comedian who played the pompous and overbearing member of the Laurel and Hardy duo who made many films (1892-1957)""},{""pos"":""adv."",""zh"":""努力地, 辛苦地, 坚硬地"",""en"":""n. English novelist and poet (1840-1928)""}]","{""comparative"":""hardier"",""superlative"":""hardiest""}","[""cet6""]",10388,B2,HARD,ecdict
brandy,brandy,'brændi,,"[""n.""]","[{""pos"":""n."",""zh"":""白兰地酒"",""en"":""n. distilled from wine or fermented fruit juice""},{""pos"":"""",""zh"":""[化] 白兰地"",""en"":""""}]","{""plural"":""brandies""}","[""cet4"",""cet6""]",10392,B2,HARD,ecdict
notwithstanding,notwithstanding,.nɒtwiθ'stændiŋ,,"[""adv."",""prep."",""conj.""]","[{""pos"":""adv."",""zh"":""虽然, 尽管"",""en"":""r despite anything to the contrary (usually following a concession)""},{""pos"":""prep."",""zh"":""尽管"",""en"":""""},{""pos"":""conj."",""zh"":""虽然"",""en"":""""}]",{},"[""cet6""]",10393,B2,HARD,ecdict
extravagant,extravagant,ik'strævgәnt,,"[""a.""]","[{""pos"":""a."",""zh"":""奢侈的, 挥霍无度的, 浪费的"",""en"":""s. recklessly wasteful""}]",{},"[""cet6""]",10399,B2,HARD,ecdict
chatter,chatter,'tʃætә,,"[""n."",""vi.""]","[{""pos"":""n."",""zh"":""饶舌, 啁啾, 喋喋不休"",""en"":""n. the rapid series of noises made by the parts of a machine""},{""pos"":""vi."",""zh"":""喋喋不休地谈, (鸟)啭鸣"",""en"":""n. the high-pitched continuing noise made by animals (birds or monkeys)""}]","{""past"":""chattered"",""presentParticiple"":""chattering"",""thirdPerson"":""chatters"",""plural"":""chatters"",""pastParticiple"":""chattered""}","[""cet6""]",10403,B2,HARD,ecdict
detach,detach,di'tætʃ,,"[""vt.""]","[{""pos"":""vt."",""zh"":""使分离, 分遣"",""en"":""v. cause to become detached or separated; take off""},{""pos"":"""",""zh"":""[机] 摘下, 分离, 卸下"",""en"":""v. separate (a small unit) from a larger, especially for a special assignment""}]","{""pastParticiple"":""detached"",""past"":""detached"",""presentParticiple"":""detaching"",""thirdPerson"":""detaches""}","[""cet6""]",10420,B2,HARD,ecdict
snore,snore,snɒ:,,"[""n."",""vi."",""vt.""]","[{""pos"":""n."",""zh"":""鼾声, 打鼾"",""en"":""n. the rattling noise produced when snoring""},{""pos"":""vi."",""zh"":""打鼾"",""en"":""n. the act of snoring or producing a snoring sound""},{""pos"":""vt."",""zh"":""打鼾度过"",""en"":""v. breathe noisily during one's sleep""}]","{""presentParticiple"":""snoring"",""past"":""snored"",""plural"":""snores"",""thirdPerson"":""snores"",""pastParticiple"":""snored""}","[""cet6""]",10440,B2,HARD,ecdict
zinc,zinc,ziŋk,,"[""n."",""vt.""]","[{""pos"":""n."",""zh"":""锌"",""en"":""n. a bluish-white lustrous metallic element; brittle at ordinary temperatures but malleable when heated; used in a wide variety of alloys and in galvanizing iron; it occurs naturally as zinc sulphide in zinc blende""},{""pos"":""vt."",""zh"":""镀锌于"",""en"":""v. coat or cover with zinc""}]","{""plural"":""zincs"",""presentParticiple"":""zincing"",""past"":""zinced"",""thirdPerson"":""zincs"",""pastParticiple"":""zinced""}","[""cet6""]",10443,B2,HARD,ecdict
extraction,extraction,ik'strækʃәn,,"[""n.""]","[{""pos"":""n."",""zh"":""抽出, 取出, 拔出术, 抽出物"",""en"":""n. the process of obtaining something from a mixture or compound by chemical or physical or mechanical means""},{""pos"":"""",""zh"":""[化] 萃取; 提取"",""en"":""n. the action of taking out something (especially using effort or force)""}]","{""plural"":""extractions""}","[""cet6""]",10457,B2,HARD,ecdict
shortfall,shortfall,'ʃɒ:tfɒ:l,,"[""n.""]","[{""pos"":""n."",""zh"":""不足, 不足量"",""en"":""n the property of being an amount by which something is less than expected or required""},{""pos"":"""",""zh"":""[经] 缺少, 不足, 亏舱运费"",""en"":""""}]","{""plural"":""shortfalls""}","[""cet6""]",10472,B2,HARD,ecdict
Buddhism,buddhism,'budizm,,"[""n.""]","[{""pos"":""n."",""zh"":""佛教"",""en"":""n. a religion represented by the many groups (especially in Asia) that profess various forms of the Buddhist doctrine and that venerate Buddha""}]",{},"[""cet6""]",10473,B2,HARD,ecdict
principally,principally,'prinsәpәli,,"[""adv.""]","[{""pos"":""adv."",""zh"":""主要地, 大部分"",""en"":""r for the most part""}]",{},"[""cet6""]",10478,B2,HARD,ecdict
beforehand,beforehand,bi'fɒ:hænd,,"[""adv.""]","[{""pos"":""adv."",""zh"":""预先"",""en"":""s being ahead of time or need""}]",{},"[""cet4"",""cet6""]",10479,B2,HARD,ecdict
wring,wring,riŋ,,"[""n."",""vt."",""vi.""]","[{""pos"":""n."",""zh"":""扭绞, 拧, 挤"",""en"":""v. twist and compress, as if in pain or anguish""},{""pos"":""vt."",""zh"":""拧, 绞, 扭, 勒索, 折磨, 使痛苦"",""en"":""v. twist, squeeze, or compress in order to extract liquid""},{""pos"":""vi."",""zh"":""蠕动, 扭动, 绞, 扭, 感到痛苦"",""en"":""""}]","{""presentParticiple"":""wringing"",""past"":""wrung"",""pastParticiple"":""wrung"",""thirdPerson"":""wrings""}","[""cet6""]",10500,B2,HARD,ecdict
tedious,tedious,'ti:diәs,,"[""a.""]","[{""pos"":""a."",""zh"":""沉闷的, 冗长乏味的"",""en"":""s so lacking in interest as to cause mental weariness""}]",{},"[""cet4"",""cet6""]",10501,B2,HARD,ecdict
proportional,proportional,prә'pɒ:ʃәnl,,"[""a."",""n.""]","[{""pos"":""a."",""zh"":""比例的, 相称的"",""en"":""n. one of the quantities in a mathematical proportion""},{""pos"":""n."",""zh"":""比例项"",""en"":""s. properly related in size or degree or other measurable characteristics; usually followed by `to'""}]",{},"[""cet4"",""cet6""]",10513,B2,HARD,ecdict
reptile,reptile,'reptail,,"[""n."",""a.""]","[{""pos"":""n."",""zh"":""爬行动物, 爬虫, 卑鄙的人"",""en"":""n. any cold-blooded vertebrate of the class Reptilia including tortoises, turtles, snakes, lizards, alligators, crocodiles, and extinct forms""},{""pos"":""a."",""zh"":""爬行的, 爬虫类的, 卑鄙的"",""en"":""""}]","{""plural"":""reptiles""}","[""cet6""]",10530,B2,HARD,ecdict
commend,commend,kә'mend,,"[""vt.""]","[{""pos"":""vt."",""zh"":""嘉奖, 委托给, 推荐"",""en"":""v. express approval of""}]","{""pastParticiple"":""commended"",""past"":""commended"",""thirdPerson"":""commends"",""presentParticiple"":""commending""}","[""cet6""]",10548,B2,HARD,ecdict
paradoxically,paradoxically,,,"[""adv.""]","[{""pos"":""adv."",""zh"":""反论, 荒谬, 自相矛盾, 似非而可能是"",""en"":""r. in a paradoxical manner""}]",{},"[""cet6""]",10558,B2,HARD,ecdict
preferable,preferable,'prefәrәbl,,"[""a.""]","[{""pos"":""a."",""zh"":""更可取的, 更好的, 更合意的"",""en"":""s. more desirable than another""}]",{},"[""cet4"",""cet6""]",10561,B2,HARD,ecdict
hydraulic,hydraulic,hai'drɒ:lik,,"[""a.""]","[{""pos"":""a."",""zh"":""与水有关的, 水力的, 水压的"",""en"":""a. moved or operated or effected by liquid (water or oil)""},{""pos"":"""",""zh"":""[电] 水力的"",""en"":""a. of or relating to the study of hydraulics""}]",{},"[""cet6""]",10564,B2,HARD,ecdict
neuron,neuron,'njuәrɔn,,"[""n.""]","[{""pos"":""n."",""zh"":""神经原, 轴索, 神经细胞"",""en"":""n a cell that is specialized to conduct nerve impulses""},{""pos"":"""",""zh"":""[计] 神经元"",""en"":""""}]","{""plural"":""neurons""}","[""cet6""]",10575,B2,HARD,ecdict
steward,steward,'stju:wәd,,"[""n.""]","[{""pos"":""n."",""zh"":""管理人, 招待员, 管家, 乘务员"",""en"":""n. someone who manages property or other affairs for someone else""},{""pos"":"""",""zh"":""[经] 轮船, 飞机的服务员, (财务)管理员"",""en"":""n. the ship's officer who is in charge of provisions and dining arrangements""}]","{""plural"":""stewards"",""presentParticiple"":""stewarding"",""past"":""stewarded""}","[""cet4"",""cet6""]",10595,B2,HARD,ecdict
watery,watery,'wɒ:tәri,,"[""a.""]","[{""pos"":""a."",""zh"":""水的, 湿的, 平淡的, 稀薄的, 水淋淋的"",""en"":""s. filled with water""}]",{},"[""cet6""]",10596,B2,HARD,ecdict
sparkle,sparkle,'spɑ:kl,,"[""n."",""vi."",""vt.""]","[{""pos"":""n."",""zh"":""闪耀, 火花, 活力, 发泡"",""en"":""n. merriment expressed by a brightness or gleam or animation of countenance""},{""pos"":""vi."",""zh"":""闪耀, 冒火花"",""en"":""v. reflect brightly""},{""pos"":""vt."",""zh"":""使闪耀"",""en"":""v. be lively or brilliant or exhibit virtuosity""}]","{""past"":""sparkled"",""presentParticiple"":""sparkling"",""thirdPerson"":""sparkles"",""plural"":""sparkles"",""pastParticiple"":""sparkled""}","[""cet4"",""cet6""]",10602,B2,HARD,ecdict
electrode,electrode,i'lektrәud,,"[""n.""]","[{""pos"":""n."",""zh"":""电极"",""en"":""n. a conductor used to make electrical contact with some part of a circuit""},{""pos"":"""",""zh"":""[化] 电极; 焊条; 电焊条"",""en"":""""}]","{""plural"":""electrodes"",""thirdPerson"":""electrodes""}","[""cet6""]",10607,B2,HARD,ecdict
edible,edible,'edibl,,"[""n."",""a.""]","[{""pos"":""n."",""zh"":""食品, 食物"",""en"":""a. suitable for use as food""},{""pos"":""a."",""zh"":""可食用的"",""en"":""""}]","{""plural"":""edibles""}","[""cet6""]",10611,B2,HARD,ecdict
patriot,patriot,'peitriәt,,"[""n.""]","[{""pos"":""n."",""zh"":""爱国者, 爱国主义者"",""en"":""n. one who loves and defends his or her country""}]","{""plural"":""patriots""}","[""cet6""]",10621,B2,HARD,ecdict
skyscraper,skyscraper,'skaiskreipә,,"[""n.""]","[{""pos"":""n."",""zh"":""摩天楼, 三角形天帆"",""en"":""n. a very tall building with many stories""}]","{""plural"":""skyscrapers""}","[""cet6""]",10626,B2,HARD,ecdict
reciprocal,reciprocal,ri'siprәkl,,"[""a."",""n.""]","[{""pos"":""a."",""zh"":""互惠的, 相互的, 相等的, 倒数的, 彼此相反的"",""en"":""n. something (a term or expression or concept) that has a reciprocal relation to something else""},{""pos"":""n."",""zh"":""倒数, 互相起作用的事物"",""en"":""a. concerning each of two or more persons or things; especially given or done in return""}]","{""plural"":""reciprocals""}","[""cet6""]",10639,B2,HARD,ecdict
yawn,yawn,jɒ:n,,"[""n."",""vi."",""vt.""]","[{""pos"":""n."",""zh"":""哈欠"",""en"":""n. an involuntary intake of breath through a wide open mouth; usually triggered by fatigue or boredom""},{""pos"":""vi."",""zh"":""打哈欠, 裂开"",""en"":""v. utter a yawn, as from lack of oxygen or when one is tired""},{""pos"":""vt."",""zh"":""打着哈欠说"",""en"":""""}]","{""past"":""yawned"",""presentParticiple"":""yawning"",""thirdPerson"":""yawns"",""plural"":""yawns"",""pastParticiple"":""yawned""}","[""cet4"",""cet6""]",10649,B2,HARD,ecdict
emigrate,emigrate,'emigreit,,"[""v.""]","[{""pos"":""v."",""zh"":""(使)移居, (使)移民"",""en"":""v. leave one's country of residence for a new one""}]","{""past"":""emigrated"",""pastParticiple"":""emigrated"",""presentParticiple"":""emigrating"",""thirdPerson"":""emigrates""}","[""cet6""]",10660,B2,HARD,ecdict
bribe,bribe,braib,,"[""n."",""vt."",""vi.""]","[{""pos"":""n."",""zh"":""贿赂"",""en"":""n. payment made to a person in a position of trust to corrupt his judgment""},{""pos"":""vt."",""zh"":""贿赂, 收买"",""en"":""v. make illegal payments to in exchange for favors or influence""},{""pos"":""vi."",""zh"":""行贿"",""en"":""""}]","{""plural"":""bribes"",""pastParticiple"":""bribed"",""past"":""bribed"",""presentParticiple"":""bribing"",""thirdPerson"":""bribes""}","[""cet6""]",10665,B2,HARD,ecdict
whichever,whichever,hwitʃ'evә,,"[""pron.""]","[{""pos"":""pron."",""zh"":""无论那一个, 任何一个"",""en"":""pron. & a. Alt. of Whichsoever""}]",{},"[""cet4"",""cet6""]",10672,B2,HARD,ecdict
climax,climax,'klaimæks,,"[""n."",""v.""]","[{""pos"":""n."",""zh"":""高潮, 极点, 层进法"",""en"":""n. the highest point of anything conceived of as growing or developing or unfolding""},{""pos"":""v."",""zh"":""(使)达到顶点, (使)达到高潮"",""en"":""n. the decisive moment in a novel or play""}]","{""plural"":""climaxes"",""past"":""climaxed"",""presentParticiple"":""climaxing"",""thirdPerson"":""climaxes"",""pastParticiple"":""climaxed""}","[""cet6""]",10683,B2,HARD,ecdict
hearth,hearth,hɑ:θ,,"[""n.""]","[{""pos"":""n."",""zh"":""炉床, 灶台, 炉边"",""en"":""n. home symbolized as a part of the fireplace""},{""pos"":"""",""zh"":""[化] 锻造炉; 敞炉; 炉缸; 炉床; 火床; 炉膛"",""en"":""n. an area near a fireplace (usually paved and extending out into a room)""}]","{""plural"":""hearths""}","[""cet6""]",10697,B2,HARD,ecdict
humid,humid,'hju:mid,,"[""a.""]","[{""pos"":""a."",""zh"":""潮湿的, 湿润的, 多湿气的"",""en"":""s. containing or characterized by a great deal of water vapor""}]",{},"[""cet4"",""cet6""]",10699,B2,HARD,ecdict
generalize,generalize,'dʒenәrәlaiz,,"[""vt."",""vi.""]","[{""pos"":""vt."",""zh"":""一般化, 概括, 推广"",""en"":""v. draw from specific cases for more general cases""},{""pos"":""vi."",""zh"":""形成概念, 笼统讲"",""en"":""v. speak or write in generalities""}]","{""presentParticiple"":""generalizing"",""pastParticiple"":""generalized"",""thirdPerson"":""generalizes"",""past"":""generalized""}","[""cet6""]",10707,B2,HARD,ecdict
induction,induction,in'dʌkʃәn,,"[""n.""]","[{""pos"":""n."",""zh"":""归纳法, 感应, 就职, 入门"",""en"":""n. an electrical phenomenon whereby an electromotive force (EMF) is generated in a closed circuit by a change in the flow of current""},{""pos"":"""",""zh"":""[计] 归纳法"",""en"":""n. the act of bringing about something (especially at an early time)""}]","{""plural"":""inductions""}","[""cet6""]",10709,B2,HARD,ecdict
dialect,dialect,'daiәlekt,,"[""n.""]","[{""pos"":""n."",""zh"":""方言, 同源语"",""en"":""n. the usage or vocabulary that is characteristic of a specific group of people""}]","{""plural"":""dialects""}","[""cet4"",""cet6""]",10722,B2,HARD,ecdict
kettle,kettle,'ketl,,"[""n.""]","[{""pos"":""n."",""zh"":""茶壶, 罐"",""en"":""n. a metal pot for stewing or boiling; usually has a lid""},{""pos"":"""",""zh"":""[化] 釜体釜; 锅"",""en"":""n. the quantity a kettle will hold""}]","{""plural"":""kettles"",""past"":""kettled""}","[""cet4"",""cet6""]",10726,B2,HARD,ecdict
biased,biased,'baiәst,,"[""a.""]","[{""pos"":""a."",""zh"":""有偏见的"",""en"":""s. favoring one person or side over another""},{""pos"":"""",""zh"":""[计] 边缘的"",""en"":""""}]","{""lemmaOf"":""bias"",""lemma"":""dp"",""pastParticiple"":""biased""}","[""cet6""]",10727,B2,HARD,ecdict
unreliable,unreliable,.ʌnri'laiәbl,,"[""a.""]","[{""pos"":""a."",""zh"":""不可靠的"",""en"":""a. not worthy of reliance or trust""},{""pos"":"""",""zh"":""[法] 不可靠的, 靠不住的"",""en"":""s. lacking a sense of responsibility""}]","{""plural"":""unreliables""}","[""cet6""]",10731,B2,HARD,ecdict
transient,transient,'trænziәnt,,"[""n."",""a.""]","[{""pos"":""n."",""zh"":""瞬, 短期居留者, 过境鸟, 瞬变现象"",""en"":""n. one who stays for only a short time""},{""pos"":""a."",""zh"":""短暂的, 易变的, 瞬变的, 路过的"",""en"":""n. (physics) a short-lived oscillation in a system caused by a sudden change of voltage or current or load""},{""pos"":"""",""zh"":""[计] 瞬变过程; 过渡过程; 过渡的; 瞬变的; 瞬时峰值电压"",""en"":""""}]","{""plural"":""transients""}","[""cet6""]",10735,B2,HARD,ecdict
rejoice,rejoice,ri'dʒɒis,,"[""vt."",""vi.""]","[{""pos"":""vt."",""zh"":""使欢喜"",""en"":""v. feel happiness or joy""},{""pos"":""vi."",""zh"":""欣喜, 高兴, 庆祝"",""en"":""""}]","{""presentParticiple"":""rejoicing"",""past"":""rejoiced"",""thirdPerson"":""rejoices"",""pastParticiple"":""rejoiced""}","[""cet4"",""cet6""]",10736,B2,HARD,ecdict
propulsion,propulsion,prә'pʌlʃәn,,"[""n.""]","[{""pos"":""n."",""zh"":""推进, 推进力"",""en"":""n. a propelling force""},{""pos"":"""",""zh"":""[医] 前冲, 慌张步态"",""en"":""n. the act of propelling""}]",{},"[""cet6""]",10762,B2,HARD,ecdict
recurrence,recurrence,ri'kʌrәns,,"[""n.""]","[{""pos"":""n."",""zh"":""再现, 再发生, 反复, 循环"",""en"":""n. happening again (especially at regular intervals)""},{""pos"":"""",""zh"":""[医] 复发, 再发"",""en"":""""}]","{""plural"":""recurrences""}","[""cet6""]",10768,B2,HARD,ecdict
saucer,saucer,'sɒ:sә,,"[""n.""]","[{""pos"":""n."",""zh"":""茶碟, 茶托"",""en"":""n. a small shallow dish for holding a cup at the table""},{""pos"":"""",""zh"":""[医] 碟"",""en"":""""}]","{""plural"":""saucers""}","[""cet4"",""cet6""]",10769,B2,HARD,ecdict
nominal,nominal,'nɒminl,,"[""a."",""n.""]","[{""pos"":""a."",""zh"":""名义上的, 名字的, 有名无实的, 稍许的"",""en"":""a. relating to or constituting or bearing or giving a name""},{""pos"":""n."",""zh"":""名词性词"",""en"":""s. insignificantly small; a matter of form only (`tokenish' is informal)""}]","{""plural"":""nominals""}","[""cet6""]",10783,B2,HARD,ecdict
exceedingly,exceedingly,ik'si:diŋli,,"[""adv.""]","[{""pos"":""adv."",""zh"":""极端地, 极度地, 非常"",""en"":""r to an extreme degree""}]",{},"[""cet4"",""cet6""]",10807,B2,HARD,ecdict
thirst,thirst,θә:st,,"[""n."",""vi.""]","[{""pos"":""n."",""zh"":""口渴, 渴望"",""en"":""n. a physiological need to drink""},{""pos"":""vi."",""zh"":""口渴, 渴望"",""en"":""v. feel the need to drink""}]","{""presentParticiple"":""thirsting"",""plural"":""thirsts"",""past"":""thirsted"",""thirdPerson"":""thirsts"",""pastParticiple"":""thirsted""}","[""cet4"",""cet6""]",10813,B2,HARD,ecdict
tame,tame,teim,,"[""a."",""vt."",""vi.""]","[{""pos"":""a."",""zh"":""驯服的, 柔顺的, 被开垦的, 顺从的, 乏味的, 平淡的"",""en"":""v. correct by punishment or discipline""},{""pos"":""vt."",""zh"":""驯养, 驯服, 制服, 失去锋芒"",""en"":""s. flat and uninspiring""},{""pos"":""vi."",""zh"":""变得驯服"",""en"":""a. very restrained or quiet""}]","{""pastParticiple"":""tamed"",""presentParticiple"":""taming"",""past"":""tamed"",""comparative"":""tamer"",""thirdPerson"":""tames""}","[""cet4"",""cet6""]",10816,B2,HARD,ecdict
learned,learned,'lә:nid,,"[""a.""]","[{""pos"":""a."",""zh"":""有学问的, 学术上的"",""en"":""v gain knowledge or skills""},{""pos"":"""",""zh"":""learn的过去式和过去分词"",""en"":""v get to know or become aware of, usually accidentally""}]","{""lemmaOf"":""learn"",""lemma"":""dp"",""past"":""learned"",""pastParticiple"":""learned""}","[""cet4"",""cet6""]",10842,B2,HARD,ecdict
noted,noted,'nәutid,,"[""a.""]","[{""pos"":""a."",""zh"":""著名的, 显著的, 扬名的"",""en"":""s. worthy of notice or attention""}]","{""lemmaOf"":""note"",""lemma"":""dp"",""pastParticiple"":""noted"",""past"":""noted""}","[""cet6""]",10860,B2,HARD,ecdict
boiler,boiler,'bɒilә,,"[""n.""]","[{""pos"":""n."",""zh"":""煮器, 汽锅, 锅炉"",""en"":""n. sealed vessel where water is converted to steam""},{""pos"":"""",""zh"":""[化] 锅炉"",""en"":""""}]","{""plural"":""boilers"",""past"":""boilered""}","[""cet6""]",10861,B2,HARD,ecdict
penetration,penetration,.peni'treiʃәn,,"[""n.""]","[{""pos"":""n."",""zh"":""穿透, 渗透, 侵入, 识穿, 洞察(力)"",""en"":""n. an attack that penetrates into enemy territory""},{""pos"":"""",""zh"":""[化] 渗入"",""en"":""n. clear or deep perception of a situation""}]","{""plural"":""penetrations""}","[""cet6""]",10864,B2,HARD,ecdict
unjust,unjust,.ʌn'dʒʌst,,"[""a.""]","[{""pos"":""a."",""zh"":""不公平的"",""en"":""a. violating principles of justice""},{""pos"":"""",""zh"":""[法] 不公正的人; 不公正的, 不公平的, 不合理的"",""en"":""""}]",{},"[""cet4"",""cet6""]",10866,B2,HARD,ecdict
narration,narration,nә'reiʃәn,,"[""n.""]","[{""pos"":""n."",""zh"":""叙述, 故事, 叙述文"",""en"":""n. the act of giving an account describing incidents or a course of events""},{""pos"":"""",""zh"":""[法] 陈诉, 原告陈述者事实"",""en"":""n. (rhetoric) the second section of an oration in which the facts are set forth""}]","{""plural"":""narrations""}","[""cet6""]",10868,B2,HARD,ecdict
strife,strife,straif,,"[""n.""]","[{""pos"":""n."",""zh"":""争吵, 竞争, 冲突"",""en"":""n. bitter conflict; heated often violent dissension""}]",{},"[""cet6""]",10875,B2,HARD,ecdict
gutter,gutter,'gʌtә,,"[""n."",""vt."",""vi.""]","[{""pos"":""n."",""zh"":""排水沟, 槽, 贫民区"",""en"":""n. a channel along the eaves or on the roof; collects and carries away rainwater""},{""pos"":""vt."",""zh"":""开沟于"",""en"":""n. misfortune resulting in lost effort or money""},{""pos"":""vi."",""zh"":""流"",""en"":""n. a worker who guts things (fish or buildings or cars etc.)""},{""pos"":"""",""zh"":""[计] 装订线"",""en"":""n. a tool for gutting fish""}]","{""plural"":""gutters"",""past"":""guttered"",""presentParticiple"":""guttering"",""thirdPerson"":""gutters"",""pastParticiple"":""guttered""}","[""cet6""]",10884,B2,HARD,ecdict
delusion,delusion,di'lu:ʒәn,,"[""n.""]","[{""pos"":""n."",""zh"":""迷惑, 欺瞒, 错觉"",""en"":""n. (psychology) an erroneous belief that is held in the face of evidence to the contrary""},{""pos"":"""",""zh"":""[医] 妄想"",""en"":""n. a mistaken or unfounded opinion or idea""}]","{""plural"":""delusions""}","[""cet6""]",10894,B2,HARD,ecdict
synthesize,synthesize,'sinθisaiz,,"[""v.""]","[{""pos"":""v."",""zh"":""综合, 合成"",""en"":""v. combine so as to form a more complex, product""}]","{""pastParticiple"":""synthesized"",""past"":""synthesized"",""presentParticiple"":""synthesizing"",""thirdPerson"":""synthesizes"",""comparative"":""synthesizer""}","[""cet6""]",10905,B2,HARD,ecdict
solidify,solidify,sә'lidifai,,"[""v.""]","[{""pos"":""v."",""zh"":""(使)凝固, (使)团结, 巩固"",""en"":""v. make solid or more solid; cause to solidify""}]","{""presentParticiple"":""solidifying"",""thirdPerson"":""solidifies"",""past"":""solidified"",""pastParticiple"":""solidified""}","[""cet6""]",10906,B2,HARD,ecdict
ascribe,ascribe,ә'skraib,,"[""vt.""]","[{""pos"":""vt."",""zh"":""归因于, 归咎于"",""en"":""v attribute or credit to""},{""pos"":"""",""zh"":""[法] 归咎于"",""en"":""""}]","{""pastParticiple"":""ascribed"",""presentParticiple"":""ascribing"",""thirdPerson"":""ascribes"",""past"":""ascribed"",""plural"":""ascribes""}","[""cet4"",""cet6""]",10907,B2,HARD,ecdict
pane,pane,pein,,"[""n."",""vt.""]","[{""pos"":""n."",""zh"":""窗玻璃, 方框, 方格, 窗格"",""en"":""n. sheet glass cut in shapes for windows or doors""},{""pos"":""vt."",""zh"":""嵌窗玻璃于"",""en"":""""},{""pos"":"""",""zh"":""[计] 窗格"",""en"":""""}]","{""plural"":""panes""}","[""cet4"",""cet6""]",10912,B2,HARD,ecdict
rouse,rouse,rauz,,"[""n."",""vt."",""vi.""]","[{""pos"":""n."",""zh"":""觉醒, 奋起, 干杯"",""en"":""v become active""},{""pos"":""vt."",""zh"":""唤醒, 鼓舞, 激动, 使振奋, 惊起"",""en"":""v force or drive out""},{""pos"":""vi."",""zh"":""醒来, 奋起"",""en"":""v cause to be agitated, excited, or roused""}]","{""pastParticiple"":""roused"",""past"":""roused"",""presentParticiple"":""rousing"",""thirdPerson"":""rouses""}","[""cet4"",""cet6""]",10921,B2,HARD,ecdict
eject,eject,i'dʒekt,,"[""vt.""]","[{""pos"":""vt."",""zh"":""逐放, 放逐, 喷射"",""en"":""v. put out or expel from a place""},{""pos"":"""",""zh"":""[化] 排出"",""en"":""v. leave an aircraft rapidly, using an ejection seat or capsule""}]","{""pastParticiple"":""ejected"",""past"":""ejected"",""presentParticiple"":""ejecting"",""thirdPerson"":""ejects""}","[""cet6""]",10924,B2,HARD,ecdict
sincerity,sincerity,sin'serәti,,"[""n.""]","[{""pos"":""n."",""zh"":""诚实, 真实, 诚心诚意"",""en"":""n. the quality of being open and truthful; not deceitful or hypocritical""}]","{""plural"":""sincerities""}","[""cet6""]",10928,B2,HARD,ecdict
marshal,marshal,'mɑ:ʃәl,,"[""n."",""vt."",""vi.""]","[{""pos"":""n."",""zh"":""元帅, 陆空军高级将官, 典礼官, 执法官"",""en"":""n. a law officer having duties similar to those of a sheriff in carrying out the judgments of a court of law""},{""pos"":""vt."",""zh"":""整理, 引领, 统率"",""en"":""n. (in some countries) a military officer of highest rank""},{""pos"":""vi."",""zh"":""排列, 各就各位"",""en"":""v. place in proper rank""}]","{""past"":""marshalled"",""pastParticiple"":""marshalled"",""plural"":""marshals"",""presentParticiple"":""marshalling"",""thirdPerson"":""marshals""}","[""cet6""]",10929,B2,HARD,ecdict
undesirable,undesirable,.ʌndi'zaiәrәbl,,"[""a.""]","[{""pos"":""a."",""zh"":""不受欢迎的, 不合乎社会道德标准的"",""en"":""n. one whose presence is undesirable""},{""pos"":"""",""zh"":""[法] 不受欢迎的人, 不良份子, 不法份子"",""en"":""a. not wanted""}]","{""plural"":""undesirables""}","[""cet6""]",10932,B2,HARD,ecdict
infancy,infancy,'infәnsi,,"[""n.""]","[{""pos"":""n."",""zh"":""幼年, 初期, 幼儿期"",""en"":""n. the early stage of growth or development""},{""pos"":"""",""zh"":""[医] 婴儿期(一足岁以内)"",""en"":""n. the earliest state of immaturity""}]",{},"[""cet6""]",10935,B2,HARD,ecdict
mute,mute,mju:t,,"[""n."",""a."",""vt."",""vi.""]","[{""pos"":""n."",""zh"":""哑子, 哑音字母, 弱音器"",""en"":""n. a deaf person who is unable to speak""},{""pos"":""a."",""zh"":""哑的, 无声的, 沉默的"",""en"":""n. a device used to soften the tone of a musical instrument""},{""pos"":""vt."",""zh"":""减弱...的声音"",""en"":""s. expressed without speech""},{""pos"":""vi."",""zh"":""排泄"",""en"":""""}]","{""plural"":""mutes"",""presentParticiple"":""muting"",""pastParticiple"":""muted"",""thirdPerson"":""mutes"",""past"":""muted""}","[""cet4"",""cet6""]",10937,B2,HARD,ecdict
dormitory,dormitory,'dɒ:mitәri,,"[""n.""]","[{""pos"":""n."",""zh"":""宿舍"",""en"":""n. a college or university building containing living quarters for students""}]","{""plural"":""dormitories""}","[""cet4"",""cet6""]",10947,B2,HARD,ecdict
hassle,hassle,'hæsl,,"[""n."",""vi."",""vt.""]","[{""pos"":""n."",""zh"":""激烈而持久的争论"",""en"":""n. disorderly fighting""},{""pos"":""vi."",""zh"":""争论"",""en"":""""},{""pos"":""vt."",""zh"":""与...争辩, 使烦恼"",""en"":""""}]","{""plural"":""hassles"",""pastParticiple"":""hassled"",""presentParticiple"":""hassling"",""past"":""hassled"",""thirdPerson"":""hassles""}","[""cet6""]",10953,B2,HARD,ecdict
metabolic,metabolic,.metә'bɒlik,,"[""a.""]","[{""pos"":""a."",""zh"":""变化的, 变形的, 新陈代谢的"",""en"":""a. of or relating to metabolism""},{""pos"":"""",""zh"":""[医] [新陈]代谢的"",""en"":""a. undergoing metamorphosis""}]",{},"[""cet6""]",10967,B2,HARD,ecdict
infinitely,infinitely,'infinitli,,"[""adv.""]","[{""pos"":""adv."",""zh"":""无限地, 无数地, 庞大地"",""en"":""r. continuing forever without end""}]",{},"[""cet6""]",10970,B2,HARD,ecdict
upwards,upwards,'ʌpwәdz,,"[""adv.""]","[{""pos"":""adv."",""zh"":""以上, 向上"",""en"":""r spatially or metaphorically from a lower to a higher position""}]",{},"[""cet4"",""cet6""]",10989,B2,HARD,ecdict
shabby,shabby,'ʃæbi,,"[""a.""]","[{""pos"":""a."",""zh"":""衣衫褴褛的, 低劣的, 破旧的, 吝啬的, 卑鄙的"",""en"":""s. mean and unworthy and despicable""}]","{""comparative"":""shabbier"",""superlative"":""shabbiest""}","[""cet6""]",10996,B2,HARD,ecdict
censor,censor,'sensә,,"[""n."",""vt.""]","[{""pos"":""n."",""zh"":""检查员"",""en"":""n. someone who censures or condemns""},{""pos"":""vt."",""zh"":""检查, 审查, 删改"",""en"":""n. a person who is authorized to read publications or correspondence or to watch theatrical performances and suppress in whole or in part anything considered obscene or politically unacceptable""}]","{""plural"":""censors"",""pastParticiple"":""censored"",""thirdPerson"":""censors"",""past"":""censored"",""presentParticiple"":""censoring""}","[""cet6""]",10997,B2,HARD,ecdict
disable,disable,dis'eibl,,"[""vt.""]","[{""pos"":""vt."",""zh"":""使失去能力, 使残废, (律)使无资格"",""en"":""v. make unable to perform a certain action""},{""pos"":"""",""zh"":""[计] 使无效, 禁止, 关闭"",""en"":""v. injure permanently""}]","{""pastParticiple"":""disabled"",""past"":""disabled"",""presentParticiple"":""disabling"",""thirdPerson"":""disables""}","[""cet4"",""cet6""]",11005,B2,HARD,ecdict
throng,throng,θrɒ:ŋ,,"[""n."",""a."",""vi."",""vt.""]","[{""pos"":""n."",""zh"":""群, 人群, 群集, 众多"",""en"":""v. press tightly together or cram""},{""pos"":""a."",""zh"":""拥挤的"",""en"":""""},{""pos"":""vi."",""zh"":""群集, 蜂拥"",""en"":""""},{""pos"":""vt."",""zh"":""在...群集, 使拥塞"",""en"":""""}]","{""pastParticiple"":""thronged"",""past"":""thronged"",""presentParticiple"":""thronging"",""plural"":""throngs"",""thirdPerson"":""throngs""}","[""cet4"",""cet6""]",11014,B2,HARD,ecdict
scoff,scoff,skɒf,,"[""n."",""v.""]","[{""pos"":""n."",""zh"":""嘲笑, 愚弄, 笑柄, 食品"",""en"":""v. treat with contemptuous disregard""},{""pos"":""v."",""zh"":""嘲笑, 嘲弄, 贪吃, 狼吞虎咽地吃"",""en"":""""}]","{""past"":""scoffed"",""pastParticiple"":""scoffed"",""presentParticiple"":""scoffing"",""thirdPerson"":""scoffs"",""plural"":""scoffs""}","[""cet6""]",11015,B2,HARD,ecdict
treasurer,treasurer,'treʒәrә,,"[""n.""]","[{""pos"":""n."",""zh"":""会计, 出纳员, 司库"",""en"":""n. an officer charged with receiving and disbursing funds""},{""pos"":"""",""zh"":""[经] 司库, 财务主任, 财政大臣"",""en"":""""}]","{""plural"":""treasurers""}","[""cet6""]",11019,B2,HARD,ecdict
optimum,optimum,'ɒptimәm,,"[""n."",""a.""]","[{""pos"":""n."",""zh"":""最适条件, 最佳效果"",""en"":""n. most favorable conditions or greatest degree or amount possible under given circumstances""},{""pos"":""a."",""zh"":""最优的, 最适宜的"",""en"":""s. most desirable possible under a restriction expressed or implied""}]",{},"[""cet6""]",11020,B2,HARD,ecdict
renaissance,renaissance,ri'neisәns,,"[""n."",""a.""]","[{""pos"":""n."",""zh"":""复活, 复兴, 文艺复兴"",""en"":""n. the period of European history at the close of the Middle Ages and the rise of the modern world; a cultural rebirth from the 14th through the middle of the 17th centuries""},{""pos"":""a."",""zh"":""文艺复兴的"",""en"":""""}]",{},"[""cet6""]",11032,B2,HARD,ecdict
shrewd,shrewd,ʃru:d,,"[""a.""]","[{""pos"":""a."",""zh"":""精明的, 锐利的, 剧烈的, 机灵的, 厉害的"",""en"":""s marked by practical hardheaded intelligence""}]","{""comparative"":""shrewder"",""superlative"":""shrewdest""}","[""cet6""]",11036,B2,HARD,ecdict
idealism,idealism,ai'diәlizm,,"[""n.""]","[{""pos"":""n."",""zh"":""唯心主义, 观念论, 唯心论, 理想主义"",""en"":""n. (philosophy) the philosophical theory that ideas are the only reality""}]","{""plural"":""idealisms""}","[""cet6""]",11045,B2,HARD,ecdict
magistrate,magistrate,'mædʒistreit,,"[""n.""]","[{""pos"":""n."",""zh"":""长官, 法官, 推事"",""en"":""n. a lay judge or civil authority who administers the law (especially one who conducts a court dealing with minor offenses)""},{""pos"":"""",""zh"":""[法] 司法行政官, 治安法官, 地方法官"",""en"":""""}]","{""plural"":""magistrates""}","[""cet6""]",11049,B2,HARD,ecdict
burglar,burglar,'bә:glә,,"[""n.""]","[{""pos"":""n."",""zh"":""窃贼"",""en"":""n. a thief who enters a building with intent to steal""},{""pos"":"""",""zh"":""[法] 夜盗, 窃贼, 盗窃者"",""en"":""""}]","{""plural"":""burglars""}","[""cet6""]",11050,B2,HARD,ecdict
bristle,bristle,'brisl,,"[""n."",""vi."",""vt.""]","[{""pos"":""n."",""zh"":""刚毛, 猪鬃"",""en"":""n. a stiff fiber (coarse hair or filament); natural or synthetic""},{""pos"":""vi."",""zh"":""直立, 发怒, 充满"",""en"":""n. a stiff hair""},{""pos"":""vt."",""zh"":""使直立"",""en"":""v. rise up as in fear""}]","{""plural"":""bristles"",""presentParticiple"":""bristling"",""past"":""bristled"",""thirdPerson"":""bristles"",""pastParticiple"":""bristled""}","[""cet4"",""cet6""]",11066,B2,HARD,ecdict
locality,locality,lәu'kæliti,,"[""n.""]","[{""pos"":""n."",""zh"":""地方, 所在, 位置"",""en"":""n a surrounding or nearby region""},{""pos"":"""",""zh"":""[法] 位置, 场所, 地区"",""en"":""""}]","{""plural"":""localities""}","[""cet6""]",11068,B2,HARD,ecdict
prerequisite,prerequisite,pri:'rekwizit,,"[""a."",""n.""]","[{""pos"":""a."",""zh"":""先决条件的, 必要的"",""en"":""n. something that is required in advance""},{""pos"":""n."",""zh"":""先决条件, 必备条件"",""en"":""s. required as a prior condition or course of study""}]","{""plural"":""prerequisites""}","[""cet6""]",11079,B2,HARD,ecdict
shortcut,shortcut,'ʃɒ:tkʌt,,"[""n.""]","[{""pos"":""n."",""zh"":""捷径, 最短路线"",""en"":""n. a route shorter than the usual one""},{""pos"":"""",""zh"":""[计] 快捷方式"",""en"":""""}]","{""plural"":""shortcuts""}","[""cet6""]",11087,B2,HARD,ecdict
antisocial,antisocial,.ænti'sәuʃәl,,[],"[{""pos"":"""",""zh"":""不爱社交的, 反社会的, 有害于公众利益的"",""en"":""s. shunning contact with others; just shy\""""},{""pos"":"""",""zh"":""[医] 不喜社交的"",""en"":""s. hostile to or disruptive of normal standards of social behavior""}]",{},"[""cet6""]",11089,B2,HARD,ecdict
baron,baron,'bærәn,,"[""n.""]","[{""pos"":""n."",""zh"":""男爵"",""en"":""n. a nobleman (in various countries) of varying rank""},{""pos"":"""",""zh"":""[法] 男爵, 贵族, 大王"",""en"":""n. a British peer of the lowest rank""}]","{""plural"":""barons""}","[""cet6""]",11092,B2,HARD,ecdict
refute,refute,ri'fju:t. ri:-,,"[""vt.""]","[{""pos"":""vt."",""zh"":""反驳, 驳斥；驳倒"",""en"":""v. overthrow by argument, evidence, or proof""}]","{""pastParticiple"":""refuted"",""past"":""refuted"",""thirdPerson"":""refutes"",""presentParticiple"":""refuting"",""plural"":""refutes""}","[""cet4"",""cet6""]",11103,B2,HARD,ecdict
sympathize,sympathize,'simpәθaiz,,"[""vi.""]","[{""pos"":""vi."",""zh"":""同情, 怜悯, 同意, 体谅"",""en"":""v. share the feelings of; understand the sentiments of""}]","{""past"":""sympathized"",""thirdPerson"":""sympathizes"",""pastParticiple"":""sympathized"",""presentParticiple"":""sympathizing""}","[""cet4"",""cet6""]",11121,B2,HARD,ecdict
biotech,biotech,'baɪəʊtek,,"[""n.""]","[{""pos"":""n."",""zh"":""生物技术"",""en"":""n the branch of molecular biology that studies the use of microorganisms to perform specific industrial processes""}]",{},"[""cet6""]",11124,B2,HARD,ecdict
stillness,stillness,'stilnis,,"[""n.""]","[{""pos"":""n."",""zh"":""静止, 沉静"",""en"":""n. calmness without winds""}]","{""plural"":""stillnesses""}","[""cet6""]",11128,B2,HARD,ecdict
pastime,pastime,'pæstaim,,"[""n.""]","[{""pos"":""n."",""zh"":""消遣, 娱乐, 游戏"",""en"":""n. a diversion that occupies one's time and thoughts (usually pleasantly)""}]","{""plural"":""pastimes""}","[""cet4"",""cet6""]",11138,B2,HARD,ecdict
submerge,submerge,sәb'mә:dʒ,,"[""vt."",""vi.""]","[{""pos"":""vt."",""zh"":""使浸水, 使陷入, 淹没"",""en"":""v. sink below the surface; go under or as if under water""},{""pos"":""vi."",""zh"":""潜入水中"",""en"":""v. cover completely or make imperceptible""}]","{""pastParticiple"":""submerged"",""presentParticiple"":""submerging"",""past"":""submerged"",""thirdPerson"":""submerges"",""plural"":""submerges""}","[""cet4"",""cet6""]",11140,B2,HARD,ecdict
saturate,saturate,'sætʃәreit,,"[""vt."",""a."",""n.""]","[{""pos"":""vt."",""zh"":""使渗透, 浸透, 使充满, 使饱和"",""en"":""v. cause (a chemical compound, vapour, solution, magnetic material) to unite with the greatest possible amount of another substance""},{""pos"":""a."",""zh"":""浸透的, 饱和度高的, 深颜色的"",""en"":""""},{""pos"":""n."",""zh"":""饱和化合物, 饱和脂肪酸"",""en"":""""}]","{""pastParticiple"":""saturated"",""presentParticiple"":""saturating"",""thirdPerson"":""saturates"",""past"":""saturated"",""plural"":""saturates""}","[""cet6""]",11157,B2,HARD,ecdict
thorn,thorn,θɒ:n,,"[""n.""]","[{""pos"":""n."",""zh"":""刺, 棘, 荆棘"",""en"":""n. a Germanic character of runic origin""}]","{""plural"":""thorns"",""presentParticiple"":""thorning"",""past"":""thorned""}","[""cet4"",""cet6""]",11159,B2,HARD,ecdict
uniformly,uniformly,'ju:nifɔ:mli,,"[""adv.""]","[{""pos"":""adv."",""zh"":""一样, 一致, 相同, 一直不变, 一贯, 始终如一, 均质, 一律, 均匀"",""en"":""r. in a uniform manner""},{""pos"":"""",""zh"":""[计] 均匀地"",""en"":""""}]",{},"[""cet6""]",11160,B2,HARD,ecdict
pebble,pebble,'pebl,,"[""n.""]","[{""pos"":""n."",""zh"":""小圆石, 小鹅卵石, 水晶透镜, 碎石花纹"",""en"":""n. a small smooth rounded rock""},{""pos"":"""",""zh"":""[医] 小石"",""en"":""""}]","{""plural"":""pebbles""}","[""cet4"",""cet6""]",11162,B2,HARD,ecdict
Arabian,arabian,ә'reibiәn,,"[""a.""]","[{""pos"":""a."",""zh"":""阿拉伯的, 阿拉伯人的"",""en"":""n. a spirited graceful and intelligent riding horse native to Arabia""}]","{""plural"":""arabians""}","[""cet4"",""cet6""]",11172,B2,HARD,ecdict
inward,inward,'inwәd,,"[""a.""]","[{""pos"":""a."",""zh"":""内心的, 向内的, 本来的"",""en"":""a. relating to or existing in the mind or thoughts""},{""pos"":"""",""zh"":""[医] 向内的"",""en"":""r. toward the center or interior""}]",{},"[""cet4"",""cet6""]",11176,B2,HARD,ecdict
quarrel,quarrel,'kwɒrәl,,"[""n."",""vi.""]","[{""pos"":""n."",""zh"":""吵架, 反目, 怨言, 方头凿"",""en"":""n. an angry dispute""},{""pos"":""vi."",""zh"":""吵架, 争论, 挑剔"",""en"":""n. an arrow that is shot from a crossbow; has a head with four edges""}]","{""plural"":""quarrels"",""past"":""quarrelled"",""presentParticiple"":""quarrelling"",""pastParticiple"":""quarrelled"",""thirdPerson"":""quarrels""}","[""cet4"",""cet6""]",11177,B2,HARD,ecdict
homogeneous,homogeneous,.hәumә'dʒi:niәs,,"[""a.""]","[{""pos"":""a."",""zh"":""同种的, 同质的, 齐性的"",""en"":""a. all of the same or similar kind or nature""},{""pos"":"""",""zh"":""[医] 同种的, 纯一的, 同质的, 均匀的"",""en"":""""}]",{},"[""cet6""]",11195,B2,HARD,ecdict
repel,repel,ri'pel,,"[""vt."",""vi.""]","[{""pos"":""vt."",""zh"":""逐退, 抵制, 使厌恶, 抗御"",""en"":""v. cause to move back by force or influence""},{""pos"":""vi."",""zh"":""使厌恶, 相互排斥"",""en"":""v. be repellent to; cause aversion in""}]","{""pastParticiple"":""repelled"",""past"":""repelled"",""presentParticiple"":""repelling"",""thirdPerson"":""repels""}","[""cet6""]",11198,B2,HARD,ecdict
infinity,infinity,in'finiti,,"[""n.""]","[{""pos"":""n."",""zh"":""无限大, 无限"",""en"":""n time without end""},{""pos"":"""",""zh"":""[计] 无穷"",""en"":""""}]","{""plural"":""infinities""}","[""cet6""]",11224,B2,HARD,ecdict
delicacy,delicacy,'delikәsi,,"[""n.""]","[{""pos"":""n."",""zh"":""细软, 精致, 精美的食品, 娇气, 微妙, 棘手, 娇弱, 灵敏, 灵巧"",""en"":""n. refined taste; tact""}]","{""plural"":""delicacies""}","[""cet6""]",11228,B2,HARD,ecdict
inland,inland,'inlәnd,,"[""a."",""n.""]","[{""pos"":""a."",""zh"":""内陆的, 国内的"",""en"":""a. situated away from an area's coast or border""},{""pos"":""n."",""zh"":""内地"",""en"":""r. towards or into the interior of a region""}]",{},"[""cet6""]",11233,B2,HARD,ecdict
further,further,'fә:ðә,,"[""a."",""vt."",""adv.""]","[{""pos"":""a."",""zh"":""更远的, 此外的, 更多的"",""en"":""s. more distant in especially degree""},{""pos"":""vt."",""zh"":""促进, 增进, 助长"",""en"":""r. to or at a greater extent or degree or a more advanced stage (`further' is used more often than `farther' in this abstract sense)""},{""pos"":""adv."",""zh"":""更进一步地, 更远地, 此外"",""en"":""r. in addition or furthermore; further, they should be here already\""""}]","{""lemmaOf"":""far"",""lemma"":""r"",""presentParticiple"":""furthering"",""pastParticiple"":""furthered"",""past"":""furthered"",""thirdPerson"":""furthers""}","[""cet4"",""cet6""]",11239,B2,HARD,ecdict
insistent,insistent,in'sistәnt,,"[""a.""]","[{""pos"":""a."",""zh"":""坚持的, 迫切的"",""en"":""s. repetitive and persistent""}]",{},"[""cet6""]",11246,B2,HARD,ecdict
economical,economical,.i:kә'nɒmikәl,,"[""a.""]","[{""pos"":""a."",""zh"":""节俭的, 经济的, 合算的"",""en"":""s. avoiding waste""},{""pos"":"""",""zh"":""[经] 经济的, 节约的"",""en"":""""}]",{},"[""cet4"",""cet6""]",11250,B2,HARD,ecdict
graphite,graphite,'græfait,,"[""n.""]","[{""pos"":""n."",""zh"":""石墨"",""en"":""n. used as a lubricant and as a moderator in nuclear reactors""},{""pos"":"""",""zh"":""[化] 石墨"",""en"":""""}]","{""plural"":""graphites""}","[""cet6""]",11261,B2,HARD,ecdict
masculinity,masculinity,.mæskju'liniti,,"[""n.""]","[{""pos"":""n."",""zh"":""男子气, 刚毅, 大丈夫气概"",""en"":""n. the trait of behaving in ways considered typical for men""},{""pos"":"""",""zh"":""[医] 男子本性, 男性"",""en"":""""}]","{""plural"":""masculinities""}","[""cet6""]",11274,B2,HARD,ecdict
deduct,deduct,di'dʌkt,,"[""vt.""]","[{""pos"":""vt."",""zh"":""扣除, 减去"",""en"":""v make a subtraction""},{""pos"":"""",""zh"":""[经] 扣除, 减去, 折扣"",""en"":""v retain and refrain from disbursing; of payments""}]","{""pastParticiple"":""deducted"",""presentParticiple"":""deducting"",""past"":""deducted"",""thirdPerson"":""deducts""}","[""cet6""]",11281,B2,HARD,ecdict
astonishment,astonishment,ә'stɒniʃmәnt,,"[""n.""]","[{""pos"":""n."",""zh"":""惊异, 惊愕, 使人惊异的事物"",""en"":""n. the feeling that accompanies something extremely surprising""}]","{""plural"":""astonishments""}","[""cet6""]",11297,B2,HARD,ecdict
trample,trample,'træmpl,,"[""n."",""v.""]","[{""pos"":""n."",""zh"":""践踏(声), 蹂躏"",""en"":""n. the sound of heavy treading or stomping""},{""pos"":""v."",""zh"":""践踏, 无视"",""en"":""v. injure by trampling or as if by trampling""}]","{""pastParticiple"":""trampled"",""presentParticiple"":""trampling"",""past"":""trampled"",""thirdPerson"":""tramples"",""plural"":""tramples""}","[""cet6""]",11298,B2,HARD,ecdict
timid,timid,'timid,,"[""a.""]","[{""pos"":""a."",""zh"":""胆小的, 羞怯的"",""en"":""n. people who are fearful and cautious""}]",{},"[""cet4"",""cet6""]",11301,B2,HARD,ecdict
symposium,symposium,sim'pәuziәm,,"[""n.""]","[{""pos"":""n."",""zh"":""讨论会, 座谈会, 专题报告会, 专题论文集"",""en"":""n. a meeting or conference for the public discussion of some topic especially one in which the participants form an audience and make presentations""}]","{""plural"":""symposiums""}","[""cet6""]",11312,B2,HARD,ecdict
vulgar,vulgar,'vʌlgә,,"[""a.""]","[{""pos"":""a."",""zh"":""粗俗的, 庸俗的, 普通的, 通俗的, 方言的"",""en"":""s lacking refinement or cultivation or taste""},{""pos"":"""",""zh"":""[法] 庸俗的, 卑下的, 粗俗的"",""en"":""s of or associated with the great masses of people""}]",{},"[""cet6""]",11317,B2,HARD,ecdict
slit,slit,slit,,"[""n."",""vt."",""vi.""]","[{""pos"":""n."",""zh"":""裂缝, 投币口, 狭长裂口"",""en"":""n. a long narrow opening""},{""pos"":""vt."",""zh"":""切开, 扯裂, 使有狭缝"",""en"":""n. a narrow fissure""},{""pos"":""vi."",""zh"":""纵切, 纵裂"",""en"":""v. make a clean cut through""}]","{""plural"":""slits"",""pastParticiple"":""slit"",""lemmaOf"":""slit"",""lemma"":""dp"",""past"":""slit"",""presentParticiple"":""slitting"",""thirdPerson"":""slits""}","[""cet4"",""cet6""]",11326,B2,HARD,ecdict
kernel,kernel,'kә:nl,,"[""n.""]","[{""pos"":""n."",""zh"":""核心, 中心, 精髓, 内核"",""en"":""n. the inner and usually edible part of a seed or grain or nut or fruit stone""},{""pos"":"""",""zh"":""[计] 内核"",""en"":""n. a single whole grain of a cereal""}]","{""plural"":""kernels"",""thirdPerson"":""kernels""}","[""cet6""]",11338,B2,HARD,ecdict
grace,grace,greis,,"[""n."",""vt.""]","[{""pos"":""n."",""zh"":""优雅, 风度, 慈悲, 恩惠, 体面, 赦免, 恩典, 谢恩祷告"",""en"":""n. (Christian theology) a state of sanctification by God; the state of one who is under such divine influence""},{""pos"":""vt."",""zh"":""使优美"",""en"":""n. elegance and beauty of movement or expression""}]","{""pastParticiple"":""graced"",""plural"":""graces"",""past"":""graced"",""presentParticiple"":""gracing"",""thirdPerson"":""graces""}","[""cet4"",""cet6""]",11346,B2,HARD,ecdict
yolk,yolk,jәuk,,"[""n.""]","[{""pos"":""n."",""zh"":""蛋黄, 卵黄"",""en"":""n. nutritive material of an ovum stored for the nutrition of an embryo (especially the yellow mass of a bird or reptile egg)""},{""pos"":"""",""zh"":""[医] 卵黄, 羊毛脂"",""en"":""""}]","{""plural"":""yolks"",""thirdPerson"":""yolks"",""pastParticiple"":""yolked""}","[""cet6""]",11348,B2,HARD,ecdict
primate,primate,'praimit,,"[""n.""]","[{""pos"":""n."",""zh"":""大主教, 灵长目动物"",""en"":""n. any placental mammal of the order Primates; has good eyesight and flexible hands and feet""},{""pos"":"""",""zh"":""[医] 灵长类"",""en"":""""}]","{""plural"":""primates""}","[""cet6""]",11355,B2,HARD,ecdict
immortal,immortal,i'mɒ:tәl,,"[""n."",""a.""]","[{""pos"":""n."",""zh"":""不朽人物, 神仙"",""en"":""n. a person (such as an author) of enduring fame""},{""pos"":""a."",""zh"":""永远的, 不死的, 长久的"",""en"":""a. not subject to death""}]","{""plural"":""immortals""}","[""cet6""]",11365,B2,HARD,ecdict
assertive,assertive,ә'sә:tiv,,"[""a.""]","[{""pos"":""a."",""zh"":""武断的, 过分自信的"",""en"":""a. aggressively self-assured""},{""pos"":"""",""zh"":""[法] 断言的"",""en"":""""}]",{},"[""cet6""]",11368,B2,HARD,ecdict
arithmetic,arithmetic,ә'riθmәtik,,"[""n.""]","[{""pos"":""n."",""zh"":""算术, 算术知识"",""en"":""n. the branch of pure mathematics dealing with the theory of numerical calculations""},{""pos"":"""",""zh"":""[机] 算术; 算术的"",""en"":""""}]","{""plural"":""arithmetics""}","[""cet4"",""cet6""]",11378,B2,HARD,ecdict
maternity,maternity,mә'tә:niti,,"[""n."",""a.""]","[{""pos"":""n."",""zh"":""母性, 怀孕, 妇产科医院"",""en"":""n the state of being pregnant; the period from conception to birth when a woman carries a developing fetus in her uterus""},{""pos"":""a."",""zh"":""产妇的"",""en"":""n the kinship relation between an offspring and the mother""}]","{""plural"":""maternities""}","[""cet6""]",11382,B2,HARD,ecdict
rainforest,rainforest,'rein'fɔrist,,[],"[{""pos"":"""",""zh"":""[生态]雨林"",""en"":""n a forest with heavy annual rainfall""}]","{""plural"":""rainforests""}","[""cet6""]",11383,B2,HARD,ecdict
measurable,measurable,'meʒәrәbl,,"[""a.""]","[{""pos"":""a."",""zh"":""可测量的, 不久的, 重要的"",""en"":""a. capable of being measured""}]",{},"[""cet4"",""cet6""]",11403,B2,HARD,ecdict
liter,liter,'li:tә,,"[""n.""]","[{""pos"":""n."",""zh"":""公升"",""en"":""n. a metric unit of capacity, formerly defined as the volume of one kilogram of pure water under standard conditions; now equal to 1,000 cubic centimeters (or approximately 1.75 pints)""},{""pos"":"""",""zh"":""[化] 升"",""en"":""""}]",{},"[""cet4"",""cet6""]",11406,B2,HARD,ecdict
quarterly,quarterly,'kwɔ:tәli,,"[""a."",""adv."",""n.""]","[{""pos"":""a."",""zh"":""季度的, 按季度的, 每季的"",""en"":""n. a periodical that is published every quarter (or four issues per year)""},{""pos"":""adv."",""zh"":""按季, 每三个月, 每季一次"",""en"":""a. of or relating to or consisting of a quarter""},{""pos"":""n."",""zh"":""季刊"",""en"":""r. in diagonally opposed quarters of an escutcheon""}]","{""plural"":""quarterlies""}","[""cet4"",""cet6""]",11417,B2,HARD,ecdict
